bom_id,bom_code,parent_item_id,component_item_id,component_name,component_category,specification,quantity_per_unit,uom,scrap_factor_percent,production_stage,effective_from,effective_to,status,remarks,created_at,updated_at
1,BOM-FG001-001,100,16,Aluminium Housing,Mechanical Components,ADC12 Die Cast Housing,1.000,No,0.50,Final Motor Assembly,2025-01-01,,Active,Imported from EV_Motor_BOMs_BLDC_PMSM.xlsx sheet BLDC_1.5kW,2025-01-01 09:00:00,2025-01-01 09:00:00
2,BOM-FG001-002,100,19,Front End Cover,Mechanical Components,ADC12 Aluminium,1.000,No,0.50,Final Motor Assembly,2025-01-01,,Active,Imported from EV_Motor_BOMs_BLDC_PMSM.xlsx sheet BLDC_1.5kW,2025-01-01 09:00:00,2025-01-01 09:00:00
3,BOM-FG001-003,100,20,Rear End Cover,Mechanical Components,ADC12 Aluminium,1.000,No,0.50,Final Motor Assembly,2025-01-01,,Active,Imported from EV_Motor_BOMs_BLDC_PMSM.xlsx sheet BLDC_1.5kW,2025-01-01 09:00:00,2025-01-01 09:00:00
4,BOM-FG001-004,100,78,Internal Circlip,Fasteners,DIN 472,1.000,No,0.50,Final Motor Assembly,2025-01-01,,Active,Imported from EV_Motor_BOMs_BLDC_PMSM.xlsx sheet BLDC_1.5kW,2025-01-01 09:00:00,2025-01-01 09:00:00
5,BOM-FG001-005,100,79,External Circlip,Fasteners,DIN 471,1.000,No,0.50,Final Motor Assembly,2025-01-01,,Active,Imported from EV_Motor_BOMs_BLDC_PMSM.xlsx sheet BLDC_1.5kW,2025-01-01 09:00:00,2025-01-01 09:00:00
6,BOM-FG001-006,100,26,O-Ring,Sealing Components,Nitrile Rubber,1.000,No,0.50,Final Motor Assembly,2025-01-01,,Active,Imported from EV_Motor_BOMs_BLDC_PMSM.xlsx sheet BLDC_1.5kW,2025-01-01 09:00:00,2025-01-01 09:00:00
7,BOM-FG001-007,100,27,Oil Seal,Sealing Components,NBR,1.000,No,0.50,Final Motor Assembly,2025-01-01,,Active,Imported from EV_Motor_BOMs_BLDC_PMSM.xlsx sheet BLDC_1.5kW,2025-01-01 09:00:00,2025-01-01 09:00:00
8,BOM-FG001-008,100,32,Phase Lead Wire,Electrical Components,2.5 mm² Silicone Cable,3.000,m,2.00,Final Motor Assembly,2025-01-01,,Active,Imported from EV_Motor_BOMs_BLDC_PMSM.xlsx sheet BLDC_1.5kW,2025-01-01 09:00:00,2025-01-01 09:00:00
9,BOM-FG001-009,100,35,Terminal Block,Electrical Components,3 Phase,1.000,No,2.00,Final Motor Assembly,2025-01-01,,Active,Imported from EV_Motor_BOMs_BLDC_PMSM.xlsx sheet BLDC_1.5kW,2025-01-01 09:00:00,2025-01-01 09:00:00
10,BOM-FG001-010,100,38,Terminal Lug,Electrical Components,Copper Tinned,3.000,No,2.00,Final Motor Assembly,2025-01-01,,Active,Imported from EV_Motor_BOMs_BLDC_PMSM.xlsx sheet BLDC_1.5kW,2025-01-01 09:00:00,2025-01-01 09:00:00
11,BOM-FG001-011,100,58,Phase Insulation Paper,Insulation Materials,Class H,24.000,No,1.50,Final Motor Assembly,2025-01-01,,Active,Imported from EV_Motor_BOMs_BLDC_PMSM.xlsx sheet BLDC_1.5kW,2025-01-01 09:00:00,2025-01-01 09:00:00
12,BOM-FG001-012,100,60,Heat Shrink Sleeve,Insulation Materials,Ø6 mm,0.500,m,1.50,Final Motor Assembly,2025-01-01,,Active,Imported from EV_Motor_BOMs_BLDC_PMSM.xlsx sheet BLDC_1.5kW,2025-01-01 09:00:00,2025-01-01 09:00:00
13,BOM-FG001-013,100,39,Hall Sensor,Electronic Components,A3144 or Equivalent,3.000,No,0.50,Testing,2025-01-01,,Active,Imported from EV_Motor_BOMs_BLDC_PMSM.xlsx sheet BLDC_1.5kW,2025-01-01 09:00:00,2025-01-01 09:00:00
14,BOM-FG001-014,100,40,Hall Sensor PCB,Electronic Components,FR4 PCB,1.000,No,0.50,Testing,2025-01-01,,Active,Imported from EV_Motor_BOMs_BLDC_PMSM.xlsx sheet BLDC_1.5kW,2025-01-01 09:00:00,2025-01-01 09:00:00
15,BOM-FG001-015,100,45,Motor Connector,Electronic Components,IP67 Connector,1.000,No,0.50,Final Motor Assembly,2025-01-01,,Active,Imported from EV_Motor_BOMs_BLDC_PMSM.xlsx sheet BLDC_1.5kW,2025-01-01 09:00:00,2025-01-01 09:00:00
16,BOM-FG001-016,100,47,Wiring Harness,Electronic Components,Automotive Grade,1.000,Set,0.50,Final Motor Assembly,2025-01-01,,Active,Imported from EV_Motor_BOMs_BLDC_PMSM.xlsx sheet BLDC_1.5kW,2025-01-01 09:00:00,2025-01-01 09:00:00
17,BOM-FG001-017,100,49,Cable Gland,Electronic Components,PG9 Nylon,1.000,No,0.50,Final Motor Assembly,2025-01-01,,Active,Imported from EV_Motor_BOMs_BLDC_PMSM.xlsx sheet BLDC_1.5kW,2025-01-01 09:00:00,2025-01-01 09:00:00
18,BOM-FG001-018,100,52,Cable Tie,Electronic Components,"Nylon, 150 mm",5.000,No,0.50,Final Motor Assembly,2025-01-01,,Active,Imported from EV_Motor_BOMs_BLDC_PMSM.xlsx sheet BLDC_1.5kW,2025-01-01 09:00:00,2025-01-01 09:00:00
19,BOM-FG001-019,100,63,Hex Bolt,Fasteners,"M5 × 20 mm, Grade 8.8",8.000,No,0.50,Final Motor Assembly,2025-01-01,,Active,Imported from EV_Motor_BOMs_BLDC_PMSM.xlsx sheet BLDC_1.5kW,2025-01-01 09:00:00,2025-01-01 09:00:00
20,BOM-FG001-020,100,66,Hex Nut,Fasteners,"M5, Grade 8",8.000,No,0.50,Final Motor Assembly,2025-01-01,,Active,Imported from EV_Motor_BOMs_BLDC_PMSM.xlsx sheet BLDC_1.5kW,2025-01-01 09:00:00,2025-01-01 09:00:00
21,BOM-FG001-021,100,69,Flat Washer,Fasteners,M5 SS304,8.000,No,0.50,Final Motor Assembly,2025-01-01,,Active,Imported from EV_Motor_BOMs_BLDC_PMSM.xlsx sheet BLDC_1.5kW,2025-01-01 09:00:00,2025-01-01 09:00:00
22,BOM-FG001-022,100,72,Spring Washer,Fasteners,M5 Spring Steel,8.000,No,0.50,Final Motor Assembly,2025-01-01,,Active,Imported from EV_Motor_BOMs_BLDC_PMSM.xlsx sheet BLDC_1.5kW,2025-01-01 09:00:00,2025-01-01 09:00:00
23,BOM-FG001-023,100,75,Dowel Pin,Fasteners,Ø5 × 20 mm,2.000,No,0.50,Final Motor Assembly,2025-01-01,,Active,Imported from EV_Motor_BOMs_BLDC_PMSM.xlsx sheet BLDC_1.5kW,2025-01-01 09:00:00,2025-01-01 09:00:00
24,BOM-FG001-024,100,81,Epoxy Adhesive,Consumables,High Strength,30.000,g,3.00,Final Motor Assembly,2025-01-01,,Active,Imported from EV_Motor_BOMs_BLDC_PMSM.xlsx sheet BLDC_1.5kW,2025-01-01 09:00:00,2025-01-01 09:00:00
25,BOM-FG001-025,100,82,Thread Locker,Consumables,Medium Strength,5.000,ml,3.00,Final Motor Assembly,2025-01-01,,Active,Imported from EV_Motor_BOMs_BLDC_PMSM.xlsx sheet BLDC_1.5kW,2025-01-01 09:00:00,2025-01-01 09:00:00
26,BOM-FG001-026,100,84,Cleaning Solvent,Consumables,IPA,100.000,ml,3.00,Final Motor Assembly,2025-01-01,,Active,Imported from EV_Motor_BOMs_BLDC_PMSM.xlsx sheet BLDC_1.5kW,2025-01-01 09:00:00,2025-01-01 09:00:00
27,BOM-FG001-027,100,85,Solder Wire,Consumables,Sn60/Pb40,10.000,g,3.00,Final Motor Assembly,2025-01-01,,Active,Imported from EV_Motor_BOMs_BLDC_PMSM.xlsx sheet BLDC_1.5kW,2025-01-01 09:00:00,2025-01-01 09:00:00
28,BOM-FG001-028,100,86,Flux,Consumables,No-Clean,5.000,g,3.00,Final Motor Assembly,2025-01-01,,Active,Imported from EV_Motor_BOMs_BLDC_PMSM.xlsx sheet BLDC_1.5kW,2025-01-01 09:00:00,2025-01-01 09:00:00
29,BOM-FG001-029,100,87,Silicone Sealant,Consumables,RTV,10.000,g,3.00,Final Motor Assembly,2025-01-01,,Active,Imported from EV_Motor_BOMs_BLDC_PMSM.xlsx sheet BLDC_1.5kW,2025-01-01 09:00:00,2025-01-01 09:00:00
30,BOM-FG001-030,100,94,Aluminium Nameplate,Identification & Documentation,Laser Engraved,1.000,No,0.50,Packing,2025-01-01,,Active,Imported from EV_Motor_BOMs_BLDC_PMSM.xlsx sheet BLDC_1.5kW,2025-01-01 09:00:00,2025-01-01 09:00:00
31,BOM-FG001-031,100,95,QR Code Label,Identification & Documentation,Polyester,1.000,No,0.50,Packing,2025-01-01,,Active,Imported from EV_Motor_BOMs_BLDC_PMSM.xlsx sheet BLDC_1.5kW,2025-01-01 09:00:00,2025-01-01 09:00:00
32,BOM-FG001-032,100,96,Rating Sticker,Identification & Documentation,Polyester,1.000,No,0.50,Packing,2025-01-01,,Active,Imported from EV_Motor_BOMs_BLDC_PMSM.xlsx sheet BLDC_1.5kW,2025-01-01 09:00:00,2025-01-01 09:00:00
33,BOM-FG001-033,100,97,Inspection Sticker,Identification & Documentation,QC Approved,1.000,No,0.50,Packing,2025-01-01,,Active,Imported from EV_Motor_BOMs_BLDC_PMSM.xlsx sheet BLDC_1.5kW,2025-01-01 09:00:00,2025-01-01 09:00:00
34,BOM-FG001-034,100,88,Corrugated Carton Box,Packaging Materials,5-Ply,1.000,No,1.00,Packing,2025-01-01,,Active,Imported from EV_Motor_BOMs_BLDC_PMSM.xlsx sheet BLDC_1.5kW,2025-01-01 09:00:00,2025-01-01 09:00:00
35,BOM-FG001-035,100,89,Foam Insert,Packaging Materials,EPE Foam,2.000,No,1.00,Packing,2025-01-01,,Active,Imported from EV_Motor_BOMs_BLDC_PMSM.xlsx sheet BLDC_1.5kW,2025-01-01 09:00:00,2025-01-01 09:00:00
36,BOM-FG001-036,100,90,Bubble Wrap,Packaging Materials,300 × 300 mm,1.000,Sheet,1.00,Packing,2025-01-01,,Active,Imported from EV_Motor_BOMs_BLDC_PMSM.xlsx sheet BLDC_1.5kW,2025-01-01 09:00:00,2025-01-01 09:00:00
37,BOM-FG001-037,100,91,Poly Bag,Packaging Materials,LDPE,1.000,No,1.00,Packing,2025-01-01,,Active,Imported from EV_Motor_BOMs_BLDC_PMSM.xlsx sheet BLDC_1.5kW,2025-01-01 09:00:00,2025-01-01 09:00:00
38,BOM-FG001-038,100,92,Packing Tape,Packaging Materials,"BOPP, 48 mm",1.000,m,1.00,Packing,2025-01-01,,Active,Imported from EV_Motor_BOMs_BLDC_PMSM.xlsx sheet BLDC_1.5kW,2025-01-01 09:00:00,2025-01-01 09:00:00
39,BOM-FG001-039,100,93,Silica Gel Pouch,Packaging Materials,10 g,1.000,No,1.00,Packing,2025-01-01,,Active,Imported from EV_Motor_BOMs_BLDC_PMSM.xlsx sheet BLDC_1.5kW,2025-01-01 09:00:00,2025-01-01 09:00:00
40,BOM-FG001-040,100,98,User Manual,Identification & Documentation,A5 Printed,1.000,No,0.50,Packing,2025-01-01,,Active,Imported from EV_Motor_BOMs_BLDC_PMSM.xlsx sheet BLDC_1.5kW,2025-01-01 09:00:00,2025-01-01 09:00:00
41,BOM-FG001-041,100,99,Warranty Card,Identification & Documentation,Printed,1.000,No,0.50,Packing,2025-01-01,,Active,Imported from EV_Motor_BOMs_BLDC_PMSM.xlsx sheet BLDC_1.5kW,2025-01-01 09:00:00,2025-01-01 09:00:00
42,BOM-FG002-042,101,17,Aluminium Housing,Mechanical Components,ADC12 Die Cast Housing,1.000,No,0.50,Final Motor Assembly,2025-01-01,,Active,Imported from EV_Motor_BOMs_BLDC_PMSM.xlsx sheet PMSM_3kW,2025-01-01 09:00:00,2025-01-01 09:00:00
43,BOM-FG002-043,101,19,Front End Cover,Mechanical Components,ADC12 Aluminium,1.000,No,0.50,Final Motor Assembly,2025-01-01,,Active,Imported from EV_Motor_BOMs_BLDC_PMSM.xlsx sheet PMSM_3kW,2025-01-01 09:00:00,2025-01-01 09:00:00
44,BOM-FG002-044,101,20,Rear End Cover,Mechanical Components,ADC12 Aluminium,1.000,No,0.50,Final Motor Assembly,2025-01-01,,Active,Imported from EV_Motor_BOMs_BLDC_PMSM.xlsx sheet PMSM_3kW,2025-01-01 09:00:00,2025-01-01 09:00:00
45,BOM-FG002-045,101,78,Internal Circlip,Fasteners,DIN 472,2.000,No,0.50,Final Motor Assembly,2025-01-01,,Active,Imported from EV_Motor_BOMs_BLDC_PMSM.xlsx sheet PMSM_3kW,2025-01-01 09:00:00,2025-01-01 09:00:00
46,BOM-FG002-046,101,79,External Circlip,Fasteners,DIN 471,2.000,No,0.50,Final Motor Assembly,2025-01-01,,Active,Imported from EV_Motor_BOMs_BLDC_PMSM.xlsx sheet PMSM_3kW,2025-01-01 09:00:00,2025-01-01 09:00:00
47,BOM-FG002-047,101,26,O-Ring,Sealing Components,Nitrile Rubber,2.000,No,0.50,Final Motor Assembly,2025-01-01,,Active,Imported from EV_Motor_BOMs_BLDC_PMSM.xlsx sheet PMSM_3kW,2025-01-01 09:00:00,2025-01-01 09:00:00
48,BOM-FG002-048,101,27,Oil Seal,Sealing Components,NBR,1.000,No,0.50,Final Motor Assembly,2025-01-01,,Active,Imported from EV_Motor_BOMs_BLDC_PMSM.xlsx sheet PMSM_3kW,2025-01-01 09:00:00,2025-01-01 09:00:00
49,BOM-FG002-049,101,33,Phase Lead Wire,Electrical Components,4 mm² Silicone Cable,4.000,m,2.00,Final Motor Assembly,2025-01-01,,Active,Imported from EV_Motor_BOMs_BLDC_PMSM.xlsx sheet PMSM_3kW,2025-01-01 09:00:00,2025-01-01 09:00:00
50,BOM-FG002-050,101,35,Terminal Block,Electrical Components,3 Phase Heavy Duty,1.000,No,2.00,Final Motor Assembly,2025-01-01,,Active,Imported from EV_Motor_BOMs_BLDC_PMSM.xlsx sheet PMSM_3kW,2025-01-01 09:00:00,2025-01-01 09:00:00
51,BOM-FG002-051,101,38,Terminal Lug,Electrical Components,Copper Tinned,3.000,No,2.00,Final Motor Assembly,2025-01-01,,Active,Imported from EV_Motor_BOMs_BLDC_PMSM.xlsx sheet PMSM_3kW,2025-01-01 09:00:00,2025-01-01 09:00:00
52,BOM-FG002-052,101,58,Phase Insulation Paper,Insulation Materials,Class H,36.000,No,1.50,Final Motor Assembly,2025-01-01,,Active,Imported from EV_Motor_BOMs_BLDC_PMSM.xlsx sheet PMSM_3kW,2025-01-01 09:00:00,2025-01-01 09:00:00
53,BOM-FG002-053,101,61,Heat Shrink Sleeve,Insulation Materials,Ø8 mm,0.800,m,1.50,Final Motor Assembly,2025-01-01,,Active,Imported from EV_Motor_BOMs_BLDC_PMSM.xlsx sheet PMSM_3kW,2025-01-01 09:00:00,2025-01-01 09:00:00
54,BOM-FG002-054,101,41,Resolver / Encoder,Electronic Components,Incremental Resolver,1.000,No,0.50,Testing,2025-01-01,,Active,Imported from EV_Motor_BOMs_BLDC_PMSM.xlsx sheet PMSM_3kW,2025-01-01 09:00:00,2025-01-01 09:00:00
55,BOM-FG002-055,101,43,Temperature Sensor,Electronic Components,NTC Thermistor,1.000,No,0.50,Testing,2025-01-01,,Active,Imported from EV_Motor_BOMs_BLDC_PMSM.xlsx sheet PMSM_3kW,2025-01-01 09:00:00,2025-01-01 09:00:00
56,BOM-FG002-056,101,45,Motor Connector,Electronic Components,IP67 Heavy Duty,1.000,No,0.50,Final Motor Assembly,2025-01-01,,Active,Imported from EV_Motor_BOMs_BLDC_PMSM.xlsx sheet PMSM_3kW,2025-01-01 09:00:00,2025-01-01 09:00:00
57,BOM-FG002-057,101,47,Wiring Harness,Electronic Components,Automotive Grade,1.000,Set,0.50,Final Motor Assembly,2025-01-01,,Active,Imported from EV_Motor_BOMs_BLDC_PMSM.xlsx sheet PMSM_3kW,2025-01-01 09:00:00,2025-01-01 09:00:00
58,BOM-FG002-058,101,50,Cable Gland,Electronic Components,PG11 Nylon,1.000,No,0.50,Final Motor Assembly,2025-01-01,,Active,Imported from EV_Motor_BOMs_BLDC_PMSM.xlsx sheet PMSM_3kW,2025-01-01 09:00:00,2025-01-01 09:00:00
59,BOM-FG002-059,101,53,Cable Tie,Electronic Components,"Nylon, 200 mm",6.000,No,0.50,Final Motor Assembly,2025-01-01,,Active,Imported from EV_Motor_BOMs_BLDC_PMSM.xlsx sheet PMSM_3kW,2025-01-01 09:00:00,2025-01-01 09:00:00
60,BOM-FG002-060,101,65,Hex Bolt,Fasteners,"M6 × 25 mm, Grade 8.8",10.000,No,0.50,Final Motor Assembly,2025-01-01,,Active,Imported from EV_Motor_BOMs_BLDC_PMSM.xlsx sheet PMSM_3kW,2025-01-01 09:00:00,2025-01-01 09:00:00
61,BOM-FG002-061,101,67,Hex Nut,Fasteners,"M6, Grade 8",10.000,No,0.50,Final Motor Assembly,2025-01-01,,Active,Imported from EV_Motor_BOMs_BLDC_PMSM.xlsx sheet PMSM_3kW,2025-01-01 09:00:00,2025-01-01 09:00:00
62,BOM-FG002-062,101,70,Flat Washer,Fasteners,M6 SS304,10.000,No,0.50,Final Motor Assembly,2025-01-01,,Active,Imported from EV_Motor_BOMs_BLDC_PMSM.xlsx sheet PMSM_3kW,2025-01-01 09:00:00,2025-01-01 09:00:00
63,BOM-FG002-063,101,73,Spring Washer,Fasteners,M6 Spring Steel,10.000,No,0.50,Final Motor Assembly,2025-01-01,,Active,Imported from EV_Motor_BOMs_BLDC_PMSM.xlsx sheet PMSM_3kW,2025-01-01 09:00:00,2025-01-01 09:00:00
64,BOM-FG002-064,101,76,Dowel Pin,Fasteners,Ø6 × 25 mm,2.000,No,0.50,Final Motor Assembly,2025-01-01,,Active,Imported from EV_Motor_BOMs_BLDC_PMSM.xlsx sheet PMSM_3kW,2025-01-01 09:00:00,2025-01-01 09:00:00
65,BOM-FG002-065,101,81,Epoxy Adhesive,Consumables,High Strength,45.000,g,3.00,Final Motor Assembly,2025-01-01,,Active,Imported from EV_Motor_BOMs_BLDC_PMSM.xlsx sheet PMSM_3kW,2025-01-01 09:00:00,2025-01-01 09:00:00
66,BOM-FG002-066,101,82,Thread Locker,Consumables,Medium Strength,8.000,ml,3.00,Final Motor Assembly,2025-01-01,,Active,Imported from EV_Motor_BOMs_BLDC_PMSM.xlsx sheet PMSM_3kW,2025-01-01 09:00:00,2025-01-01 09:00:00
67,BOM-FG002-067,101,84,Cleaning Solvent,Consumables,IPA,150.000,ml,3.00,Final Motor Assembly,2025-01-01,,Active,Imported from EV_Motor_BOMs_BLDC_PMSM.xlsx sheet PMSM_3kW,2025-01-01 09:00:00,2025-01-01 09:00:00
68,BOM-FG002-068,101,85,Solder Wire,Consumables,Sn60/Pb40,15.000,g,3.00,Final Motor Assembly,2025-01-01,,Active,Imported from EV_Motor_BOMs_BLDC_PMSM.xlsx sheet PMSM_3kW,2025-01-01 09:00:00,2025-01-01 09:00:00
69,BOM-FG002-069,101,86,Flux,Consumables,No-Clean,8.000,g,3.00,Final Motor Assembly,2025-01-01,,Active,Imported from EV_Motor_BOMs_BLDC_PMSM.xlsx sheet PMSM_3kW,2025-01-01 09:00:00,2025-01-01 09:00:00
70,BOM-FG002-070,101,87,Silicone Sealant,Consumables,RTV,15.000,g,3.00,Final Motor Assembly,2025-01-01,,Active,Imported from EV_Motor_BOMs_BLDC_PMSM.xlsx sheet PMSM_3kW,2025-01-01 09:00:00,2025-01-01 09:00:00
71,BOM-FG002-071,101,94,Aluminium Nameplate,Identification & Documentation,Laser Engraved,1.000,No,0.50,Packing,2025-01-01,,Active,Imported from EV_Motor_BOMs_BLDC_PMSM.xlsx sheet PMSM_3kW,2025-01-01 09:00:00,2025-01-01 09:00:00
72,BOM-FG002-072,101,95,QR Code Label,Identification & Documentation,Polyester,1.000,No,0.50,Packing,2025-01-01,,Active,Imported from EV_Motor_BOMs_BLDC_PMSM.xlsx sheet PMSM_3kW,2025-01-01 09:00:00,2025-01-01 09:00:00
73,BOM-FG002-073,101,96,Rating Sticker,Identification & Documentation,Polyester,1.000,No,0.50,Packing,2025-01-01,,Active,Imported from EV_Motor_BOMs_BLDC_PMSM.xlsx sheet PMSM_3kW,2025-01-01 09:00:00,2025-01-01 09:00:00
74,BOM-FG002-074,101,97,Inspection Sticker,Identification & Documentation,QC Approved,1.000,No,0.50,Packing,2025-01-01,,Active,Imported from EV_Motor_BOMs_BLDC_PMSM.xlsx sheet PMSM_3kW,2025-01-01 09:00:00,2025-01-01 09:00:00
75,BOM-FG002-075,101,88,Corrugated Carton Box,Packaging Materials,7-Ply,1.000,No,1.00,Packing,2025-01-01,,Active,Imported from EV_Motor_BOMs_BLDC_PMSM.xlsx sheet PMSM_3kW,2025-01-01 09:00:00,2025-01-01 09:00:00
76,BOM-FG002-076,101,89,Foam Insert,Packaging Materials,EPE Foam,2.000,No,1.00,Packing,2025-01-01,,Active,Imported from EV_Motor_BOMs_BLDC_PMSM.xlsx sheet PMSM_3kW,2025-01-01 09:00:00,2025-01-01 09:00:00
77,BOM-FG002-077,101,90,Bubble Wrap,Packaging Materials,Heavy Duty,1.000,Sheet,1.00,Packing,2025-01-01,,Active,Imported from EV_Motor_BOMs_BLDC_PMSM.xlsx sheet PMSM_3kW,2025-01-01 09:00:00,2025-01-01 09:00:00
78,BOM-FG002-078,101,91,Poly Bag,Packaging Materials,LDPE,1.000,No,1.00,Packing,2025-01-01,,Active,Imported from EV_Motor_BOMs_BLDC_PMSM.xlsx sheet PMSM_3kW,2025-01-01 09:00:00,2025-01-01 09:00:00
79,BOM-FG002-079,101,92,Packing Tape,Packaging Materials,"BOPP, 48 mm",1.200,m,1.00,Packing,2025-01-01,,Active,Imported from EV_Motor_BOMs_BLDC_PMSM.xlsx sheet PMSM_3kW,2025-01-01 09:00:00,2025-01-01 09:00:00
80,BOM-FG002-080,101,93,Silica Gel Pouch,Packaging Materials,20 g,1.000,No,1.00,Packing,2025-01-01,,Active,Imported from EV_Motor_BOMs_BLDC_PMSM.xlsx sheet PMSM_3kW,2025-01-01 09:00:00,2025-01-01 09:00:00
81,BOM-FG002-081,101,98,User Manual,Identification & Documentation,A5 Printed,1.000,No,0.50,Packing,2025-01-01,,Active,Imported from EV_Motor_BOMs_BLDC_PMSM.xlsx sheet PMSM_3kW,2025-01-01 09:00:00,2025-01-01 09:00:00
82,BOM-FG002-082,101,99,Warranty Card,Identification & Documentation,Printed,1.000,No,0.50,Packing,2025-01-01,,Active,Imported from EV_Motor_BOMs_BLDC_PMSM.xlsx sheet PMSM_3kW,2025-01-01 09:00:00,2025-01-01 09:00:00
83,BOM-FG003-083,102,18,Aluminium Housing,Mechanical Components,ADC12 Heavy Duty Die Cast,1.000,No,0.50,Final Motor Assembly,2025-01-01,,Active,Imported from EV_Motor_BOMs_BLDC_PMSM.xlsx sheet PMSM_7.5kW,2025-01-01 09:00:00,2025-01-01 09:00:00
84,BOM-FG003-084,102,19,Front End Cover,Mechanical Components,ADC12 Aluminium,1.000,No,0.50,Final Motor Assembly,2025-01-01,,Active,Imported from EV_Motor_BOMs_BLDC_PMSM.xlsx sheet PMSM_7.5kW,2025-01-01 09:00:00,2025-01-01 09:00:00
85,BOM-FG003-085,102,20,Rear End Cover,Mechanical Components,ADC12 Aluminium,1.000,No,0.50,Final Motor Assembly,2025-01-01,,Active,Imported from EV_Motor_BOMs_BLDC_PMSM.xlsx sheet PMSM_7.5kW,2025-01-01 09:00:00,2025-01-01 09:00:00
86,BOM-FG003-086,102,78,Internal Circlip,Fasteners,DIN 472,2.000,No,0.50,Final Motor Assembly,2025-01-01,,Active,Imported from EV_Motor_BOMs_BLDC_PMSM.xlsx sheet PMSM_7.5kW,2025-01-01 09:00:00,2025-01-01 09:00:00
87,BOM-FG003-087,102,79,External Circlip,Fasteners,DIN 471,2.000,No,0.50,Final Motor Assembly,2025-01-01,,Active,Imported from EV_Motor_BOMs_BLDC_PMSM.xlsx sheet PMSM_7.5kW,2025-01-01 09:00:00,2025-01-01 09:00:00
88,BOM-FG003-088,102,26,O-Ring,Sealing Components,Nitrile Rubber,2.000,No,0.50,Final Motor Assembly,2025-01-01,,Active,Imported from EV_Motor_BOMs_BLDC_PMSM.xlsx sheet PMSM_7.5kW,2025-01-01 09:00:00,2025-01-01 09:00:00
89,BOM-FG003-089,102,27,Oil Seal,Sealing Components,Heavy Duty NBR,2.000,No,0.50,Final Motor Assembly,2025-01-01,,Active,Imported from EV_Motor_BOMs_BLDC_PMSM.xlsx sheet PMSM_7.5kW,2025-01-01 09:00:00,2025-01-01 09:00:00
90,BOM-FG003-090,102,34,Phase Lead Wire,Electrical Components,10 mm² Silicone Cable,5.000,m,2.00,Final Motor Assembly,2025-01-01,,Active,Imported from EV_Motor_BOMs_BLDC_PMSM.xlsx sheet PMSM_7.5kW,2025-01-01 09:00:00,2025-01-01 09:00:00
91,BOM-FG003-091,102,35,Terminal Block,Electrical Components,Industrial 3 Phase,1.000,No,2.00,Final Motor Assembly,2025-01-01,,Active,Imported from EV_Motor_BOMs_BLDC_PMSM.xlsx sheet PMSM_7.5kW,2025-01-01 09:00:00,2025-01-01 09:00:00
92,BOM-FG003-092,102,38,Terminal Lug,Electrical Components,Copper Tinned,3.000,No,2.00,Final Motor Assembly,2025-01-01,,Active,Imported from EV_Motor_BOMs_BLDC_PMSM.xlsx sheet PMSM_7.5kW,2025-01-01 09:00:00,2025-01-01 09:00:00
93,BOM-FG003-093,102,58,Phase Insulation Paper,Insulation Materials,Class H,48.000,No,1.50,Final Motor Assembly,2025-01-01,,Active,Imported from EV_Motor_BOMs_BLDC_PMSM.xlsx sheet PMSM_7.5kW,2025-01-01 09:00:00,2025-01-01 09:00:00
94,BOM-FG003-094,102,62,Heat Shrink Sleeve,Insulation Materials,Ø12 mm,1.000,m,1.50,Final Motor Assembly,2025-01-01,,Active,Imported from EV_Motor_BOMs_BLDC_PMSM.xlsx sheet PMSM_7.5kW,2025-01-01 09:00:00,2025-01-01 09:00:00
95,BOM-FG003-095,102,41,Resolver / Encoder,Electronic Components,High Precision Resolver,1.000,No,0.50,Testing,2025-01-01,,Active,Imported from EV_Motor_BOMs_BLDC_PMSM.xlsx sheet PMSM_7.5kW,2025-01-01 09:00:00,2025-01-01 09:00:00
96,BOM-FG003-096,102,43,Temperature Sensor,Electronic Components,PT100,2.000,No,0.50,Testing,2025-01-01,,Active,Imported from EV_Motor_BOMs_BLDC_PMSM.xlsx sheet PMSM_7.5kW,2025-01-01 09:00:00,2025-01-01 09:00:00
97,BOM-FG003-097,102,46,Motor Connector,Electronic Components,IP68 Heavy Duty,1.000,No,0.50,Final Motor Assembly,2025-01-01,,Active,Imported from EV_Motor_BOMs_BLDC_PMSM.xlsx sheet PMSM_7.5kW,2025-01-01 09:00:00,2025-01-01 09:00:00
98,BOM-FG003-098,102,47,Wiring Harness,Electronic Components,Industrial Grade,1.000,Set,0.50,Final Motor Assembly,2025-01-01,,Active,Imported from EV_Motor_BOMs_BLDC_PMSM.xlsx sheet PMSM_7.5kW,2025-01-01 09:00:00,2025-01-01 09:00:00
99,BOM-FG003-099,102,51,Cable Gland,Electronic Components,PG16 Brass,1.000,No,0.50,Final Motor Assembly,2025-01-01,,Active,Imported from EV_Motor_BOMs_BLDC_PMSM.xlsx sheet PMSM_7.5kW,2025-01-01 09:00:00,2025-01-01 09:00:00
100,BOM-FG003-100,102,54,Cable Tie,Electronic Components,"Nylon, 250 mm",8.000,No,0.50,Final Motor Assembly,2025-01-01,,Active,Imported from EV_Motor_BOMs_BLDC_PMSM.xlsx sheet PMSM_7.5kW,2025-01-01 09:00:00,2025-01-01 09:00:00
101,BOM-FG003-101,102,65,Hex Bolt,Fasteners,"M8 × 35 mm, Grade 10.9",12.000,No,0.50,Final Motor Assembly,2025-01-01,,Active,Imported from EV_Motor_BOMs_BLDC_PMSM.xlsx sheet PMSM_7.5kW,2025-01-01 09:00:00,2025-01-01 09:00:00
102,BOM-FG003-102,102,68,Hex Nut,Fasteners,"M8, Grade 10",12.000,No,0.50,Final Motor Assembly,2025-01-01,,Active,Imported from EV_Motor_BOMs_BLDC_PMSM.xlsx sheet PMSM_7.5kW,2025-01-01 09:00:00,2025-01-01 09:00:00
103,BOM-FG003-103,102,71,Flat Washer,Fasteners,M8 SS304,12.000,No,0.50,Final Motor Assembly,2025-01-01,,Active,Imported from EV_Motor_BOMs_BLDC_PMSM.xlsx sheet PMSM_7.5kW,2025-01-01 09:00:00,2025-01-01 09:00:00
104,BOM-FG003-104,102,74,Spring Washer,Fasteners,M8 Spring Steel,12.000,No,0.50,Final Motor Assembly,2025-01-01,,Active,Imported from EV_Motor_BOMs_BLDC_PMSM.xlsx sheet PMSM_7.5kW,2025-01-01 09:00:00,2025-01-01 09:00:00
105,BOM-FG003-105,102,77,Dowel Pin,Fasteners,Ø8 × 30 mm,2.000,No,0.50,Final Motor Assembly,2025-01-01,,Active,Imported from EV_Motor_BOMs_BLDC_PMSM.xlsx sheet PMSM_7.5kW,2025-01-01 09:00:00,2025-01-01 09:00:00
106,BOM-FG003-106,102,81,Epoxy Adhesive,Consumables,High Strength,80.000,g,3.00,Final Motor Assembly,2025-01-01,,Active,Imported from EV_Motor_BOMs_BLDC_PMSM.xlsx sheet PMSM_7.5kW,2025-01-01 09:00:00,2025-01-01 09:00:00
107,BOM-FG003-107,102,82,Thread Locker,Consumables,High Strength,10.000,ml,3.00,Final Motor Assembly,2025-01-01,,Active,Imported from EV_Motor_BOMs_BLDC_PMSM.xlsx sheet PMSM_7.5kW,2025-01-01 09:00:00,2025-01-01 09:00:00
108,BOM-FG003-108,102,84,Cleaning Solvent,Consumables,IPA,250.000,ml,3.00,Final Motor Assembly,2025-01-01,,Active,Imported from EV_Motor_BOMs_BLDC_PMSM.xlsx sheet PMSM_7.5kW,2025-01-01 09:00:00,2025-01-01 09:00:00
109,BOM-FG003-109,102,85,Solder Wire,Consumables,Sn60/Pb40,20.000,g,3.00,Final Motor Assembly,2025-01-01,,Active,Imported from EV_Motor_BOMs_BLDC_PMSM.xlsx sheet PMSM_7.5kW,2025-01-01 09:00:00,2025-01-01 09:00:00
110,BOM-FG003-110,102,86,Flux,Consumables,No-Clean,10.000,g,3.00,Final Motor Assembly,2025-01-01,,Active,Imported from EV_Motor_BOMs_BLDC_PMSM.xlsx sheet PMSM_7.5kW,2025-01-01 09:00:00,2025-01-01 09:00:00
111,BOM-FG003-111,102,87,Silicone Sealant,Consumables,RTV,20.000,g,3.00,Final Motor Assembly,2025-01-01,,Active,Imported from EV_Motor_BOMs_BLDC_PMSM.xlsx sheet PMSM_7.5kW,2025-01-01 09:00:00,2025-01-01 09:00:00
112,BOM-FG003-112,102,94,Aluminium Nameplate,Identification & Documentation,Laser Engraved,1.000,No,0.50,Packing,2025-01-01,,Active,Imported from EV_Motor_BOMs_BLDC_PMSM.xlsx sheet PMSM_7.5kW,2025-01-01 09:00:00,2025-01-01 09:00:00
113,BOM-FG003-113,102,95,QR Code Label,Identification & Documentation,Polyester,1.000,No,0.50,Packing,2025-01-01,,Active,Imported from EV_Motor_BOMs_BLDC_PMSM.xlsx sheet PMSM_7.5kW,2025-01-01 09:00:00,2025-01-01 09:00:00
114,BOM-FG003-114,102,96,Rating Sticker,Identification & Documentation,Polyester,1.000,No,0.50,Packing,2025-01-01,,Active,Imported from EV_Motor_BOMs_BLDC_PMSM.xlsx sheet PMSM_7.5kW,2025-01-01 09:00:00,2025-01-01 09:00:00
115,BOM-FG003-115,102,97,Inspection Sticker,Identification & Documentation,QC Approved,1.000,No,0.50,Packing,2025-01-01,,Active,Imported from EV_Motor_BOMs_BLDC_PMSM.xlsx sheet PMSM_7.5kW,2025-01-01 09:00:00,2025-01-01 09:00:00
116,BOM-FG003-116,102,88,Corrugated Carton Box,Packaging Materials,Heavy Duty 7-Ply,1.000,No,1.00,Packing,2025-01-01,,Active,Imported from EV_Motor_BOMs_BLDC_PMSM.xlsx sheet PMSM_7.5kW,2025-01-01 09:00:00,2025-01-01 09:00:00
117,BOM-FG003-117,102,89,Foam Insert,Packaging Materials,High Density EPE,2.000,No,1.00,Packing,2025-01-01,,Active,Imported from EV_Motor_BOMs_BLDC_PMSM.xlsx sheet PMSM_7.5kW,2025-01-01 09:00:00,2025-01-01 09:00:00
118,BOM-FG003-118,102,90,Bubble Wrap,Packaging Materials,Heavy Duty,2.000,sheets,1.00,Packing,2025-01-01,,Active,Imported from EV_Motor_BOMs_BLDC_PMSM.xlsx sheet PMSM_7.5kW,2025-01-01 09:00:00,2025-01-01 09:00:00
119,BOM-FG003-119,102,91,Poly Bag,Packaging Materials,Heavy Gauge LDPE,1.000,No,1.00,Packing,2025-01-01,,Active,Imported from EV_Motor_BOMs_BLDC_PMSM.xlsx sheet PMSM_7.5kW,2025-01-01 09:00:00,2025-01-01 09:00:00
120,BOM-FG003-120,102,92,Packing Tape,Packaging Materials,"BOPP, 48 mm",1.500,m,1.00,Packing,2025-01-01,,Active,Imported from EV_Motor_BOMs_BLDC_PMSM.xlsx sheet PMSM_7.5kW,2025-01-01 09:00:00,2025-01-01 09:00:00
121,BOM-FG003-121,102,93,Silica Gel Pouch,Packaging Materials,30 g,2.000,No,1.00,Packing,2025-01-01,,Active,Imported from EV_Motor_BOMs_BLDC_PMSM.xlsx sheet PMSM_7.5kW,2025-01-01 09:00:00,2025-01-01 09:00:00
122,BOM-FG003-122,102,98,User Manual,Identification & Documentation,A5 Printed,1.000,No,0.50,Packing,2025-01-01,,Active,Imported from EV_Motor_BOMs_BLDC_PMSM.xlsx sheet PMSM_7.5kW,2025-01-01 09:00:00,2025-01-01 09:00:00
123,BOM-FG003-123,102,99,Warranty Card,Identification & Documentation,Printed,1.000,No,0.50,Packing,2025-01-01,,Active,Imported from EV_Motor_BOMs_BLDC_PMSM.xlsx sheet PMSM_7.5kW,2025-01-01 09:00:00,2025-01-01 09:00:00
124,BOM-FG001-124,100,103,Finished Stator 1.5kW,Semi Finished Goods,Semi-finished stator assembly for 1.5kW EV motor,1.000,No,0.50,Final Motor Assembly,2025-01-01,,Active,Final assembly consumes finished stator SFG.,2025-01-01 09:00:00,2026-07-08 09:00:00
125,BOM-FG001-125,100,106,Finished Rotor 1.5kW,Semi Finished Goods,Semi-finished rotor assembly for 1.5kW EV motor,1.000,No,0.50,Final Motor Assembly,2025-01-01,,Active,Final assembly consumes finished rotor SFG.,2025-01-01 09:00:00,2026-07-08 09:00:00
126,BOM-FG002-126,101,104,Finished Stator 3kW,Semi Finished Goods,Semi-finished stator assembly for 3kW EV motor,1.000,No,0.50,Final Motor Assembly,2025-01-01,,Active,Final assembly consumes finished stator SFG.,2025-01-01 09:00:00,2026-07-08 09:00:00
127,BOM-FG002-127,101,107,Finished Rotor 3kW,Semi Finished Goods,Semi-finished rotor assembly for 3kW EV motor,1.000,No,0.50,Final Motor Assembly,2025-01-01,,Active,Final assembly consumes finished rotor SFG.,2025-01-01 09:00:00,2026-07-08 09:00:00
128,BOM-FG003-128,102,105,Finished Stator 7.5kW,Semi Finished Goods,Semi-finished stator assembly for 7.5kW EV motor,1.000,No,0.50,Final Motor Assembly,2025-01-01,,Active,Final assembly consumes finished stator SFG.,2025-01-01 09:00:00,2026-07-08 09:00:00
129,BOM-FG003-129,102,108,Finished Rotor 7.5kW,Semi Finished Goods,Semi-finished rotor assembly for 7.5kW EV motor,1.000,No,0.50,Final Motor Assembly,2025-01-01,,Active,Final assembly consumes finished rotor SFG.,2025-01-01 09:00:00,2026-07-08 09:00:00
130,BOM-SFG-ST15-130,103,1,Stator Core 1.5 kW,Core Components,"CRNGO Steel M250-35A, 0.35 mm",1.000,No,0.50,Stator Assembly,2025-01-01,,Active,SFG BOM split from finished motor BOM.,2025-01-01 09:00:00,2026-07-08 09:00:00
131,BOM-SFG-RT15-131,106,4,Rotor Core 1.5 kW,Core Components,Electrical Steel Lamination Stack,1.000,No,0.50,Rotor Assembly,2025-01-01,,Active,SFG BOM split from finished motor BOM.,2025-01-01 09:00:00,2026-07-08 09:00:00
132,BOM-SFG-RT15-132,106,7,NdFeB Magnet N42,Magnetic Components,Arc Segment Magnet,8.000,No,0.50,Rotor Assembly,2025-01-01,,Active,SFG BOM split from finished motor BOM.,2025-01-01 09:00:00,2026-07-08 09:00:00
133,BOM-SFG-RT15-133,106,10,Motor Shaft EN8,Mechanical Components,Ø20 × 180 mm,1.000,No,0.50,Rotor Assembly,2025-01-01,,Active,SFG BOM split from finished motor BOM.,2025-01-01 09:00:00,2026-07-08 09:00:00
134,BOM-SFG-RT15-134,106,13,Rotor Sleeve SS 0.5 mm,Mechanical Components,Stainless Steel Sleeve,1.000,No,0.50,Rotor Assembly,2025-01-01,,Active,SFG BOM split from finished motor BOM.,2025-01-01 09:00:00,2026-07-08 09:00:00
135,BOM-SFG-RT15-135,106,23,Bearing 6202-2RS,Bearings,Deep Groove Bearing,2.000,No,0.50,Rotor Assembly,2025-01-01,,Active,SFG BOM split from finished motor BOM.,2025-01-01 09:00:00,2026-07-08 09:00:00
136,BOM-SFG-RT15-136,106,21,Bearing Spacer MS,Mechanical Components,Mild Steel,1.000,No,0.50,Rotor Assembly,2025-01-01,,Active,SFG BOM split from finished motor BOM.,2025-01-01 09:00:00,2026-07-08 09:00:00
137,BOM-SFG-ST15-137,103,29,Copper Wire 1.00 mm,Electrical Components,Class H Enameled Copper,1.800,kg,2.00,Stator Assembly,2025-01-01,,Active,SFG BOM split from finished motor BOM.,2025-01-01 09:00:00,2026-07-08 09:00:00
138,BOM-SFG-ST15-138,103,55,Slot Liner 0.25 mm,Insulation Materials,Nomex DMD,24.000,No,1.50,Stator Assembly,2025-01-01,,Active,SFG BOM split from finished motor BOM.,2025-01-01 09:00:00,2026-07-08 09:00:00
139,BOM-SFG-ST15-139,103,59,Slot Wedge,Insulation Materials,FRP,24.000,No,1.50,Stator Assembly,2025-01-01,,Active,SFG BOM split from finished motor BOM.,2025-01-01 09:00:00,2026-07-08 09:00:00
140,BOM-SFG-ST15-140,103,80,Insulating Varnish,Consumables,Class H,100.000,ml,3.00,Stator Assembly,2025-01-01,,Active,SFG BOM split from finished motor BOM.,2025-01-01 09:00:00,2026-07-08 09:00:00
141,BOM-SFG-RT15-141,106,83,Bearing Grease,Consumables,Lithium EP2,20.000,g,3.00,Rotor Assembly,2025-01-01,,Active,SFG BOM split from finished motor BOM.,2025-01-01 09:00:00,2026-07-08 09:00:00
142,BOM-SFG-ST30-142,104,2,Stator Core 3 kW,Core Components,"CRNGO Steel M250-35A, 0.35 mm",1.000,No,0.50,Stator Assembly,2025-01-01,,Active,SFG BOM split from finished motor BOM.,2025-01-01 09:00:00,2026-07-08 09:00:00
143,BOM-SFG-RT30-143,107,5,Rotor Core 3 kW,Core Components,Electrical Steel Lamination Stack,1.000,No,0.50,Rotor Assembly,2025-01-01,,Active,SFG BOM split from finished motor BOM.,2025-01-01 09:00:00,2026-07-08 09:00:00
144,BOM-SFG-RT30-144,107,8,NdFeB Magnet N45,Magnetic Components,Arc Segment Magnet,10.000,No,0.50,Rotor Assembly,2025-01-01,,Active,SFG BOM split from finished motor BOM.,2025-01-01 09:00:00,2026-07-08 09:00:00
145,BOM-SFG-RT30-145,107,11,Motor Shaft EN19,Mechanical Components,Ø25 × 220 mm,1.000,No,0.50,Rotor Assembly,2025-01-01,,Active,SFG BOM split from finished motor BOM.,2025-01-01 09:00:00,2026-07-08 09:00:00
146,BOM-SFG-RT30-146,107,14,Rotor Sleeve SS 0.6 mm,Mechanical Components,Stainless Steel Sleeve,1.000,No,0.50,Rotor Assembly,2025-01-01,,Active,SFG BOM split from finished motor BOM.,2025-01-01 09:00:00,2026-07-08 09:00:00
147,BOM-SFG-RT30-147,107,24,Bearing 6205-2RS,Bearings,Deep Groove Bearing,2.000,No,0.50,Rotor Assembly,2025-01-01,,Active,SFG BOM split from finished motor BOM.,2025-01-01 09:00:00,2026-07-08 09:00:00
148,BOM-SFG-RT30-148,107,21,Bearing Spacer MS,Mechanical Components,Mild Steel,1.000,No,0.50,Rotor Assembly,2025-01-01,,Active,SFG BOM split from finished motor BOM.,2025-01-01 09:00:00,2026-07-08 09:00:00
149,BOM-SFG-ST30-149,104,30,Copper Wire 1.20 mm,Electrical Components,Class H Enameled Copper,3.200,kg,2.00,Stator Assembly,2025-01-01,,Active,SFG BOM split from finished motor BOM.,2025-01-01 09:00:00,2026-07-08 09:00:00
150,BOM-SFG-ST30-150,104,56,Slot Liner 0.30 mm,Insulation Materials,Nomex DMD,36.000,No,1.50,Stator Assembly,2025-01-01,,Active,SFG BOM split from finished motor BOM.,2025-01-01 09:00:00,2026-07-08 09:00:00
151,BOM-SFG-ST30-151,104,59,Slot Wedge,Insulation Materials,FRP,36.000,No,1.50,Stator Assembly,2025-01-01,,Active,SFG BOM split from finished motor BOM.,2025-01-01 09:00:00,2026-07-08 09:00:00
152,BOM-SFG-ST30-152,104,80,Insulating Varnish,Consumables,Class H,180.000,ml,3.00,Stator Assembly,2025-01-01,,Active,SFG BOM split from finished motor BOM.,2025-01-01 09:00:00,2026-07-08 09:00:00
153,BOM-SFG-RT30-153,107,83,Bearing Grease,Consumables,Lithium EP2,30.000,g,3.00,Rotor Assembly,2025-01-01,,Active,SFG BOM split from finished motor BOM.,2025-01-01 09:00:00,2026-07-08 09:00:00
154,BOM-SFG-ST75-154,105,2,Stator Core 3 kW,Core Components,"CRNGO Steel M250-35A, 0.35 mm",1.000,No,0.50,Stator Assembly,2025-01-01,,Active,SFG BOM split from finished motor BOM.,2025-01-01 09:00:00,2026-07-08 09:00:00
155,BOM-SFG-RT75-155,108,6,Rotor Core 7.5 kW,Core Components,Electrical Steel Lamination Stack,1.000,No,0.50,Rotor Assembly,2025-01-01,,Active,SFG BOM split from finished motor BOM.,2025-01-01 09:00:00,2026-07-08 09:00:00
156,BOM-SFG-RT75-156,108,9,NdFeB Magnet N48,Magnetic Components,Arc Segment Magnet,12.000,No,0.50,Rotor Assembly,2025-01-01,,Active,SFG BOM split from finished motor BOM.,2025-01-01 09:00:00,2026-07-08 09:00:00
157,BOM-SFG-RT75-157,108,12,Motor Shaft EN24,Mechanical Components,Ø35 × 300 mm,1.000,No,0.50,Rotor Assembly,2025-01-01,,Active,SFG BOM split from finished motor BOM.,2025-01-01 09:00:00,2026-07-08 09:00:00
158,BOM-SFG-RT75-158,108,15,Rotor Sleeve SS 0.8 mm,Mechanical Components,Stainless Steel Sleeve,1.000,No,0.50,Rotor Assembly,2025-01-01,,Active,SFG BOM split from finished motor BOM.,2025-01-01 09:00:00,2026-07-08 09:00:00
159,BOM-SFG-RT75-159,108,25,Bearing 6307-2RS,Bearings,Deep Groove Bearing,2.000,No,0.50,Rotor Assembly,2025-01-01,,Active,SFG BOM split from finished motor BOM.,2025-01-01 09:00:00,2026-07-08 09:00:00
160,BOM-SFG-RT75-160,108,21,Bearing Spacer MS,Mechanical Components,Mild Steel,1.000,No,0.50,Rotor Assembly,2025-01-01,,Active,SFG BOM split from finished motor BOM.,2025-01-01 09:00:00,2026-07-08 09:00:00
161,BOM-SFG-ST75-161,105,31,Copper Wire 1.60 mm,Electrical Components,Class H Enameled Copper,6.500,kg,2.00,Stator Assembly,2025-01-01,,Active,SFG BOM split from finished motor BOM.,2025-01-01 09:00:00,2026-07-08 09:00:00
162,BOM-SFG-ST75-162,105,57,Slot Liner 0.35 mm,Insulation Materials,Nomex DMD,48.000,No,1.50,Stator Assembly,2025-01-01,,Active,SFG BOM split from finished motor BOM.,2025-01-01 09:00:00,2026-07-08 09:00:00
163,BOM-SFG-ST75-163,105,59,Slot Wedge,Insulation Materials,FRP,48.000,No,1.50,Stator Assembly,2025-01-01,,Active,SFG BOM split from finished motor BOM.,2025-01-01 09:00:00,2026-07-08 09:00:00
164,BOM-SFG-ST75-164,105,80,Insulating Varnish,Consumables,Class H,300.000,ml,3.00,Stator Assembly,2025-01-01,,Active,SFG BOM split from finished motor BOM.,2025-01-01 09:00:00,2026-07-08 09:00:00
165,BOM-SFG-RT75-165,108,83,Bearing Grease,Consumables,Lithium EP2,50.000,g,3.00,Rotor Assembly,2025-01-01,,Active,SFG BOM split from finished motor BOM.,2025-01-01 09:00:00,2026-07-08 09:00:00
