grn_id,grn_number,po_id,vendor_id,received_date,invoice_number,invoice_date,delivery_challan_number,received_by,warehouse_location,inspection_required,grn_status,remarks,created_at,updated_at
1,GRN202504260001,141,3,2025-04-26,INV-202504050141-01,2025-04-25,DC-202504050141-01,4,QA Hold Area,Yes,Under Inspection,Under Inspection receipt for Magnetic Components against PO202504050141,2025-04-26 09:05:00,2025-04-26 10:05:00
2,GRN202504250002,2,2,2025-04-25,INV-202504080002-01,2025-04-23,DC-202504080002-01,6,Electrical Store,Yes,Partially Accepted,Partially Accepted receipt for Electrical Components against PO202504080002,2025-04-25 09:10:00,2025-04-25 10:10:00
3,GRN202504270003,2,2,2025-04-27,INV-202504080002-02,2025-04-25,DC-202504080002-02,8,Electrical Store,Yes,Partially Accepted,Partially Accepted receipt for Electrical Components against PO202504080002,2025-04-27 09:15:00,2025-04-27 10:15:00
4,GRN202504300004,142,22,2025-04-30,INV-202504080142-01,2025-04-28,DC-202504080142-01,8,Electrical Store,Yes,Partially Accepted,Partially Accepted receipt for Electrical Components against PO202504080142,2025-04-30 09:20:00,2025-04-30 10:20:00
5,GRN202505020005,142,22,2025-05-02,INV-202504080142-02,2025-04-30,DC-202504080142-02,10,Electrical Store,Yes,Partially Accepted,Partially Accepted receipt for Electrical Components against PO202504080142,2025-05-02 09:25:00,2025-05-02 10:25:00
6,GRN202504240006,3,20,2025-04-24,INV-202504100003-01,2025-04-21,DC-202504100003-01,10,Electrical Store,Yes,Accepted,Accepted receipt for Insulation Materials against PO202504100003,2025-04-24 09:30:00,2025-04-24 10:30:00
7,GRN202504290007,143,20,2025-04-29,INV-202504100143-01,2025-04-26,DC-202504100143-01,11,Electrical Store,Yes,Accepted,Accepted receipt for Insulation Materials against PO202504100143,2025-04-29 09:35:00,2025-04-29 10:35:00
8,GRN202505240008,4,4,2025-05-24,INV-202504270004-01,2025-05-24,DC-202504270004-01,12,Electrical Store,Yes,Accepted,Accepted receipt for Electronic Components against PO202504270004,2025-05-24 09:40:00,2025-05-24 10:40:00
9,GRN202505210009,4,4,2025-05-21,INV-202504270004-02,2025-05-21,DC-202504270004-02,3,Electrical Store,Yes,Accepted,Accepted receipt for Electronic Components against PO202504270004,2025-05-21 09:45:00,2025-05-21 10:45:00
10,GRN202505180010,6,35,2025-05-18,INV-202504300006-01,2025-05-16,DC-202504300006-01,3,Mechanical Store,Yes,Partially Accepted,Partially Accepted receipt for Fasteners against PO202504300006,2025-05-18 09:50:00,2025-05-18 10:50:00
11,GRN202505200011,6,35,2025-05-20,INV-202504300006-02,2025-05-18,DC-202504300006-02,6,Mechanical Store,No,Partially Accepted,Partially Accepted receipt for Fasteners against PO202504300006,2025-05-20 09:55:00,2025-05-20 10:55:00
12,GRN202505140012,146,35,2025-05-14,INV-202504300146-01,2025-05-12,DC-202504300146-01,6,QA Hold Area,Yes,Under Inspection,Under Inspection receipt for Fasteners against PO202504300146,2025-05-14 09:00:00,2025-05-14 10:00:00
13,GRN202505160013,146,35,2025-05-16,INV-202504300146-02,2025-05-14,DC-202504300146-02,8,Mechanical Store,No,Partially Accepted,Partially Accepted receipt for Fasteners against PO202504300146,2025-05-16 09:05:00,2025-05-16 10:05:00
14,GRN202506060014,7,4,2025-06-06,INV-202505090007-01,2025-06-03,DC-202505090007-01,8,Packaging Store,No,Accepted,Accepted receipt for Packaging Materials against PO202505090007,2025-06-06 09:10:00,2025-06-06 10:10:00
15,GRN202506070015,147,6,2025-06-07,INV-202505090147-01,2025-06-04,DC-202505090147-01,9,Packaging Store,Yes,Accepted,Accepted receipt for Packaging Materials against PO202505090147,2025-06-07 09:15:00,2025-06-07 10:15:00
16,GRN202506050016,148,4,2025-06-05,INV-202505100148-01,2025-06-05,DC-202505100148-01,10,Electrical Store,Yes,Accepted,Accepted receipt for Magnetic Components against PO202505100148,2025-06-05 09:20:00,2025-06-05 10:20:00
17,GRN202506070017,148,4,2025-06-07,INV-202505100148-02,2025-06-07,DC-202505100148-02,12,Electrical Store,Yes,Accepted,Accepted receipt for Magnetic Components against PO202505100148,2025-06-07 09:25:00,2025-06-07 10:25:00
18,GRN202506060018,272,4,2025-06-06,INV-202505120272-01,2025-06-06,DC-202505120272-01,12,QA Hold Area,Yes,Under Inspection,Under Inspection receipt for Core Components against PO202505120272,2025-06-06 09:30:00,2025-06-06 10:30:00
19,GRN202506080019,272,4,2025-06-08,INV-202505120272-02,2025-06-08,DC-202505120272-02,3,Electrical Store,Yes,Partially Accepted,Partially Accepted receipt for Core Components against PO202505120272,2025-06-08 09:35:00,2025-06-08 10:35:00
20,GRN202506210020,273,7,2025-06-21,INV-202505230273-01,2025-06-20,DC-202505230273-01,3,Electrical Store,Yes,Accepted,Accepted receipt for Magnetic Components against PO202505230273,2025-06-21 09:40:00,2025-06-21 10:40:00
21,GRN202506020021,10,28,2025-06-02,INV-202505250010-01,2025-05-31,DC-202505250010-01,4,Packaging Store,Yes,Partially Accepted,Partially Accepted receipt for Packaging Materials against PO202505250010,2025-06-02 09:45:00,2025-06-02 10:45:00
22,GRN202506040022,10,28,2025-06-04,INV-202505250010-02,2025-06-02,DC-202505250010-02,7,Packaging Store,No,Partially Accepted,Partially Accepted receipt for Packaging Materials against PO202505250010,2025-06-04 09:50:00,2025-06-04 10:50:00
23,GRN202506110023,150,30,2025-06-11,INV-202505250150-01,2025-06-09,DC-202505250150-01,7,Packaging Store,No,Partially Accepted,Partially Accepted receipt for Packaging Materials against PO202505250150,2025-06-11 09:55:00,2025-06-11 10:55:00
24,GRN202506130024,150,30,2025-06-13,INV-202505250150-02,2025-06-11,DC-202505250150-02,9,QA Hold Area,Yes,Under Inspection,Under Inspection receipt for Packaging Materials against PO202505250150,2025-06-13 09:00:00,2025-06-13 10:00:00
25,GRN202506060025,11,20,2025-06-06,INV-202505260011-01,2025-06-03,DC-202505260011-01,9,Mechanical Store,Yes,Accepted,Accepted receipt for Sealing Components against PO202505260011,2025-06-06 09:05:00,2025-06-06 10:05:00
26,GRN202506110026,151,20,2025-06-11,INV-202505260151-01,2025-06-08,DC-202505260151-01,10,Mechanical Store,Yes,Accepted,Accepted receipt for Sealing Components against PO202505260151,2025-06-11 09:10:00,2025-06-11 10:10:00
27,GRN202506190027,12,24,2025-06-19,INV-202506010012-01,2025-06-19,DC-202506010012-01,11,Electrical Store,Yes,Accepted,Accepted receipt for Electrical Components against PO202506010012,2025-06-19 09:15:00,2025-06-19 10:15:00
28,GRN202506210028,12,24,2025-06-21,INV-202506010012-02,2025-06-21,DC-202506010012-02,13,Electrical Store,Yes,Accepted,Accepted receipt for Electrical Components against PO202506010012,2025-06-21 09:20:00,2025-06-21 10:20:00
29,GRN202506270029,274,10,2025-06-27,INV-202506030274-01,2025-06-25,DC-202506030274-01,13,Mechanical Store,Yes,Accepted,Accepted receipt for Mechanical Components against PO202506030274,2025-06-27 09:25:00,2025-06-27 10:25:00
30,GRN202506220030,13,28,2025-06-22,INV-202506080013-01,2025-06-21,DC-202506080013-01,3,QA Hold Area,Yes,Under Inspection,Under Inspection receipt for Consumables against PO202506080013,2025-06-22 09:30:00,2025-06-22 10:30:00
31,GRN202507010031,153,30,2025-07-01,INV-202506080153-01,2025-06-30,DC-202506080153-01,4,Consumables Store,No,Received,Received receipt for Consumables against PO202506080153,2025-07-01 09:35:00,2025-07-01 10:35:00
32,GRN202507050032,14,35,2025-07-05,INV-202506150014-01,2025-07-03,DC-202506150014-01,6,Mechanical Store,Yes,Partially Accepted,Partially Accepted receipt for Fasteners against PO202506150014,2025-07-05 09:40:00,2025-07-05 10:40:00
33,GRN202507020033,14,35,2025-07-02,INV-202506150014-02,2025-06-30,DC-202506150014-02,8,Mechanical Store,No,Partially Accepted,Partially Accepted receipt for Fasteners against PO202506150014,2025-07-02 09:45:00,2025-07-02 10:45:00
34,GRN202507010034,154,35,2025-07-01,INV-202506150154-01,2025-06-29,DC-202506150154-01,8,Mechanical Store,Yes,Partially Accepted,Partially Accepted receipt for Fasteners against PO202506150154,2025-07-01 09:50:00,2025-07-01 10:50:00
35,GRN202506280035,154,35,2025-06-28,INV-202506150154-02,2025-06-26,DC-202506150154-02,10,Mechanical Store,No,Partially Accepted,Partially Accepted receipt for Fasteners against PO202506150154,2025-06-28 09:55:00,2025-06-28 10:55:00
36,GRN202506300036,15,20,2025-06-30,INV-202506160015-01,2025-06-27,DC-202506160015-01,10,Electrical Store,Yes,Partially Accepted,Partially Accepted receipt for Core Components against PO202506160015,2025-06-30 09:00:00,2025-06-30 10:00:00
37,GRN202506260037,155,20,2025-06-26,INV-202506160155-01,2025-06-23,DC-202506160155-01,11,Electrical Store,Yes,Accepted,Accepted receipt for Core Components against PO202506160155,2025-06-26 09:05:00,2025-06-26 10:05:00
38,GRN202507010038,156,30,2025-07-01,INV-202506160156-01,2025-07-01,DC-202506160156-01,12,Mechanical Store,Yes,Accepted,Accepted receipt for Fasteners against PO202506160156,2025-07-01 09:10:00,2025-07-01 10:10:00
39,GRN202507030039,156,30,2025-07-03,INV-202506160156-02,2025-07-03,DC-202506160156-02,3,Mechanical Store,No,Accepted,Accepted receipt for Fasteners against PO202506160156,2025-07-03 09:15:00,2025-07-03 10:15:00
40,GRN202507080040,17,16,2025-07-08,INV-202506180017-01,2025-07-07,DC-202506180017-01,3,QA Hold Area,Yes,Under Inspection,Under Inspection receipt for Bearings against PO202506180017,2025-07-08 09:20:00,2025-07-08 10:20:00
41,GRN202507030041,157,15,2025-07-03,INV-202506180157-01,2025-07-02,DC-202506180157-01,4,QA Hold Area,Yes,Under Inspection,Under Inspection receipt for Bearings against PO202506180157,2025-07-03 09:25:00,2025-07-03 10:25:00
42,GRN202507230042,18,24,2025-07-23,INV-202506280018-01,2025-07-21,DC-202506280018-01,6,QA Hold Area,Yes,Under Inspection,Under Inspection receipt for Electrical Components against PO202506280018,2025-07-23 09:30:00,2025-07-23 10:30:00
43,GRN202507250043,18,24,2025-07-25,INV-202506280018-02,2025-07-23,DC-202506280018-02,8,Electrical Store,Yes,Partially Accepted,Partially Accepted receipt for Electrical Components against PO202506280018,2025-07-25 09:35:00,2025-07-25 10:35:00
44,GRN202507190044,158,2,2025-07-19,INV-202506280158-01,2025-07-17,DC-202506280158-01,8,Electrical Store,Yes,Partially Accepted,Partially Accepted receipt for Electrical Components against PO202506280158,2025-07-19 09:40:00,2025-07-19 10:40:00
45,GRN202507210045,158,2,2025-07-21,INV-202506280158-02,2025-07-19,DC-202506280158-02,10,Electrical Store,Yes,Partially Accepted,Partially Accepted receipt for Electrical Components against PO202506280158,2025-07-21 09:45:00,2025-07-21 10:45:00
46,GRN202507120046,19,28,2025-07-12,INV-202506300019-01,2025-07-09,DC-202506300019-01,10,Mechanical Store,Yes,Accepted,Accepted receipt for Fasteners against PO202506300019,2025-07-12 09:50:00,2025-07-12 10:50:00
47,GRN202507210047,159,30,2025-07-21,INV-202506300159-01,2025-07-18,DC-202506300159-01,11,Mechanical Store,No,Accepted,Accepted receipt for Fasteners against PO202506300159,2025-07-21 09:55:00,2025-07-21 10:55:00
48,GRN202507170048,20,2,2025-07-17,INV-202507020020-01,2025-07-17,DC-202507020020-01,12,Electrical Store,Yes,Accepted,Accepted receipt for Electrical Components against PO202507020020,2025-07-17 09:00:00,2025-07-17 10:00:00
49,GRN202507190049,20,2,2025-07-19,INV-202507020020-02,2025-07-19,DC-202507020020-02,3,Electrical Store,Yes,Accepted,Accepted receipt for Electrical Components against PO202507020020,2025-07-19 09:05:00,2025-07-19 10:05:00
50,GRN202507290050,21,27,2025-07-29,INV-202507060021-01,2025-07-28,DC-202507060021-01,3,QA Hold Area,Yes,Under Inspection,Under Inspection receipt for Insulation Materials against PO202507060021,2025-07-29 09:10:00,2025-07-29 10:10:00
51,GRN202507290051,161,26,2025-07-29,INV-202507060161-01,2025-07-28,DC-202507060161-01,4,QA Hold Area,Yes,Under Inspection,Under Inspection receipt for Insulation Materials against PO202507060161,2025-07-29 09:15:00,2025-07-29 10:15:00
52,GRN202507180052,277,19,2025-07-18,INV-202507060277-01,2025-07-17,DC-202507060277-01,6,Electrical Store,Yes,Accepted,Accepted receipt for Electronic Components against PO202507060277,2025-07-18 09:20:00,2025-07-18 10:20:00
53,GRN202507270053,22,28,2025-07-27,INV-202507140022-01,2025-07-25,DC-202507140022-01,7,Mechanical Store,No,Partially Accepted,Partially Accepted receipt for Fasteners against PO202507140022,2025-07-27 09:25:00,2025-07-27 10:25:00
54,GRN202507290054,22,28,2025-07-29,INV-202507140022-02,2025-07-27,DC-202507140022-02,9,QA Hold Area,Yes,Under Inspection,Under Inspection receipt for Fasteners against PO202507140022,2025-07-29 09:30:00,2025-07-29 10:30:00
55,GRN202508050055,162,30,2025-08-05,INV-202507140162-01,2025-08-03,DC-202507140162-01,9,Mechanical Store,No,Partially Accepted,Partially Accepted receipt for Fasteners against PO202507140162,2025-08-05 09:35:00,2025-08-05 10:35:00
56,GRN202508070056,162,30,2025-08-07,INV-202507140162-02,2025-08-05,DC-202507140162-02,11,Mechanical Store,Yes,Partially Accepted,Partially Accepted receipt for Fasteners against PO202507140162,2025-08-07 09:40:00,2025-08-07 10:40:00
57,GRN202508010057,23,29,2025-08-01,INV-202507160023-01,2025-07-29,DC-202507160023-01,11,Mechanical Store,No,Accepted,Accepted receipt for Fasteners against PO202507160023,2025-08-01 09:45:00,2025-08-01 10:45:00
58,GRN202507270058,163,28,2025-07-27,INV-202507160163-01,2025-07-24,DC-202507160163-01,12,Mechanical Store,Yes,Accepted,Accepted receipt for Fasteners against PO202507160163,2025-07-27 09:50:00,2025-07-27 10:50:00
59,GRN202508100059,164,29,2025-08-10,INV-202507270164-01,2025-08-10,DC-202507270164-01,13,Mechanical Store,No,Accepted,Accepted receipt for Fasteners against PO202507270164,2025-08-10 09:55:00,2025-08-10 10:55:00
60,GRN202508070060,164,29,2025-08-07,INV-202507270164-02,2025-08-07,DC-202507270164-02,4,Mechanical Store,Yes,Closed,Closed receipt for Fasteners against PO202507270164,2025-08-07 09:00:00,2025-08-07 10:00:00
61,GRN202508210061,279,25,2025-08-21,INV-202507280279-01,2025-08-18,DC-202507280279-01,4,QA Hold Area,Yes,Under Inspection,Under Inspection receipt for Insulation Materials against PO202507280279,2025-08-21 09:05:00,2025-08-21 10:05:00
62,GRN202508170062,26,16,2025-08-17,INV-202507290026-01,2025-08-15,DC-202507290026-01,6,Consumables Store,No,Partially Accepted,Partially Accepted receipt for Consumables against PO202507290026,2025-08-17 09:10:00,2025-08-17 10:10:00
63,GRN202508190063,26,16,2025-08-19,INV-202507290026-02,2025-08-17,DC-202507290026-02,8,Consumables Store,Yes,Partially Accepted,Partially Accepted receipt for Consumables against PO202507290026,2025-08-19 09:15:00,2025-08-19 10:15:00
64,GRN202508120064,166,15,2025-08-12,INV-202507290166-01,2025-08-10,DC-202507290166-01,8,Consumables Store,No,Partially Accepted,Partially Accepted receipt for Consumables against PO202507290166,2025-08-12 09:20:00,2025-08-12 10:20:00
65,GRN202508140065,166,15,2025-08-14,INV-202507290166-02,2025-08-12,DC-202507290166-02,10,Consumables Store,No,Partially Accepted,Partially Accepted receipt for Consumables against PO202507290166,2025-08-14 09:25:00,2025-08-14 10:25:00
66,GRN202509060066,27,9,2025-09-06,INV-202507300027-01,2025-09-03,DC-202507300027-01,10,Electrical Store,Yes,Accepted,Accepted receipt for Electronic Components against PO202507300027,2025-09-06 09:30:00,2025-09-06 10:30:00
67,GRN202508230067,167,8,2025-08-23,INV-202507300167-01,2025-08-20,DC-202507300167-01,11,Electrical Store,Yes,Accepted,Accepted receipt for Electronic Components against PO202507300167,2025-08-23 09:35:00,2025-08-23 10:35:00
68,GRN202508180068,28,22,2025-08-18,INV-202508010028-01,2025-08-18,DC-202508010028-01,12,Electrical Store,Yes,Accepted,Accepted receipt for Electrical Components against PO202508010028,2025-08-18 09:40:00,2025-08-18 10:40:00
69,GRN202508200069,28,22,2025-08-20,INV-202508010028-02,2025-08-20,DC-202508010028-02,3,Electrical Store,Yes,Accepted,Accepted receipt for Electrical Components against PO202508010028,2025-08-20 09:45:00,2025-08-20 10:45:00
70,GRN202508170070,29,18,2025-08-17,INV-202508030029-01,2025-08-16,DC-202508030029-01,3,QA Hold Area,Yes,Under Inspection,Under Inspection receipt for Electronic Components against PO202508030029,2025-08-17 09:50:00,2025-08-17 10:50:00
71,GRN202508220071,169,18,2025-08-22,INV-202508030169-01,2025-08-21,DC-202508030169-01,4,QA Hold Area,Yes,Under Inspection,Under Inspection receipt for Electronic Components against PO202508030169,2025-08-22 09:55:00,2025-08-22 10:55:00
72,GRN202508170072,31,28,2025-08-17,INV-202508050031-01,2025-08-14,DC-202508050031-01,6,Mechanical Store,Yes,Partially Accepted,Partially Accepted receipt for Fasteners against PO202508050031,2025-08-17 09:00:00,2025-08-17 10:00:00
73,GRN202508260073,171,30,2025-08-26,INV-202508050171-01,2025-08-23,DC-202508050171-01,7,Mechanical Store,No,Accepted,Accepted receipt for Fasteners against PO202508050171,2025-08-26 09:05:00,2025-08-26 10:05:00
74,GRN202508210074,30,30,2025-08-21,INV-202508070030-01,2025-08-19,DC-202508070030-01,8,Electrical Store,Yes,Partially Accepted,Partially Accepted receipt for Insulation Materials against PO202508070030,2025-08-21 09:10:00,2025-08-21 10:10:00
75,GRN202508230075,30,30,2025-08-23,INV-202508070030-02,2025-08-21,DC-202508070030-02,10,Electrical Store,Yes,Partially Accepted,Partially Accepted receipt for Insulation Materials against PO202508070030,2025-08-23 09:15:00,2025-08-23 10:15:00
76,GRN202508230076,170,29,2025-08-23,INV-202508070170-01,2025-08-21,DC-202508070170-01,10,Electrical Store,Yes,Partially Accepted,Partially Accepted receipt for Insulation Materials against PO202508070170,2025-08-23 09:20:00,2025-08-23 10:20:00
77,GRN202508250077,170,29,2025-08-25,INV-202508070170-02,2025-08-23,DC-202508070170-02,12,Electrical Store,Yes,Partially Accepted,Partially Accepted receipt for Insulation Materials against PO202508070170,2025-08-25 09:25:00,2025-08-25 10:25:00
78,GRN202508190078,172,21,2025-08-19,INV-202508070172-01,2025-08-19,DC-202508070172-01,12,Electrical Store,Yes,Accepted,Accepted receipt for Electronic Components against PO202508070172,2025-08-19 09:30:00,2025-08-19 10:30:00
79,GRN202508210079,172,21,2025-08-21,INV-202508070172-02,2025-08-21,DC-202508070172-02,3,Electrical Store,Yes,Accepted,Accepted receipt for Electronic Components against PO202508070172,2025-08-21 09:35:00,2025-08-21 10:35:00
80,GRN202508210080,280,28,2025-08-21,INV-202508080280-01,2025-08-21,DC-202508080280-01,3,Mechanical Store,Yes,Partially Accepted,Partially Accepted receipt for Fasteners against PO202508080280,2025-08-21 09:40:00,2025-08-21 10:40:00
81,GRN202508230081,280,28,2025-08-23,INV-202508080280-02,2025-08-23,DC-202508080280-02,6,Mechanical Store,Yes,Partially Accepted,Partially Accepted receipt for Fasteners against PO202508080280,2025-08-23 09:45:00,2025-08-23 10:45:00
82,GRN202509020082,36,24,2025-09-02,INV-202508100036-01,2025-09-02,DC-202508100036-01,6,Electrical Store,Yes,Accepted,Accepted receipt for Electrical Components against PO202508100036,2025-09-02 09:50:00,2025-09-02 10:50:00
83,GRN202509040083,36,24,2025-09-04,INV-202508100036-02,2025-09-04,DC-202508100036-02,8,Electrical Store,Yes,Accepted,Accepted receipt for Electrical Components against PO202508100036,2025-09-04 09:55:00,2025-09-04 10:55:00
84,GRN202509030084,34,11,2025-09-03,INV-202508120034-01,2025-09-01,DC-202508120034-01,8,QA Hold Area,Yes,Under Inspection,Under Inspection receipt for Magnetic Components against PO202508120034,2025-09-03 09:00:00,2025-09-03 10:00:00
85,GRN202508310085,34,11,2025-08-31,INV-202508120034-02,2025-08-29,DC-202508120034-02,10,Electrical Store,Yes,Partially Accepted,Partially Accepted receipt for Magnetic Components against PO202508120034,2025-08-31 09:05:00,2025-08-31 10:05:00
86,GRN202509010086,174,22,2025-09-01,INV-202508120174-01,2025-08-30,DC-202508120174-01,10,Electrical Store,Yes,Partially Accepted,Partially Accepted receipt for Magnetic Components against PO202508120174,2025-09-01 09:10:00,2025-09-01 10:10:00
87,GRN202508290087,174,22,2025-08-29,INV-202508120174-02,2025-08-27,DC-202508120174-02,12,Electrical Store,Yes,Partially Accepted,Partially Accepted receipt for Magnetic Components against PO202508120174,2025-08-29 09:15:00,2025-08-29 10:15:00
88,GRN202508290088,177,18,2025-08-29,INV-202508130177-01,2025-08-28,DC-202508130177-01,12,QA Hold Area,Yes,Rejected,Rejected receipt for Electronic Components against PO202508130177,2025-08-29 09:20:00,2025-08-29 10:20:00
89,GRN202509070089,35,14,2025-09-07,INV-202508140035-01,2025-09-04,DC-202508140035-01,13,Mechanical Store,Yes,Accepted,Accepted receipt for Mechanical Components against PO202508140035,2025-09-07 09:25:00,2025-09-07 10:25:00
90,GRN202508260090,38,19,2025-08-26,INV-202508140038-01,2025-08-24,DC-202508140038-01,3,QA Hold Area,Yes,Under Inspection,Under Inspection receipt for Electronic Components against PO202508140038,2025-08-26 09:30:00,2025-08-26 10:30:00
91,GRN202508280091,38,19,2025-08-28,INV-202508140038-02,2025-08-26,DC-202508140038-02,6,Electrical Store,Yes,Partially Accepted,Partially Accepted receipt for Electronic Components against PO202508140038,2025-08-28 09:35:00,2025-08-28 10:35:00
92,GRN202508310092,178,19,2025-08-31,INV-202508140178-01,2025-08-29,DC-202508140178-01,6,Electrical Store,Yes,Partially Accepted,Partially Accepted receipt for Electronic Components against PO202508140178,2025-08-31 09:40:00,2025-08-31 10:40:00
93,GRN202509020093,178,19,2025-09-02,INV-202508140178-02,2025-08-31,DC-202508140178-02,8,Electrical Store,Yes,Partially Accepted,Partially Accepted receipt for Electronic Components against PO202508140178,2025-09-02 09:45:00,2025-09-02 10:45:00
94,GRN202509180094,39,6,2025-09-18,INV-202508180039-01,2025-09-15,DC-202508180039-01,8,Mechanical Store,Yes,Accepted,Accepted receipt for Bearings against PO202508180039,2025-09-18 09:50:00,2025-09-18 10:50:00
95,GRN202509010095,41,29,2025-09-01,INV-202508180041-01,2025-08-31,DC-202508180041-01,9,Mechanical Store,No,Received,Received receipt for Fasteners against PO202508180041,2025-09-01 09:55:00,2025-09-01 10:55:00
96,GRN202509160096,179,5,2025-09-16,INV-202508180179-01,2025-09-13,DC-202508180179-01,10,Mechanical Store,Yes,Accepted,Accepted receipt for Bearings against PO202508180179,2025-09-16 09:00:00,2025-09-16 10:00:00
97,GRN202509090097,180,30,2025-09-09,INV-202508200180-01,2025-09-09,DC-202508200180-01,11,Mechanical Store,No,Accepted,Accepted receipt for Fasteners against PO202508200180,2025-09-09 09:05:00,2025-09-09 10:05:00
98,GRN202509110098,180,30,2025-09-11,INV-202508200180-02,2025-09-11,DC-202508200180-02,13,Mechanical Store,Yes,Accepted,Accepted receipt for Fasteners against PO202508200180,2025-09-11 09:10:00,2025-09-11 10:10:00
99,GRN202509110099,42,35,2025-09-11,INV-202508230042-01,2025-09-09,DC-202508230042-01,13,Packaging Store,Yes,Partially Accepted,Partially Accepted receipt for Packaging Materials against PO202508230042,2025-09-11 09:15:00,2025-09-11 10:15:00
100,GRN202509130100,42,35,2025-09-13,INV-202508230042-02,2025-09-11,DC-202508230042-02,4,Packaging Store,No,Partially Accepted,Partially Accepted receipt for Packaging Materials against PO202508230042,2025-09-13 09:20:00,2025-09-13 10:20:00
101,GRN202509070101,182,35,2025-09-07,INV-202508230182-01,2025-09-05,DC-202508230182-01,4,Packaging Store,No,Partially Accepted,Partially Accepted receipt for Packaging Materials against PO202508230182,2025-09-07 09:25:00,2025-09-07 10:25:00
102,GRN202509090102,182,35,2025-09-09,INV-202508230182-02,2025-09-07,DC-202508230182-02,7,QA Hold Area,Yes,Under Inspection,Under Inspection receipt for Packaging Materials against PO202508230182,2025-09-09 09:30:00,2025-09-09 10:30:00
103,GRN202509230103,43,4,2025-09-23,INV-202508250043-01,2025-09-20,DC-202508250043-01,7,Electrical Store,Yes,Accepted,Accepted receipt for Core Components against PO202508250043,2025-09-23 09:35:00,2025-09-23 10:35:00
104,GRN202509240104,183,6,2025-09-24,INV-202508250183-01,2025-09-21,DC-202508250183-01,8,Electrical Store,Yes,Accepted,Accepted receipt for Core Components against PO202508250183,2025-09-24 09:40:00,2025-09-24 10:40:00
105,GRN202509260105,44,8,2025-09-26,INV-202508280044-01,2025-09-26,DC-202508280044-01,9,Electrical Store,Yes,Closed,Closed receipt for Magnetic Components against PO202508280044,2025-09-26 09:45:00,2025-09-26 10:45:00
106,GRN202509230106,44,8,2025-09-23,INV-202508280044-02,2025-09-23,DC-202508280044-02,11,Electrical Store,Yes,Accepted,Accepted receipt for Magnetic Components against PO202508280044,2025-09-23 09:50:00,2025-09-23 10:50:00
107,GRN202509120107,46,22,2025-09-12,INV-202508280046-01,2025-09-10,DC-202508280046-01,11,Electrical Store,Yes,Partially Accepted,Partially Accepted receipt for Electrical Components against PO202508280046,2025-09-12 09:55:00,2025-09-12 10:55:00
108,GRN202509140108,46,22,2025-09-14,INV-202508280046-02,2025-09-12,DC-202508280046-02,13,QA Hold Area,Yes,Under Inspection,Under Inspection receipt for Electrical Components against PO202508280046,2025-09-14 09:00:00,2025-09-14 10:00:00
109,GRN202509170109,186,24,2025-09-17,INV-202508280186-01,2025-09-15,DC-202508280186-01,13,Electrical Store,Yes,Partially Accepted,Partially Accepted receipt for Electrical Components against PO202508280186,2025-09-17 09:05:00,2025-09-17 10:05:00
110,GRN202509190110,186,24,2025-09-19,INV-202508280186-02,2025-09-17,DC-202508280186-02,4,Electrical Store,Yes,Partially Accepted,Partially Accepted receipt for Electrical Components against PO202508280186,2025-09-19 09:10:00,2025-09-19 10:10:00
111,GRN202509180111,282,34,2025-09-18,INV-202508300282-01,2025-09-16,DC-202508300282-01,4,Packaging Store,Yes,Accepted,Accepted receipt for Packaging Materials against PO202508300282,2025-09-18 09:15:00,2025-09-18 10:15:00
112,GRN202509140112,47,16,2025-09-14,INV-202508310047-01,2025-09-11,DC-202508310047-01,6,Packaging Store,No,Accepted,Accepted receipt for Packaging Materials against PO202508310047,2025-09-14 09:20:00,2025-09-14 10:20:00
113,GRN202509180113,187,15,2025-09-18,INV-202508310187-01,2025-09-15,DC-202508310187-01,7,Packaging Store,No,Accepted,Accepted receipt for Packaging Materials against PO202508310187,2025-09-18 09:25:00,2025-09-18 10:25:00
114,GRN202509270114,188,26,2025-09-27,INV-202509020188-01,2025-09-27,DC-202509020188-01,8,Electrical Store,Yes,Accepted,Accepted receipt for Insulation Materials against PO202509020188,2025-09-27 09:30:00,2025-09-27 10:30:00
115,GRN202509290115,188,26,2025-09-29,INV-202509020188-02,2025-09-29,DC-202509020188-02,10,Electrical Store,Yes,Closed,Closed receipt for Insulation Materials against PO202509020188,2025-09-29 09:35:00,2025-09-29 10:35:00
116,GRN202509230116,49,1,2025-09-23,INV-202509040049-01,2025-09-22,DC-202509040049-01,10,QA Hold Area,Yes,Under Inspection,Under Inspection receipt for Electrical Components against PO202509040049,2025-09-23 09:40:00,2025-09-23 10:40:00
117,GRN202510010117,189,3,2025-10-01,INV-202509040189-01,2025-09-30,DC-202509040189-01,11,QA Hold Area,Yes,Under Inspection,Under Inspection receipt for Electrical Components against PO202509040189,2025-10-01 09:45:00,2025-10-01 10:45:00
118,GRN202509200118,50,29,2025-09-20,INV-202509070050-01,2025-09-18,DC-202509070050-01,12,Mechanical Store,Yes,Partially Accepted,Partially Accepted receipt for Fasteners against PO202509070050,2025-09-20 09:50:00,2025-09-20 10:50:00
119,GRN202509220119,50,29,2025-09-22,INV-202509070050-02,2025-09-20,DC-202509070050-02,3,Mechanical Store,No,Partially Accepted,Partially Accepted receipt for Fasteners against PO202509070050,2025-09-22 09:55:00,2025-09-22 10:55:00
120,GRN202509150120,190,28,2025-09-15,INV-202509070190-01,2025-09-13,DC-202509070190-01,3,QA Hold Area,Yes,Under Inspection,Under Inspection receipt for Fasteners against PO202509070190,2025-09-15 09:00:00,2025-09-15 10:00:00
121,GRN202509170121,190,28,2025-09-17,INV-202509070190-02,2025-09-15,DC-202509070190-02,6,Mechanical Store,No,Partially Accepted,Partially Accepted receipt for Fasteners against PO202509070190,2025-09-17 09:05:00,2025-09-17 10:05:00
122,GRN202509260122,51,33,2025-09-26,INV-202509090051-01,2025-09-23,DC-202509090051-01,6,Packaging Store,No,Accepted,Accepted receipt for Packaging Materials against PO202509090051,2025-09-26 09:10:00,2025-09-26 10:10:00
123,GRN202509200123,191,32,2025-09-20,INV-202509090191-01,2025-09-17,DC-202509090191-01,7,Packaging Store,Yes,Accepted,Accepted receipt for Packaging Materials against PO202509090191,2025-09-20 09:15:00,2025-09-20 10:15:00
124,GRN202509290124,283,2,2025-09-29,INV-202509100283-01,2025-09-26,DC-202509100283-01,8,QA Hold Area,Yes,Under Inspection,Under Inspection receipt for Electrical Components against PO202509100283,2025-09-29 09:20:00,2025-09-29 10:20:00
125,GRN202510090125,52,4,2025-10-09,INV-202509110052-01,2025-10-09,DC-202509110052-01,9,Packaging Store,No,Closed,Closed receipt for Identification & Documentation against PO202509110052,2025-10-09 09:25:00,2025-10-09 10:25:00
126,GRN202510110126,52,4,2025-10-11,INV-202509110052-02,2025-10-11,DC-202509110052-02,11,Packaging Store,Yes,Accepted,Accepted receipt for Identification & Documentation against PO202509110052,2025-10-11 09:30:00,2025-10-11 10:30:00
127,GRN202510010127,196,21,2025-10-01,INV-202509140196-01,2025-10-01,DC-202509140196-01,11,Electrical Store,Yes,Accepted,Accepted receipt for Electronic Components against PO202509140196,2025-10-01 09:35:00,2025-10-01 10:35:00
128,GRN202510030128,196,21,2025-10-03,INV-202509140196-02,2025-10-03,DC-202509140196-02,13,Electrical Store,Yes,Accepted,Accepted receipt for Electronic Components against PO202509140196,2025-10-03 09:40:00,2025-10-03 10:40:00
129,GRN202510130129,54,13,2025-10-13,INV-202509150054-01,2025-10-11,DC-202509150054-01,13,Mechanical Store,Yes,Partially Accepted,Partially Accepted receipt for Mechanical Components against PO202509150054,2025-10-13 09:45:00,2025-10-13 10:45:00
130,GRN202510100130,54,13,2025-10-10,INV-202509150054-02,2025-10-08,DC-202509150054-02,4,Mechanical Store,Yes,Partially Accepted,Partially Accepted receipt for Mechanical Components against PO202509150054,2025-10-10 09:50:00,2025-10-10 10:50:00
131,GRN202510090131,194,13,2025-10-09,INV-202509150194-01,2025-10-07,DC-202509150194-01,4,Mechanical Store,Yes,Partially Accepted,Partially Accepted receipt for Mechanical Components against PO202509150194,2025-10-09 09:55:00,2025-10-09 10:55:00
132,GRN202510060132,194,13,2025-10-06,INV-202509150194-02,2025-10-04,DC-202509150194-02,7,QA Hold Area,Yes,Under Inspection,Under Inspection receipt for Mechanical Components against PO202509150194,2025-10-06 09:00:00,2025-10-06 10:00:00
133,GRN202510020133,57,17,2025-10-02,INV-202509160057-01,2025-10-01,DC-202509160057-01,7,Packaging Store,No,Received,Received receipt for Packaging Materials against PO202509160057,2025-10-02 09:05:00,2025-10-02 10:05:00
134,GRN202510060134,197,16,2025-10-06,INV-202509160197-01,2025-10-05,DC-202509160197-01,8,Packaging Store,No,Received,Received receipt for Packaging Materials against PO202509160197,2025-10-06 09:10:00,2025-10-06 10:10:00
135,GRN202509300135,55,1,2025-09-30,INV-202509180055-01,2025-09-27,DC-202509180055-01,9,Mechanical Store,No,Partially Accepted,Partially Accepted receipt for Sealing Components against PO202509180055,2025-09-30 09:15:00,2025-09-30 10:15:00
136,GRN202510100136,58,25,2025-10-10,INV-202509180058-01,2025-10-08,DC-202509180058-01,10,Mechanical Store,Yes,Partially Accepted,Partially Accepted receipt for Fasteners against PO202509180058,2025-10-10 09:20:00,2025-10-10 10:20:00
137,GRN202510120137,58,25,2025-10-12,INV-202509180058-02,2025-10-10,DC-202509180058-02,12,Mechanical Store,No,Partially Accepted,Partially Accepted receipt for Fasteners against PO202509180058,2025-10-12 09:25:00,2025-10-12 10:25:00
138,GRN202510080138,195,3,2025-10-08,INV-202509180195-01,2025-10-05,DC-202509180195-01,12,Mechanical Store,Yes,Accepted,Accepted receipt for Sealing Components against PO202509180195,2025-10-08 09:30:00,2025-10-08 10:30:00
139,GRN202510190139,198,27,2025-10-19,INV-202509180198-01,2025-10-17,DC-202509180198-01,13,Mechanical Store,No,Partially Accepted,Partially Accepted receipt for Fasteners against PO202509180198,2025-10-19 09:35:00,2025-10-19 10:35:00
140,GRN202510210140,198,27,2025-10-21,INV-202509180198-02,2025-10-19,DC-202509180198-02,4,Mechanical Store,Yes,Partially Accepted,Partially Accepted receipt for Fasteners against PO202509180198,2025-10-21 09:40:00,2025-10-21 10:40:00
141,GRN202510130141,61,14,2025-10-13,INV-202509190061-01,2025-10-12,DC-202509190061-01,4,Raw Material Store,No,Received,Received receipt for Finished Goods against PO202509190061,2025-10-13 09:45:00,2025-10-13 10:45:00
142,GRN202510070142,201,10,2025-10-07,INV-202509190201-01,2025-10-06,DC-202509190201-01,6,QA Hold Area,Yes,Under Inspection,Under Inspection receipt for Finished Goods against PO202509190201,2025-10-07 09:50:00,2025-10-07 10:50:00
143,GRN202510070143,59,29,2025-10-07,INV-202509200059-01,2025-10-04,DC-202509200059-01,7,Mechanical Store,No,Accepted,Accepted receipt for Fasteners against PO202509200059,2025-10-07 09:55:00,2025-10-07 10:55:00
144,GRN202510170144,62,5,2025-10-17,INV-202509200062-01,2025-10-15,DC-202509200062-01,8,QA Hold Area,Yes,Under Inspection,Under Inspection receipt for Core Components against PO202509200062,2025-10-17 09:00:00,2025-10-17 10:00:00
145,GRN202510190145,62,5,2025-10-19,INV-202509200062-02,2025-10-17,DC-202509200062-02,10,Electrical Store,Yes,Partially Accepted,Partially Accepted receipt for Core Components against PO202509200062,2025-10-19 09:05:00,2025-10-19 10:05:00
146,GRN202510020146,199,28,2025-10-02,INV-202509200199-01,2025-09-29,DC-202509200199-01,10,Mechanical Store,Yes,Accepted,Accepted receipt for Fasteners against PO202509200199,2025-10-02 09:10:00,2025-10-02 10:10:00
147,GRN202510150147,202,4,2025-10-15,INV-202509200202-01,2025-10-13,DC-202509200202-01,11,Electrical Store,Yes,Partially Accepted,Partially Accepted receipt for Core Components against PO202509200202,2025-10-15 09:15:00,2025-10-15 10:15:00
148,GRN202510170148,202,4,2025-10-17,INV-202509200202-02,2025-10-15,DC-202509200202-02,13,Electrical Store,Yes,Partially Accepted,Partially Accepted receipt for Core Components against PO202509200202,2025-10-17 09:20:00,2025-10-17 10:20:00
149,GRN202510160149,284,5,2025-10-16,INV-202509210284-01,2025-10-16,DC-202509210284-01,13,Electrical Store,Yes,Partially Accepted,Partially Accepted receipt for Core Components against PO202509210284,2025-10-16 09:25:00,2025-10-16 10:25:00
150,GRN202510130150,284,5,2025-10-13,INV-202509210284-02,2025-10-13,DC-202509210284-02,4,QA Hold Area,Yes,Under Inspection,Under Inspection receipt for Core Components against PO202509210284,2025-10-13 09:30:00,2025-10-13 10:30:00
151,GRN202510090151,60,35,2025-10-09,INV-202509220060-01,2025-10-09,DC-202509220060-01,4,Consumables Store,No,Accepted,Accepted receipt for Consumables against PO202509220060,2025-10-09 09:35:00,2025-10-09 10:35:00
152,GRN202510110152,60,35,2025-10-11,INV-202509220060-02,2025-10-11,DC-202509220060-02,7,Consumables Store,No,Accepted,Accepted receipt for Consumables against PO202509220060,2025-10-11 09:40:00,2025-10-11 10:40:00
153,GRN202510160153,63,30,2025-10-16,INV-202509230063-01,2025-10-13,DC-202509230063-01,7,Mechanical Store,No,Partially Accepted,Partially Accepted receipt for Fasteners against PO202509230063,2025-10-16 09:45:00,2025-10-16 10:45:00
154,GRN202510090154,203,29,2025-10-09,INV-202509230203-01,2025-10-06,DC-202509230203-01,8,Mechanical Store,Yes,Accepted,Accepted receipt for Fasteners against PO202509230203,2025-10-09 09:50:00,2025-10-09 10:50:00
155,GRN202510050155,66,19,2025-10-05,INV-202509240066-01,2025-10-03,DC-202509240066-01,9,Electrical Store,Yes,Partially Accepted,Partially Accepted receipt for Electronic Components against PO202509240066,2025-10-05 09:55:00,2025-10-05 10:55:00
156,GRN202510070156,66,19,2025-10-07,INV-202509240066-02,2025-10-05,DC-202509240066-02,11,QA Hold Area,Yes,Under Inspection,Under Inspection receipt for Electronic Components against PO202509240066,2025-10-07 09:00:00,2025-10-07 10:00:00
157,GRN202510100157,206,19,2025-10-10,INV-202509240206-01,2025-10-08,DC-202509240206-01,11,Electrical Store,Yes,Partially Accepted,Partially Accepted receipt for Electronic Components against PO202509240206,2025-10-10 09:05:00,2025-10-10 10:05:00
158,GRN202510120158,206,19,2025-10-12,INV-202509240206-02,2025-10-10,DC-202509240206-02,13,Electrical Store,Yes,Partially Accepted,Partially Accepted receipt for Electronic Components against PO202509240206,2025-10-12 09:10:00,2025-10-12 10:10:00
159,GRN202510170159,67,25,2025-10-17,INV-202509260067-01,2025-10-14,DC-202509260067-01,13,Electrical Store,Yes,Accepted,Accepted receipt for Insulation Materials against PO202509260067,2025-10-17 09:15:00,2025-10-17 10:15:00
160,GRN202510190160,204,24,2025-10-19,INV-202509260204-01,2025-10-19,DC-202509260204-01,3,Mechanical Store,Yes,Closed,Closed receipt for Bearings against PO202509260204,2025-10-19 09:20:00,2025-10-19 10:20:00
161,GRN202510160161,204,24,2025-10-16,INV-202509260204-02,2025-10-16,DC-202509260204-02,6,Mechanical Store,Yes,Accepted,Accepted receipt for Bearings against PO202509260204,2025-10-16 09:25:00,2025-10-16 10:25:00
162,GRN202510260162,207,27,2025-10-26,INV-202509260207-01,2025-10-23,DC-202509260207-01,6,Electrical Store,Yes,Partially Accepted,Partially Accepted receipt for Insulation Materials against PO202509260207,2025-10-26 09:30:00,2025-10-26 10:30:00
163,GRN202510210163,68,26,2025-10-21,INV-202509290068-01,2025-10-21,DC-202509290068-01,7,Electrical Store,Yes,Accepted,Accepted receipt for Insulation Materials against PO202509290068,2025-10-21 09:35:00,2025-10-21 10:35:00
164,GRN202510230164,68,26,2025-10-23,INV-202509290068-02,2025-10-23,DC-202509290068-02,9,Electrical Store,Yes,Accepted,Accepted receipt for Insulation Materials against PO202509290068,2025-10-23 09:40:00,2025-10-23 10:40:00
165,GRN202510230165,69,30,2025-10-23,INV-202510020069-01,2025-10-22,DC-202510020069-01,9,QA Hold Area,Yes,Rejected,Rejected receipt for Fasteners against PO202510020069,2025-10-23 09:45:00,2025-10-23 10:45:00
166,GRN202510160166,209,29,2025-10-16,INV-202510020209-01,2025-10-15,DC-202510020209-01,10,QA Hold Area,Yes,Under Inspection,Under Inspection receipt for Fasteners against PO202510020209,2025-10-16 09:50:00,2025-10-16 10:50:00
167,GRN202510240167,285,8,2025-10-24,INV-202510020285-01,2025-10-23,DC-202510020285-01,11,Electrical Store,Yes,Accepted,Accepted receipt for Magnetic Components against PO202510020285,2025-10-24 09:55:00,2025-10-24 10:55:00
168,GRN202510200168,71,29,2025-10-20,INV-202510030071-01,2025-10-17,DC-202510030071-01,12,Mechanical Store,Yes,Accepted,Accepted receipt for Fasteners against PO202510030071,2025-10-20 09:00:00,2025-10-20 10:00:00
169,GRN202510150169,211,28,2025-10-15,INV-202510030211-01,2025-10-12,DC-202510030211-01,13,Mechanical Store,No,Accepted,Accepted receipt for Fasteners against PO202510030211,2025-10-15 09:05:00,2025-10-15 10:05:00
170,GRN202510220170,212,11,2025-10-22,INV-202510040212-01,2025-10-22,DC-202510040212-01,3,Mechanical Store,Yes,Closed,Closed receipt for Mechanical Components against PO202510040212,2025-10-22 09:10:00,2025-10-22 10:10:00
171,GRN202510240171,212,11,2025-10-24,INV-202510040212-02,2025-10-24,DC-202510040212-02,6,Mechanical Store,Yes,Accepted,Accepted receipt for Mechanical Components against PO202510040212,2025-10-24 09:15:00,2025-10-24 10:15:00
172,GRN202510240172,70,35,2025-10-24,INV-202510060070-01,2025-10-22,DC-202510060070-01,6,Packaging Store,No,Partially Accepted,Partially Accepted receipt for Packaging Materials against PO202510060070,2025-10-24 09:20:00,2025-10-24 10:20:00
173,GRN202510260173,70,35,2025-10-26,INV-202510060070-02,2025-10-24,DC-202510060070-02,8,Packaging Store,No,Partially Accepted,Partially Accepted receipt for Packaging Materials against PO202510060070,2025-10-26 09:25:00,2025-10-26 10:25:00
174,GRN202510200174,210,35,2025-10-20,INV-202510060210-01,2025-10-18,DC-202510060210-01,8,QA Hold Area,Yes,Under Inspection,Under Inspection receipt for Packaging Materials against PO202510060210,2025-10-20 09:30:00,2025-10-20 10:30:00
175,GRN202510220175,210,35,2025-10-22,INV-202510060210-02,2025-10-20,DC-202510060210-02,10,Packaging Store,No,Partially Accepted,Partially Accepted receipt for Packaging Materials against PO202510060210,2025-10-22 09:35:00,2025-10-22 10:35:00
176,GRN202510300176,213,12,2025-10-30,INV-202510080213-01,2025-10-29,DC-202510080213-01,10,QA Hold Area,Yes,Rejected,Rejected receipt for Mechanical Components against PO202510080213,2025-10-30 09:40:00,2025-10-30 10:40:00
177,GRN202510310177,74,2,2025-10-31,INV-202510120074-01,2025-10-29,DC-202510120074-01,11,Electrical Store,Yes,Partially Accepted,Partially Accepted receipt for Electrical Components against PO202510120074,2025-10-31 09:45:00,2025-10-31 10:45:00
178,GRN202510280178,74,2,2025-10-28,INV-202510120074-02,2025-10-26,DC-202510120074-02,13,Electrical Store,Yes,Partially Accepted,Partially Accepted receipt for Electrical Components against PO202510120074,2025-10-28 09:50:00,2025-10-28 10:50:00
179,GRN202511050179,214,22,2025-11-05,INV-202510120214-01,2025-11-03,DC-202510120214-01,13,Electrical Store,Yes,Partially Accepted,Partially Accepted receipt for Electrical Components against PO202510120214,2025-11-05 09:55:00,2025-11-05 10:55:00
180,GRN202511020180,214,22,2025-11-02,INV-202510120214-02,2025-10-31,DC-202510120214-02,4,QA Hold Area,Yes,Under Inspection,Under Inspection receipt for Electrical Components against PO202510120214,2025-11-02 09:00:00,2025-11-02 10:00:00
181,GRN202510290181,76,21,2025-10-29,INV-202510150076-01,2025-10-29,DC-202510150076-01,4,Electrical Store,Yes,Accepted,Accepted receipt for Electronic Components against PO202510150076,2025-10-29 09:05:00,2025-10-29 10:05:00
182,GRN202510310182,76,21,2025-10-31,INV-202510150076-02,2025-10-31,DC-202510150076-02,7,Electrical Store,Yes,Accepted,Accepted receipt for Electronic Components against PO202510150076,2025-10-31 09:10:00,2025-10-31 10:10:00
183,GRN202511090183,77,8,2025-11-09,INV-202510160077-01,2025-11-08,DC-202510160077-01,7,QA Hold Area,Yes,Under Inspection,Under Inspection receipt for Magnetic Components against PO202510160077,2025-11-09 09:15:00,2025-11-09 10:15:00
184,GRN202510280184,75,20,2025-10-28,INV-202510170075-01,2025-10-25,DC-202510170075-01,8,Electrical Store,Yes,Accepted,Accepted receipt for Electronic Components against PO202510170075,2025-10-28 09:20:00,2025-10-28 10:20:00
185,GRN202511020185,215,20,2025-11-02,INV-202510170215-01,2025-10-30,DC-202510170215-01,9,Electrical Store,Yes,Accepted,Accepted receipt for Electronic Components against PO202510170215,2025-11-02 09:25:00,2025-11-02 10:25:00
186,GRN202511070186,78,30,2025-11-07,INV-202510180078-01,2025-11-05,DC-202510180078-01,10,QA Hold Area,Yes,Under Inspection,Under Inspection receipt for Fasteners against PO202510180078,2025-11-07 09:30:00,2025-11-07 10:30:00
187,GRN202511090187,78,30,2025-11-09,INV-202510180078-02,2025-11-07,DC-202510180078-02,12,Mechanical Store,No,Partially Accepted,Partially Accepted receipt for Fasteners against PO202510180078,2025-11-09 09:35:00,2025-11-09 10:35:00
188,GRN202510310188,218,29,2025-10-31,INV-202510180218-01,2025-10-29,DC-202510180218-01,12,Mechanical Store,Yes,Partially Accepted,Partially Accepted receipt for Fasteners against PO202510180218,2025-10-31 09:40:00,2025-10-31 10:40:00
189,GRN202511020189,218,29,2025-11-02,INV-202510180218-02,2025-10-31,DC-202510180218-02,3,Mechanical Store,No,Partially Accepted,Partially Accepted receipt for Fasteners against PO202510180218,2025-11-02 09:45:00,2025-11-02 10:45:00
190,GRN202511270190,81,9,2025-11-27,INV-202510210081-01,2025-11-26,DC-202510210081-01,3,QA Hold Area,Yes,Under Inspection,Under Inspection receipt for Magnetic Components against PO202510210081,2025-11-27 09:50:00,2025-11-27 10:50:00
191,GRN202511130191,221,8,2025-11-13,INV-202510210221-01,2025-11-12,DC-202510210221-01,4,QA Hold Area,Yes,Under Inspection,Under Inspection receipt for Magnetic Components against PO202510210221,2025-11-13 09:55:00,2025-11-13 10:55:00
192,GRN202511130192,79,31,2025-11-13,INV-202510240079-01,2025-11-10,DC-202510240079-01,6,Consumables Store,Yes,Accepted,Accepted receipt for Consumables against PO202510240079,2025-11-13 09:00:00,2025-11-13 10:00:00
193,GRN202511100193,219,33,2025-11-10,INV-202510240219-01,2025-11-07,DC-202510240219-01,7,Consumables Store,No,Accepted,Accepted receipt for Consumables against PO202510240219,2025-11-10 09:05:00,2025-11-10 10:05:00
194,GRN202511180194,287,14,2025-11-18,INV-202510240287-01,2025-11-15,DC-202510240287-01,8,Consumables Store,No,Received,Received receipt for Consumables against PO202510240287,2025-11-18 09:10:00,2025-11-18 10:10:00
195,GRN202511040195,82,19,2025-11-04,INV-202510250082-01,2025-11-02,DC-202510250082-01,9,Electrical Store,Yes,Partially Accepted,Partially Accepted receipt for Electronic Components against PO202510250082,2025-11-04 09:15:00,2025-11-04 10:15:00
196,GRN202511060196,82,19,2025-11-06,INV-202510250082-02,2025-11-04,DC-202510250082-02,11,Electrical Store,Yes,Partially Accepted,Partially Accepted receipt for Electronic Components against PO202510250082,2025-11-06 09:20:00,2025-11-06 10:20:00
197,GRN202511090197,220,35,2025-11-09,INV-202510250220-01,2025-11-09,DC-202510250220-01,11,Packaging Store,No,Accepted,Accepted receipt for Identification & Documentation against PO202510250220,2025-11-09 09:25:00,2025-11-09 10:25:00
198,GRN202511110198,220,35,2025-11-11,INV-202510250220-02,2025-11-11,DC-202510250220-02,13,Packaging Store,Yes,Accepted,Accepted receipt for Identification & Documentation against PO202510250220,2025-11-11 09:30:00,2025-11-11 10:30:00
199,GRN202511090199,222,19,2025-11-09,INV-202510250222-01,2025-11-07,DC-202510250222-01,13,Electrical Store,Yes,Partially Accepted,Partially Accepted receipt for Electronic Components against PO202510250222,2025-11-09 09:35:00,2025-11-09 10:35:00
200,GRN202511110200,222,19,2025-11-11,INV-202510250222-02,2025-11-09,DC-202510250222-02,4,Electrical Store,Yes,Partially Accepted,Partially Accepted receipt for Electronic Components against PO202510250222,2025-11-11 09:40:00,2025-11-11 10:40:00
201,GRN202511090201,83,20,2025-11-09,INV-202510270083-01,2025-11-06,DC-202510270083-01,4,Electrical Store,Yes,Accepted,Accepted receipt for Electronic Components against PO202510270083,2025-11-09 09:45:00,2025-11-09 10:45:00
202,GRN202511140202,223,20,2025-11-14,INV-202510270223-01,2025-11-11,DC-202510270223-01,6,Electrical Store,Yes,Accepted,Accepted receipt for Electronic Components against PO202510270223,2025-11-14 09:50:00,2025-11-14 10:50:00
203,GRN202511110203,86,29,2025-11-11,INV-202510280086-01,2025-11-09,DC-202510280086-01,7,Mechanical Store,No,Partially Accepted,Partially Accepted receipt for Fasteners against PO202510280086,2025-11-11 09:55:00,2025-11-11 10:55:00
204,GRN202511130204,86,29,2025-11-13,INV-202510280086-02,2025-11-11,DC-202510280086-02,9,QA Hold Area,Yes,Under Inspection,Under Inspection receipt for Fasteners against PO202510280086,2025-11-13 09:00:00,2025-11-13 10:00:00
205,GRN202511060205,226,28,2025-11-06,INV-202510280226-01,2025-11-04,DC-202510280226-01,9,Mechanical Store,No,Partially Accepted,Partially Accepted receipt for Fasteners against PO202510280226,2025-11-06 09:05:00,2025-11-06 10:05:00
206,GRN202511080206,226,28,2025-11-08,INV-202510280226-02,2025-11-06,DC-202510280226-02,11,Mechanical Store,Yes,Partially Accepted,Partially Accepted receipt for Fasteners against PO202510280226,2025-11-08 09:10:00,2025-11-08 10:10:00
207,GRN202511140207,84,21,2025-11-14,INV-202510290084-01,2025-11-14,DC-202510290084-01,11,Electrical Store,Yes,Accepted,Accepted receipt for Electronic Components against PO202510290084,2025-11-14 09:15:00,2025-11-14 10:15:00
208,GRN202511110208,84,21,2025-11-11,INV-202510290084-02,2025-11-11,DC-202510290084-02,13,Electrical Store,Yes,Accepted,Accepted receipt for Electronic Components against PO202510290084,2025-11-11 09:20:00,2025-11-11 10:20:00
209,GRN202511170209,87,33,2025-11-17,INV-202510300087-01,2025-11-14,DC-202510300087-01,13,Consumables Store,No,Accepted,Accepted receipt for Consumables against PO202510300087,2025-11-17 09:25:00,2025-11-17 10:25:00
210,GRN202511110210,227,32,2025-11-11,INV-202510300227-01,2025-11-08,DC-202510300227-01,3,Consumables Store,Yes,Accepted,Accepted receipt for Consumables against PO202510300227,2025-11-11 09:30:00,2025-11-11 10:30:00
211,GRN202511210211,228,35,2025-11-21,INV-202511040228-01,2025-11-21,DC-202511040228-01,4,Packaging Store,No,Accepted,Accepted receipt for Identification & Documentation against PO202511040228,2025-11-21 09:35:00,2025-11-21 10:35:00
212,GRN202511230212,228,35,2025-11-23,INV-202511040228-02,2025-11-23,DC-202511040228-02,7,Packaging Store,No,Accepted,Accepted receipt for Identification & Documentation against PO202511040228,2025-11-23 09:40:00,2025-11-23 10:40:00
213,GRN202511260213,288,17,2025-11-26,INV-202511040288-01,2025-11-26,DC-202511040288-01,7,Mechanical Store,Yes,Partially Accepted,Partially Accepted receipt for Bearings against PO202511040288,2025-11-26 09:45:00,2025-11-26 10:45:00
214,GRN202511280214,288,17,2025-11-28,INV-202511040288-02,2025-11-28,DC-202511040288-02,9,Mechanical Store,Yes,Partially Accepted,Partially Accepted receipt for Bearings against PO202511040288,2025-11-28 09:50:00,2025-11-28 10:50:00
215,GRN202511210215,91,10,2025-11-21,INV-202511050091-01,2025-11-18,DC-202511050091-01,9,Mechanical Store,No,Accepted,Accepted receipt for Sealing Components against PO202511050091,2025-11-21 09:55:00,2025-11-21 10:55:00
216,GRN202511260216,231,10,2025-11-26,INV-202511050231-01,2025-11-23,DC-202511050231-01,10,Mechanical Store,Yes,Partially Accepted,Partially Accepted receipt for Sealing Components against PO202511050231,2025-11-26 09:00:00,2025-11-26 10:00:00
217,GRN202511270217,89,29,2025-11-27,INV-202511070089-01,2025-11-26,DC-202511070089-01,11,Mechanical Store,No,Received,Received receipt for Fasteners against PO202511070089,2025-11-27 09:05:00,2025-11-27 10:05:00
218,GRN202511220218,229,28,2025-11-22,INV-202511070229-01,2025-11-21,DC-202511070229-01,12,QA Hold Area,Yes,Under Inspection,Under Inspection receipt for Fasteners against PO202511070229,2025-11-22 09:10:00,2025-11-22 10:10:00
219,GRN202512030219,90,14,2025-12-03,INV-202511080090-01,2025-12-01,DC-202511080090-01,13,Mechanical Store,Yes,Partially Accepted,Partially Accepted receipt for Mechanical Components against PO202511080090,2025-12-03 09:15:00,2025-12-03 10:15:00
220,GRN202512050220,90,14,2025-12-05,INV-202511080090-02,2025-12-03,DC-202511080090-02,4,Mechanical Store,Yes,Partially Accepted,Partially Accepted receipt for Mechanical Components against PO202511080090,2025-12-05 09:20:00,2025-12-05 10:20:00
221,GRN202511250221,92,2,2025-11-25,INV-202511080092-01,2025-11-25,DC-202511080092-01,4,Electrical Store,Yes,Accepted,Accepted receipt for Electrical Components against PO202511080092,2025-11-25 09:25:00,2025-11-25 10:25:00
222,GRN202511270222,92,2,2025-11-27,INV-202511080092-02,2025-11-27,DC-202511080092-02,7,Electrical Store,Yes,Accepted,Accepted receipt for Electrical Components against PO202511080092,2025-11-27 09:30:00,2025-11-27 10:30:00
223,GRN202511290223,230,14,2025-11-29,INV-202511080230-01,2025-11-27,DC-202511080230-01,7,Mechanical Store,Yes,Partially Accepted,Partially Accepted receipt for Mechanical Components against PO202511080230,2025-11-29 09:35:00,2025-11-29 10:35:00
224,GRN202512010224,230,14,2025-12-01,INV-202511080230-02,2025-11-29,DC-202511080230-02,9,Mechanical Store,Yes,Partially Accepted,Partially Accepted receipt for Mechanical Components against PO202511080230,2025-12-01 09:40:00,2025-12-01 10:40:00
225,GRN202511240225,93,18,2025-11-24,INV-202511100093-01,2025-11-23,DC-202511100093-01,9,QA Hold Area,Yes,Under Inspection,Under Inspection receipt for Electronic Components against PO202511100093,2025-11-24 09:45:00,2025-11-24 10:45:00
226,GRN202511290226,233,18,2025-11-29,INV-202511100233-01,2025-11-28,DC-202511100233-01,10,QA Hold Area,Yes,Under Inspection,Under Inspection receipt for Electronic Components against PO202511100233,2025-11-29 09:50:00,2025-11-29 10:50:00
227,GRN202512020227,94,22,2025-12-02,INV-202511110094-01,2025-11-30,DC-202511110094-01,11,Electrical Store,Yes,Partially Accepted,Partially Accepted receipt for Electrical Components against PO202511110094,2025-12-02 09:55:00,2025-12-02 10:55:00
228,GRN202511290228,94,22,2025-11-29,INV-202511110094-02,2025-11-27,DC-202511110094-02,13,QA Hold Area,Yes,Under Inspection,Under Inspection receipt for Electrical Components against PO202511110094,2025-11-29 09:00:00,2025-11-29 10:00:00
229,GRN202512070229,234,24,2025-12-07,INV-202511110234-01,2025-12-05,DC-202511110234-01,13,Electrical Store,Yes,Partially Accepted,Partially Accepted receipt for Electrical Components against PO202511110234,2025-12-07 09:05:00,2025-12-07 10:05:00
230,GRN202512040230,234,24,2025-12-04,INV-202511110234-02,2025-12-02,DC-202511110234-02,4,Electrical Store,Yes,Partially Accepted,Partially Accepted receipt for Electrical Components against PO202511110234,2025-12-04 09:10:00,2025-12-04 10:10:00
231,GRN202511270231,95,20,2025-11-27,INV-202511140095-01,2025-11-24,DC-202511140095-01,4,Electrical Store,Yes,Accepted,Accepted receipt for Electronic Components against PO202511140095,2025-11-27 09:15:00,2025-11-27 10:15:00
232,GRN202511230232,235,20,2025-11-23,INV-202511140235-01,2025-11-20,DC-202511140235-01,6,Electrical Store,Yes,Accepted,Accepted receipt for Electronic Components against PO202511140235,2025-11-23 09:20:00,2025-11-23 10:20:00
233,GRN202511250233,236,29,2025-11-25,INV-202511140236-01,2025-11-25,DC-202511140236-01,7,Mechanical Store,No,Accepted,Accepted receipt for Fasteners against PO202511140236,2025-11-25 09:25:00,2025-11-25 10:25:00
234,GRN202511270234,236,29,2025-11-27,INV-202511140236-02,2025-11-27,DC-202511140236-02,9,Mechanical Store,Yes,Accepted,Accepted receipt for Fasteners against PO202511140236,2025-11-27 09:30:00,2025-11-27 10:30:00
235,GRN202511300235,289,20,2025-11-30,INV-202511150289-01,2025-11-29,DC-202511150289-01,9,Electrical Store,Yes,Accepted,Accepted receipt for Electronic Components against PO202511150289,2025-11-30 09:35:00,2025-11-30 10:35:00
236,GRN202512120236,290,23,2025-12-12,INV-202511260290-01,2025-12-10,DC-202511260290-01,10,Mechanical Store,Yes,Accepted,Accepted receipt for Sealing Components against PO202511260290,2025-12-12 09:40:00,2025-12-12 10:40:00
237,GRN202512220237,97,1,2025-12-22,INV-202512020097-01,2025-12-21,DC-202512020097-01,11,QA Hold Area,Yes,Under Inspection,Under Inspection receipt for Electrical Components against PO202512020097,2025-12-22 09:45:00,2025-12-22 10:45:00
238,GRN202512210238,237,3,2025-12-21,INV-202512020237-01,2025-12-20,DC-202512020237-01,12,QA Hold Area,Yes,Under Inspection,Under Inspection receipt for Electrical Components against PO202512020237,2025-12-21 09:50:00,2025-12-21 10:50:00
239,GRN202512240239,98,19,2025-12-24,INV-202512060098-01,2025-12-22,DC-202512060098-01,13,Electrical Store,Yes,Partially Accepted,Partially Accepted receipt for Electronic Components against PO202512060098,2025-12-24 09:55:00,2025-12-24 10:55:00
240,GRN202512260240,98,19,2025-12-26,INV-202512060098-02,2025-12-24,DC-202512060098-02,4,QA Hold Area,Yes,Under Inspection,Under Inspection receipt for Electronic Components against PO202512060098,2025-12-26 09:00:00,2025-12-26 10:00:00
241,GRN202512200241,238,19,2025-12-20,INV-202512060238-01,2025-12-18,DC-202512060238-01,4,Electrical Store,Yes,Partially Accepted,Partially Accepted receipt for Electronic Components against PO202512060238,2025-12-20 09:05:00,2025-12-20 10:05:00
242,GRN202512220242,238,19,2025-12-22,INV-202512060238-02,2025-12-20,DC-202512060238-02,7,Electrical Store,Yes,Partially Accepted,Partially Accepted receipt for Electronic Components against PO202512060238,2025-12-22 09:10:00,2025-12-22 10:10:00
243,GRN202601010243,99,30,2026-01-01,INV-202512080099-01,2025-12-29,DC-202512080099-01,7,Mechanical Store,No,Partially Accepted,Partially Accepted receipt for Fasteners against PO202512080099,2026-01-01 09:15:00,2026-01-01 10:15:00
244,GRN202512250244,239,29,2025-12-25,INV-202512080239-01,2025-12-22,DC-202512080239-01,8,Mechanical Store,Yes,Accepted,Accepted receipt for Fasteners against PO202512080239,2025-12-25 09:20:00,2025-12-25 10:20:00
245,GRN202601030245,292,29,2026-01-03,INV-202512180292-01,2026-01-03,DC-202512180292-01,9,Mechanical Store,No,Partially Accepted,Partially Accepted receipt for Fasteners against PO202512180292,2026-01-03 09:25:00,2026-01-03 10:25:00
246,GRN202601050246,292,29,2026-01-05,INV-202512180292-02,2026-01-05,DC-202512180292-02,11,QA Hold Area,Yes,Under Inspection,Under Inspection receipt for Fasteners against PO202512180292,2026-01-05 09:30:00,2026-01-05 10:30:00
247,GRN202512310247,101,34,2025-12-31,INV-202512190101-01,2025-12-30,DC-202512190101-01,11,Packaging Store,No,Received,Received receipt for Packaging Materials against PO202512190101,2025-12-31 09:35:00,2025-12-31 10:35:00
248,GRN202601050248,241,34,2026-01-05,INV-202512190241-01,2026-01-04,DC-202512190241-01,12,Packaging Store,No,Received,Received receipt for Packaging Materials against PO202512190241,2026-01-05 09:40:00,2026-01-05 10:40:00
249,GRN202601090249,100,4,2026-01-09,INV-202512200100-01,2026-01-09,DC-202512200100-01,13,Electrical Store,Yes,Accepted,Accepted receipt for Core Components against PO202512200100,2026-01-09 09:45:00,2026-01-09 10:45:00
250,GRN202601110250,100,4,2026-01-11,INV-202512200100-02,2026-01-11,DC-202512200100-02,4,Electrical Store,Yes,Closed,Closed receipt for Core Components against PO202512200100,2026-01-11 09:50:00,2026-01-11 10:50:00
251,GRN202601070251,102,30,2026-01-07,INV-202512220102-01,2026-01-05,DC-202512220102-01,4,Mechanical Store,No,Partially Accepted,Partially Accepted receipt for Fasteners against PO202512220102,2026-01-07 09:55:00,2026-01-07 10:55:00
252,GRN202601090252,102,30,2026-01-09,INV-202512220102-02,2026-01-07,DC-202512220102-02,7,QA Hold Area,Yes,Under Inspection,Under Inspection receipt for Fasteners against PO202512220102,2026-01-09 09:00:00,2026-01-09 10:00:00
253,GRN202601090253,242,29,2026-01-09,INV-202512220242-01,2026-01-07,DC-202512220242-01,7,Mechanical Store,No,Partially Accepted,Partially Accepted receipt for Fasteners against PO202512220242,2026-01-09 09:05:00,2026-01-09 10:05:00
254,GRN202601110254,242,29,2026-01-11,INV-202512220242-02,2026-01-09,DC-202512220242-02,9,Mechanical Store,Yes,Partially Accepted,Partially Accepted receipt for Fasteners against PO202512220242,2026-01-11 09:10:00,2026-01-11 10:10:00
255,GRN202601060255,103,28,2026-01-06,INV-202512230103-01,2026-01-03,DC-202512230103-01,9,Mechanical Store,No,Accepted,Accepted receipt for Fasteners against PO202512230103,2026-01-06 09:15:00,2026-01-06 10:15:00
256,GRN202601150256,243,30,2026-01-15,INV-202512230243-01,2026-01-12,DC-202512230243-01,10,Mechanical Store,Yes,Accepted,Accepted receipt for Fasteners against PO202512230243,2026-01-15 09:20:00,2026-01-15 10:20:00
257,GRN202601130257,244,22,2026-01-13,INV-202512260244-01,2026-01-13,DC-202512260244-01,11,Electrical Store,Yes,Accepted,Accepted receipt for Electrical Components against PO202512260244,2026-01-13 09:25:00,2026-01-13 10:25:00
258,GRN202601100258,244,22,2026-01-10,INV-202512260244-02,2026-01-10,DC-202512260244-02,13,Electrical Store,Yes,Accepted,Accepted receipt for Electrical Components against PO202512260244,2026-01-10 09:30:00,2026-01-10 10:30:00
259,GRN202601270259,106,7,2026-01-27,INV-202512290106-01,2026-01-25,DC-202512290106-01,13,Electrical Store,Yes,Partially Accepted,Partially Accepted receipt for Magnetic Components against PO202512290106,2026-01-27 09:35:00,2026-01-27 10:35:00
260,GRN202601290260,106,7,2026-01-29,INV-202512290106-02,2026-01-27,DC-202512290106-02,4,Electrical Store,Yes,Partially Accepted,Partially Accepted receipt for Magnetic Components against PO202512290106,2026-01-29 09:40:00,2026-01-29 10:40:00
261,GRN202601290261,246,9,2026-01-29,INV-202512290246-01,2026-01-27,DC-202512290246-01,4,Electrical Store,Yes,Partially Accepted,Partially Accepted receipt for Magnetic Components against PO202512290246,2026-01-29 09:45:00,2026-01-29 10:45:00
262,GRN202601310262,246,9,2026-01-31,INV-202512290246-02,2026-01-29,DC-202512290246-02,7,Electrical Store,Yes,Partially Accepted,Partially Accepted receipt for Magnetic Components against PO202512290246,2026-01-31 09:50:00,2026-01-31 10:50:00
263,GRN202601160263,293,32,2026-01-16,INV-202512290293-01,2026-01-15,DC-202512290293-01,7,Consumables Store,No,Accepted,Accepted receipt for Consumables against PO202512290293,2026-01-16 09:55:00,2026-01-16 10:55:00
264,GRN202601180264,107,29,2026-01-18,INV-202512310107-01,2026-01-15,DC-202512310107-01,8,Mechanical Store,Yes,Accepted,Accepted receipt for Fasteners against PO202512310107,2026-01-18 09:00:00,2026-01-18 10:00:00
265,GRN202601130265,247,28,2026-01-13,INV-202512310247-01,2026-01-10,DC-202512310247-01,9,Mechanical Store,No,Accepted,Accepted receipt for Fasteners against PO202512310247,2026-01-13 09:05:00,2026-01-13 10:05:00
266,GRN202601280266,108,24,2026-01-28,INV-202601030108-01,2026-01-28,DC-202601030108-01,10,Electrical Store,Yes,Accepted,Accepted receipt for Electrical Components against PO202601030108,2026-01-28 09:10:00,2026-01-28 10:10:00
267,GRN202601300267,108,24,2026-01-30,INV-202601030108-02,2026-01-30,DC-202601030108-02,12,Electrical Store,Yes,Accepted,Accepted receipt for Electrical Components against PO202601030108,2026-01-30 09:15:00,2026-01-30 10:15:00
268,GRN202601230268,249,18,2026-01-23,INV-202601050249-01,2026-01-22,DC-202601050249-01,12,QA Hold Area,Yes,Under Inspection,Under Inspection receipt for Electronic Components against PO202601050249,2026-01-23 09:20:00,2026-01-23 10:20:00
269,GRN202601210269,111,30,2026-01-21,INV-202601060111-01,2026-01-18,DC-202601060111-01,13,Mechanical Store,No,Accepted,Accepted receipt for Fasteners against PO202601060111,2026-01-21 09:25:00,2026-01-21 10:25:00
270,GRN202601230270,251,29,2026-01-23,INV-202601060251-01,2026-01-20,DC-202601060251-01,3,Mechanical Store,Yes,Partially Accepted,Partially Accepted receipt for Fasteners against PO202601060251,2026-01-23 09:30:00,2026-01-23 10:30:00
271,GRN202601170271,110,19,2026-01-17,INV-202601080110-01,2026-01-15,DC-202601080110-01,4,Electrical Store,Yes,Partially Accepted,Partially Accepted receipt for Electronic Components against PO202601080110,2026-01-17 09:35:00,2026-01-17 10:35:00
272,GRN202601190272,110,19,2026-01-19,INV-202601080110-02,2026-01-17,DC-202601080110-02,7,Electrical Store,Yes,Partially Accepted,Partially Accepted receipt for Electronic Components against PO202601080110,2026-01-19 09:40:00,2026-01-19 10:40:00
273,GRN202601220273,250,19,2026-01-22,INV-202601080250-01,2026-01-20,DC-202601080250-01,7,Electrical Store,Yes,Partially Accepted,Partially Accepted receipt for Electronic Components against PO202601080250,2026-01-22 09:45:00,2026-01-22 10:45:00
274,GRN202601240274,250,19,2026-01-24,INV-202601080250-02,2026-01-22,DC-202601080250-02,9,Electrical Store,Yes,Partially Accepted,Partially Accepted receipt for Electronic Components against PO202601080250,2026-01-24 09:50:00,2026-01-24 10:50:00
275,GRN202601300275,252,11,2026-01-30,INV-202601080252-01,2026-01-30,DC-202601080252-01,9,Mechanical Store,No,Closed,Closed receipt for Sealing Components against PO202601080252,2026-01-30 09:55:00,2026-01-30 10:55:00
276,GRN202602010276,252,11,2026-02-01,INV-202601080252-02,2026-02-01,DC-202601080252-02,11,Mechanical Store,Yes,Accepted,Accepted receipt for Sealing Components against PO202601080252,2026-02-01 09:00:00,2026-02-01 10:00:00
277,GRN202601290277,113,23,2026-01-29,INV-202601090113-01,2026-01-28,DC-202601090113-01,11,QA Hold Area,Yes,Under Inspection,Under Inspection receipt for Electrical Components against PO202601090113,2026-01-29 09:05:00,2026-01-29 10:05:00
278,GRN202602080278,116,10,2026-02-08,INV-202601160116-01,2026-02-08,DC-202601160116-01,12,Mechanical Store,Yes,Accepted,Accepted receipt for Mechanical Components against PO202601160116,2026-02-08 09:10:00,2026-02-08 10:10:00
279,GRN202602100279,116,10,2026-02-10,INV-202601160116-02,2026-02-10,DC-202601160116-02,3,Mechanical Store,Yes,Accepted,Accepted receipt for Mechanical Components against PO202601160116,2026-02-10 09:15:00,2026-02-10 10:15:00
280,GRN202602050280,114,19,2026-02-05,INV-202601190114-01,2026-02-03,DC-202601190114-01,3,Electrical Store,Yes,Partially Accepted,Partially Accepted receipt for Electronic Components against PO202601190114,2026-02-05 09:20:00,2026-02-05 10:20:00
281,GRN202602020281,114,19,2026-02-02,INV-202601190114-02,2026-01-31,DC-202601190114-02,6,Electrical Store,Yes,Partially Accepted,Partially Accepted receipt for Electronic Components against PO202601190114,2026-02-02 09:25:00,2026-02-02 10:25:00
282,GRN202602010282,254,19,2026-02-01,INV-202601190254-01,2026-01-30,DC-202601190254-01,6,QA Hold Area,Yes,Under Inspection,Under Inspection receipt for Electronic Components against PO202601190254,2026-02-01 09:30:00,2026-02-01 10:30:00
283,GRN202601290283,254,19,2026-01-29,INV-202601190254-02,2026-01-27,DC-202601190254-02,8,Electrical Store,Yes,Partially Accepted,Partially Accepted receipt for Electronic Components against PO202601190254,2026-01-29 09:35:00,2026-01-29 10:35:00
284,GRN202602150284,115,4,2026-02-15,INV-202601200115-01,2026-02-12,DC-202601200115-01,8,Electrical Store,Yes,Accepted,Accepted receipt for Core Components against PO202601200115,2026-02-15 09:40:00,2026-02-15 10:40:00
285,GRN202602160285,255,6,2026-02-16,INV-202601200255-01,2026-02-13,DC-202601200255-01,9,Electrical Store,Yes,Accepted,Accepted receipt for Core Components against PO202601200255,2026-02-16 09:45:00,2026-02-16 10:45:00
286,GRN202602120286,117,11,2026-02-12,INV-202601210117-01,2026-02-11,DC-202601210117-01,10,QA Hold Area,Yes,Rejected,Rejected receipt for Sealing Components against PO202601210117,2026-02-12 09:50:00,2026-02-12 10:50:00
287,GRN202602080287,257,11,2026-02-08,INV-202601210257-01,2026-02-07,DC-202601210257-01,11,Mechanical Store,No,Received,Received receipt for Sealing Components against PO202601210257,2026-02-08 09:55:00,2026-02-08 10:55:00
288,GRN202602070288,118,35,2026-02-07,INV-202601230118-01,2026-02-05,DC-202601230118-01,12,QA Hold Area,Yes,Under Inspection,Under Inspection receipt for Packaging Materials against PO202601230118,2026-02-07 09:00:00,2026-02-07 10:00:00
289,GRN202602090289,118,35,2026-02-09,INV-202601230118-02,2026-02-07,DC-202601230118-02,3,Packaging Store,No,Partially Accepted,Partially Accepted receipt for Packaging Materials against PO202601230118,2026-02-09 09:05:00,2026-02-09 10:05:00
290,GRN202602120290,258,35,2026-02-12,INV-202601230258-01,2026-02-10,DC-202601230258-01,3,Packaging Store,No,Partially Accepted,Partially Accepted receipt for Packaging Materials against PO202601230258,2026-02-12 09:10:00,2026-02-12 10:10:00
291,GRN202602140291,258,35,2026-02-14,INV-202601230258-02,2026-02-12,DC-202601230258-02,6,Packaging Store,Yes,Partially Accepted,Partially Accepted receipt for Packaging Materials against PO202601230258,2026-02-14 09:15:00,2026-02-14 10:15:00
292,GRN202602070292,119,20,2026-02-07,INV-202601240119-01,2026-02-04,DC-202601240119-01,6,Electrical Store,Yes,Accepted,Accepted receipt for Electronic Components against PO202601240119,2026-02-07 09:20:00,2026-02-07 10:20:00
293,GRN202602120293,259,20,2026-02-12,INV-202601240259-01,2026-02-09,DC-202601240259-01,7,Electrical Store,Yes,Accepted,Accepted receipt for Electronic Components against PO202601240259,2026-02-12 09:25:00,2026-02-12 10:25:00
294,GRN202602190294,260,26,2026-02-19,INV-202601280260-01,2026-02-19,DC-202601280260-01,8,Electrical Store,Yes,Accepted,Accepted receipt for Insulation Materials against PO202601280260,2026-02-19 09:30:00,2026-02-19 10:30:00
295,GRN202602210295,260,26,2026-02-21,INV-202601280260-02,2026-02-21,DC-202601280260-02,10,Electrical Store,Yes,Closed,Closed receipt for Insulation Materials against PO202601280260,2026-02-21 09:35:00,2026-02-21 10:35:00
296,GRN202602100296,121,28,2026-02-10,INV-202601290121-01,2026-02-09,DC-202601290121-01,10,QA Hold Area,Yes,Under Inspection,Under Inspection receipt for Fasteners against PO202601290121,2026-02-10 09:40:00,2026-02-10 10:40:00
297,GRN202602190297,261,30,2026-02-19,INV-202601290261-01,2026-02-18,DC-202601290261-01,11,QA Hold Area,Yes,Rejected,Rejected receipt for Fasteners against PO202601290261,2026-02-19 09:45:00,2026-02-19 10:45:00
298,GRN202602230298,122,5,2026-02-23,INV-202601300122-01,2026-02-21,DC-202601300122-01,12,Electrical Store,Yes,Partially Accepted,Partially Accepted receipt for Core Components against PO202601300122,2026-02-23 09:50:00,2026-02-23 10:50:00
299,GRN202602250299,122,5,2026-02-25,INV-202601300122-02,2026-02-23,DC-202601300122-02,3,Electrical Store,Yes,Partially Accepted,Partially Accepted receipt for Core Components against PO202601300122,2026-02-25 09:55:00,2026-02-25 10:55:00
300,GRN202602210300,262,4,2026-02-21,INV-202601300262-01,2026-02-19,DC-202601300262-01,3,QA Hold Area,Yes,Under Inspection,Under Inspection receipt for Core Components against PO202601300262,2026-02-21 09:00:00,2026-02-21 10:00:00
