move_order_id,move_order_number,move_order_date,move_order_type,source_location,destination_location,requested_by,approved_by,moved_by,reference_type,reference_id,priority,move_status,remarks,created_at,updated_at
1,MO2025010200001,2025-01-02,Raw Material Transfer,Raw Material Store,Electrical Store,1,1,1,Manual Transfer,,High,Completed,Raw Material Transfer for motor manufacturing warehouse movement,2025-01-02 09:00:00,2025-01-02 15:00:00
2,MO2025051100002,2025-05-11,Production Issue Transfer,Electrical Store,Production Line 2,1,1,1,Production Order,2,High,Completed,Production Issue Transfer for motor manufacturing warehouse movement,2025-05-11 09:07:00,2025-05-11 15:11:00
3,MO2025051300003,2025-05-13,Semi-Finished Transfer,Production Line 1,Semi-Finished Store,1,1,1,Production Order,3,Medium,In Transit,Semi-Finished Transfer for motor manufacturing warehouse movement,2025-05-13 09:14:00,2025-05-13 15:22:00
4,MO2025051400004,2025-05-14,Finished Goods Transfer,Semi-Finished Store,Finished Goods Store,1,1,1,Finished Goods Receipt,4,Medium,Approved,Finished Goods Transfer for motor manufacturing warehouse movement,2025-05-14 09:21:00,2025-05-14 15:33:00
5,MO2025051600005,2025-05-16,QA Hold Transfer,Production Line 1,QA Hold Area,1,1,1,Finished Goods Receipt,5,High,Requested,QA Hold Transfer for motor manufacturing warehouse movement,2025-05-16 09:28:00,2025-05-16 15:44:00
6,MO2025051800006,2025-05-18,Rejection Transfer,QA Hold Area,Rejection Bay,1,1,1,Finished Goods Receipt,6,High,Draft,Draft rejection transfer request awaiting confirmation,2025-05-18 09:35:00,2025-05-18 15:55:00
7,MO2025041700007,2025-04-17,Dispatch Staging Transfer,Finished Goods Store,Dispatch Staging Area,1,1,1,Customer Order,7,Low,Cancelled,Dispatch Staging Transfer cancelled due to revised material movement plan,2025-04-17 09:42:00,2025-04-17 15:06:00
8,MO2025010300008,2025-01-03,Raw Material Transfer,Raw Material Store,Mechanical Store,1,1,1,Manual Transfer,,Medium,Rejected,Raw Material Transfer rejected due to location or quantity mismatch,2025-01-03 09:49:00,2025-01-03 15:17:00
9,MO2025080700009,2025-08-07,Production Issue Transfer,Raw Material Store,Production Line 1,1,1,1,Production Order,9,High,Completed,Production Issue Transfer for motor manufacturing warehouse movement,2025-08-07 09:56:00,2025-08-07 15:28:00
10,MO2025081000010,2025-08-10,Semi-Finished Transfer,Production Line 2,Semi-Finished Store,1,1,1,Production Order,10,Medium,Completed,Semi-Finished Transfer for motor manufacturing warehouse movement,2025-08-10 09:03:00,2025-08-10 15:39:00
11,MO2025081100011,2025-08-11,Finished Goods Transfer,Semi-Finished Store,Finished Goods Store,1,1,1,Finished Goods Receipt,11,Medium,In Transit,Finished Goods Transfer for motor manufacturing warehouse movement,2025-08-11 09:10:00,2025-08-11 15:50:00
12,MO2025081300012,2025-08-13,QA Hold Transfer,Finished Goods Store,QA Hold Area,1,1,1,Finished Goods Receipt,12,High,Approved,QA Hold Transfer for motor manufacturing warehouse movement,2025-08-13 09:17:00,2025-08-13 15:01:00
13,MO2025080800013,2025-08-08,Rejection Transfer,QA Hold Area,Rejection Bay,1,1,1,Finished Goods Receipt,13,Urgent,Requested,Rejection Transfer for motor manufacturing warehouse movement,2025-08-08 09:24:00,2025-08-08 15:12:00
14,MO2025050800014,2025-05-08,Dispatch Staging Transfer,Finished Goods Store,Dispatch Staging Area,1,1,1,Customer Order,14,High,Draft,Draft dispatch staging transfer request awaiting confirmation,2025-05-08 09:31:00,2025-05-08 15:23:00
15,MO2025010400015,2025-01-04,Raw Material Transfer,Raw Material Store,Electrical Store,1,1,1,Manual Transfer,,Low,Cancelled,Raw Material Transfer cancelled due to revised material movement plan,2025-01-04 09:38:00,2025-01-04 15:34:00
16,MO2025022100016,2025-02-21,Production Issue Transfer,Consumables Store,Production Line 2,1,1,1,Production Order,16,Urgent,Rejected,Production Issue Transfer rejected due to location or quantity mismatch,2025-02-21 09:45:00,2025-02-21 15:45:00
17,MO2025100600017,2025-10-06,Semi-Finished Transfer,Production Line 1,Semi-Finished Store,1,1,1,Production Order,17,High,Completed,Semi-Finished Transfer for motor manufacturing warehouse movement,2025-10-06 09:52:00,2025-10-06 15:56:00
18,MO2025021100018,2025-02-11,Finished Goods Transfer,Semi-Finished Store,Finished Goods Store,1,1,1,Finished Goods Receipt,18,Medium,Completed,Finished Goods Transfer for motor manufacturing warehouse movement,2025-02-11 09:59:00,2025-02-11 15:07:00
19,MO2025100200019,2025-10-02,QA Hold Transfer,Production Line 1,QA Hold Area,1,1,1,Finished Goods Receipt,19,Urgent,In Transit,QA Hold Transfer for motor manufacturing warehouse movement,2025-10-02 09:06:00,2025-10-02 15:18:00
20,MO2025100400020,2025-10-04,Rejection Transfer,QA Hold Area,Rejection Bay,1,1,1,Finished Goods Receipt,20,High,Approved,Rejection Transfer for motor manufacturing warehouse movement,2025-10-04 09:13:00,2025-10-04 15:29:00
21,MO2025051300021,2025-05-13,Dispatch Staging Transfer,Finished Goods Store,Dispatch Staging Area,1,1,1,Customer Order,21,Urgent,Requested,Dispatch Staging Transfer for motor manufacturing warehouse movement,2025-05-13 09:20:00,2025-05-13 15:40:00
22,MO2025010500022,2025-01-05,Raw Material Transfer,Raw Material Store,Mechanical Store,1,1,1,Manual Transfer,,Medium,Draft,Draft raw material transfer request awaiting confirmation,2025-01-05 09:27:00,2025-01-05 15:51:00
23,MO2025112200023,2025-11-22,Production Issue Transfer,Mechanical Store,Production Line 1,1,1,1,Production Order,23,Low,Cancelled,Production Issue Transfer cancelled due to revised material movement plan,2025-11-22 09:34:00,2025-11-22 15:02:00
24,MO2025112500024,2025-11-25,Semi-Finished Transfer,Production Line 2,Semi-Finished Store,1,1,1,Production Order,24,Medium,Rejected,Semi-Finished Transfer rejected due to location or quantity mismatch,2025-11-25 09:41:00,2025-11-25 15:13:00
25,MO2025101200025,2025-10-12,Finished Goods Transfer,Semi-Finished Store,Finished Goods Store,1,1,1,Finished Goods Receipt,25,High,Completed,Finished Goods Transfer for motor manufacturing warehouse movement,2025-10-12 09:48:00,2025-10-12 15:24:00
26,MO2025101400026,2025-10-14,QA Hold Transfer,Finished Goods Store,QA Hold Area,1,1,1,Finished Goods Receipt,26,High,Completed,QA Hold Transfer for motor manufacturing warehouse movement,2025-10-14 09:55:00,2025-10-14 15:35:00
27,MO2025101600027,2025-10-16,Rejection Transfer,QA Hold Area,Rejection Bay,1,1,1,Finished Goods Receipt,27,High,In Transit,Rejection Transfer for motor manufacturing warehouse movement,2025-10-16 09:02:00,2025-10-16 15:46:00
28,MO2025052900028,2025-05-29,Dispatch Staging Transfer,Finished Goods Store,Dispatch Staging Area,1,1,1,Customer Order,28,High,Approved,Dispatch Staging Transfer for motor manufacturing warehouse movement,2025-05-29 09:09:00,2025-05-29 15:57:00
29,MO2025010600029,2025-01-06,Raw Material Transfer,Raw Material Store,Electrical Store,1,1,1,Manual Transfer,,High,Requested,Raw Material Transfer for motor manufacturing warehouse movement,2025-01-06 09:16:00,2025-01-06 15:08:00
30,MO2026020200030,2026-02-02,Production Issue Transfer,Electrical Store,Production Line 2,1,1,1,Production Order,30,High,Draft,Draft production issue transfer request awaiting confirmation,2026-02-02 09:23:00,2026-02-02 15:19:00
31,MO2025040400031,2025-04-04,Semi-Finished Transfer,Production Line 1,Semi-Finished Store,1,1,1,Production Order,31,Low,Cancelled,Semi-Finished Transfer cancelled due to revised material movement plan,2025-04-04 09:30:00,2025-04-04 15:30:00
32,MO2025032200032,2025-03-22,Finished Goods Transfer,Semi-Finished Store,Finished Goods Store,1,1,1,Finished Goods Receipt,32,Medium,Rejected,Finished Goods Transfer rejected due to location or quantity mismatch,2025-03-22 09:37:00,2025-03-22 15:41:00
33,MO2025032400033,2025-03-24,QA Hold Transfer,Production Line 1,QA Hold Area,1,1,1,Finished Goods Receipt,33,High,Completed,QA Hold Transfer for motor manufacturing warehouse movement,2025-03-24 09:44:00,2025-03-24 15:52:00
34,MO2026012900034,2026-01-29,Rejection Transfer,QA Hold Area,Rejection Bay,1,1,1,Finished Goods Receipt,34,Urgent,Completed,Rejection Transfer for motor manufacturing warehouse movement,2026-01-29 09:51:00,2026-01-29 15:03:00
35,MO2025061100035,2025-06-11,Dispatch Staging Transfer,Finished Goods Store,Dispatch Staging Area,1,1,1,Customer Order,35,High,In Transit,Dispatch Staging Transfer for motor manufacturing warehouse movement,2025-06-11 09:58:00,2025-06-11 15:14:00
36,MO2025010700036,2025-01-07,Raw Material Transfer,Raw Material Store,Mechanical Store,1,1,1,Manual Transfer,,Medium,Approved,Raw Material Transfer for motor manufacturing warehouse movement,2025-01-07 09:05:00,2025-01-07 15:25:00
37,MO2026031500037,2026-03-15,Production Issue Transfer,Raw Material Store,Production Line 1,1,1,1,Production Order,37,High,Requested,Production Issue Transfer for motor manufacturing warehouse movement,2026-03-15 09:12:00,2026-03-15 15:36:00
38,MO2026032300038,2026-03-23,Semi-Finished Transfer,Production Line 2,Semi-Finished Store,1,1,1,Production Order,38,Medium,Draft,Draft semi-finished transfer request awaiting confirmation,2026-03-23 09:19:00,2026-03-23 15:47:00
39,MO2026030200039,2026-03-02,Finished Goods Transfer,Semi-Finished Store,Finished Goods Store,1,1,1,Finished Goods Receipt,39,Low,Cancelled,Finished Goods Transfer cancelled due to revised material movement plan,2026-03-02 09:26:00,2026-03-02 15:58:00
40,MO2026030900040,2026-03-09,QA Hold Transfer,Finished Goods Store,QA Hold Area,1,1,1,Finished Goods Receipt,40,Urgent,Rejected,QA Hold Transfer rejected due to location or quantity mismatch,2026-03-09 09:33:00,2026-03-09 15:09:00
41,MO2026031100041,2026-03-11,Rejection Transfer,QA Hold Area,Rejection Bay,1,1,1,Finished Goods Receipt,41,High,Completed,Rejection Transfer for motor manufacturing warehouse movement,2026-03-11 09:40:00,2026-03-11 15:20:00
42,MO2025070200042,2025-07-02,Dispatch Staging Transfer,Finished Goods Store,Dispatch Staging Area,1,1,1,Customer Order,42,High,Completed,Dispatch Staging Transfer for motor manufacturing warehouse movement,2025-07-02 09:47:00,2025-07-02 15:31:00
43,MO2025010200043,2025-01-02,Raw Material Transfer,Raw Material Store,Electrical Store,1,1,1,Manual Transfer,,Medium,In Transit,Raw Material Transfer for motor manufacturing warehouse movement,2025-01-02 09:54:00,2025-01-02 15:42:00
44,MO2025052000044,2025-05-20,Production Issue Transfer,Consumables Store,Production Line 2,1,1,1,Production Order,44,High,Approved,Production Issue Transfer for motor manufacturing warehouse movement,2025-05-20 09:01:00,2025-05-20 15:53:00
45,MO2025070600045,2025-07-06,Semi-Finished Transfer,Production Line 1,Semi-Finished Store,1,1,1,Production Order,45,High,Requested,Semi-Finished Transfer for motor manufacturing warehouse movement,2025-07-06 09:08:00,2025-07-06 15:04:00
46,MO2025050800046,2025-05-08,Finished Goods Transfer,Semi-Finished Store,Finished Goods Store,1,1,1,Finished Goods Receipt,46,Medium,Draft,Draft finished goods transfer request awaiting confirmation,2025-05-08 09:15:00,2025-05-08 15:15:00
47,MO2025051000047,2025-05-10,QA Hold Transfer,Production Line 1,QA Hold Area,1,1,1,Finished Goods Receipt,47,Low,Cancelled,QA Hold Transfer cancelled due to revised material movement plan,2025-05-10 09:22:00,2025-05-10 15:26:00
48,MO2025051200048,2025-05-12,Rejection Transfer,QA Hold Area,Rejection Bay,1,1,1,Finished Goods Receipt,48,High,Rejected,Rejection Transfer rejected due to location or quantity mismatch,2025-05-12 09:29:00,2025-05-12 15:37:00
49,MO2025071000049,2025-07-10,Dispatch Staging Transfer,Finished Goods Store,Dispatch Staging Area,1,1,1,Customer Order,49,High,Completed,Dispatch Staging Transfer for motor manufacturing warehouse movement,2025-07-10 09:36:00,2025-07-10 15:48:00
50,MO2025010300050,2025-01-03,Raw Material Transfer,Raw Material Store,Mechanical Store,1,1,1,Manual Transfer,,Medium,Completed,Raw Material Transfer for motor manufacturing warehouse movement,2025-01-03 09:43:00,2025-01-03 15:59:00
51,MO2025060500051,2025-06-05,Production Issue Transfer,Mechanical Store,Production Line 1,1,1,1,Production Order,51,Urgent,In Transit,Production Issue Transfer for motor manufacturing warehouse movement,2025-06-05 09:50:00,2025-06-05 15:10:00
52,MO2025092800052,2025-09-28,Semi-Finished Transfer,Production Line 2,Semi-Finished Store,1,1,1,Production Order,52,Medium,Approved,Semi-Finished Transfer for motor manufacturing warehouse movement,2025-09-28 09:57:00,2025-09-28 15:21:00
53,MO2025052100053,2025-05-21,Finished Goods Transfer,Semi-Finished Store,Finished Goods Store,1,1,1,Finished Goods Receipt,53,High,Requested,Finished Goods Transfer for motor manufacturing warehouse movement,2025-05-21 09:04:00,2025-05-21 15:32:00
54,MO2025052300054,2025-05-23,QA Hold Transfer,Finished Goods Store,QA Hold Area,1,1,1,Finished Goods Receipt,54,High,Draft,Draft qa hold transfer request awaiting confirmation,2025-05-23 09:11:00,2025-05-23 15:43:00
55,MO2025081200055,2025-08-12,Rejection Transfer,QA Hold Area,Rejection Bay,1,1,1,Finished Goods Receipt,55,Low,Cancelled,Rejection Transfer cancelled due to revised material movement plan,2025-08-12 09:18:00,2025-08-12 15:54:00
56,MO2025071900056,2025-07-19,Dispatch Staging Transfer,Finished Goods Store,Dispatch Staging Area,1,1,1,Customer Order,56,Urgent,Rejected,Dispatch Staging Transfer rejected due to location or quantity mismatch,2025-07-19 09:25:00,2025-07-19 15:05:00
57,MO2025010400057,2025-01-04,Raw Material Transfer,Raw Material Store,Electrical Store,1,1,1,Manual Transfer,,High,Completed,Raw Material Transfer for motor manufacturing warehouse movement,2025-01-04 09:32:00,2025-01-04 15:16:00
58,MO2025101100058,2025-10-11,Production Issue Transfer,Electrical Store,Production Line 2,1,1,1,Production Order,58,High,Completed,Production Issue Transfer for motor manufacturing warehouse movement,2025-10-11 09:39:00,2025-10-11 15:27:00
59,MO2025102100059,2025-10-21,Semi-Finished Transfer,Production Line 1,Semi-Finished Store,1,1,1,Production Order,59,Medium,In Transit,Semi-Finished Transfer for motor manufacturing warehouse movement,2025-10-21 09:46:00,2025-10-21 15:38:00
60,MO2025090300060,2025-09-03,Finished Goods Transfer,Semi-Finished Store,Finished Goods Store,1,1,1,Finished Goods Receipt,60,Medium,Approved,Finished Goods Transfer for motor manufacturing warehouse movement,2025-09-03 09:53:00,2025-09-03 15:49:00
61,MO2025060300061,2025-06-03,QA Hold Transfer,Production Line 1,QA Hold Area,1,1,1,Finished Goods Receipt,61,Urgent,Requested,QA Hold Transfer for motor manufacturing warehouse movement,2025-06-03 09:00:00,2025-06-03 15:00:00
62,MO2025060500062,2025-06-05,Rejection Transfer,QA Hold Area,Rejection Bay,1,1,1,Finished Goods Receipt,62,High,Draft,Draft rejection transfer request awaiting confirmation,2025-06-05 09:07:00,2025-06-05 15:11:00
63,MO2025073000063,2025-07-30,Dispatch Staging Transfer,Finished Goods Store,Dispatch Staging Area,1,1,1,Customer Order,63,Low,Cancelled,Dispatch Staging Transfer cancelled due to revised material movement plan,2025-07-30 09:14:00,2025-07-30 15:22:00
64,MO2025010500064,2025-01-05,Raw Material Transfer,Raw Material Store,Mechanical Store,1,1,1,Manual Transfer,,Medium,Rejected,Raw Material Transfer rejected due to location or quantity mismatch,2025-01-05 09:21:00,2025-01-05 15:33:00
65,MO2026010800065,2026-01-08,Production Issue Transfer,Raw Material Store,Production Line 1,1,1,1,Production Order,65,High,Completed,Production Issue Transfer for motor manufacturing warehouse movement,2026-01-08 09:28:00,2026-01-08 15:44:00
66,MO2025072300066,2025-07-23,Semi-Finished Transfer,Production Line 2,Semi-Finished Store,1,1,1,Production Order,66,Medium,Completed,Semi-Finished Transfer for motor manufacturing warehouse movement,2025-07-23 09:35:00,2025-07-23 15:55:00
67,MO2025100900067,2025-10-09,Finished Goods Transfer,Semi-Finished Store,Finished Goods Store,1,1,1,Finished Goods Receipt,67,Medium,In Transit,Finished Goods Transfer for motor manufacturing warehouse movement,2025-10-09 09:42:00,2025-10-09 15:06:00
68,MO2025101100068,2025-10-11,QA Hold Transfer,Finished Goods Store,QA Hold Area,1,1,1,Finished Goods Receipt,68,High,Approved,QA Hold Transfer for motor manufacturing warehouse movement,2025-10-11 09:49:00,2025-10-11 15:17:00
69,MO2025101300069,2025-10-13,Rejection Transfer,QA Hold Area,Rejection Bay,1,1,1,Finished Goods Receipt,69,High,Requested,Rejection Transfer for motor manufacturing warehouse movement,2025-10-13 09:56:00,2025-10-13 15:28:00
70,MO2025080500070,2025-08-05,Dispatch Staging Transfer,Finished Goods Store,Dispatch Staging Area,1,1,1,Customer Order,70,High,Draft,Draft dispatch staging transfer request awaiting confirmation,2025-08-05 09:03:00,2025-08-05 15:39:00
71,MO2025010600071,2025-01-06,Raw Material Transfer,Raw Material Store,Electrical Store,1,1,1,Manual Transfer,,Low,Cancelled,Raw Material Transfer cancelled due to revised material movement plan,2025-01-06 09:10:00,2025-01-06 15:50:00
72,MO2026022800072,2026-02-28,Production Issue Transfer,Consumables Store,Production Line 2,1,1,1,Production Order,72,High,Rejected,Production Issue Transfer rejected due to location or quantity mismatch,2026-02-28 09:17:00,2026-02-28 15:01:00
73,MO2026030100073,2026-03-01,Semi-Finished Transfer,Production Line 1,Semi-Finished Store,1,1,1,Production Order,73,High,Completed,Semi-Finished Transfer for motor manufacturing warehouse movement,2026-03-01 09:24:00,2026-03-01 15:12:00
74,MO2026010600074,2026-01-06,Finished Goods Transfer,Semi-Finished Store,Finished Goods Store,1,1,1,Finished Goods Receipt,74,Medium,Completed,Finished Goods Transfer for motor manufacturing warehouse movement,2026-01-06 09:31:00,2026-01-06 15:23:00
75,MO2026010800075,2026-01-08,QA Hold Transfer,Production Line 1,QA Hold Area,1,1,1,Finished Goods Receipt,75,High,In Transit,QA Hold Transfer for motor manufacturing warehouse movement,2026-01-08 09:38:00,2026-01-08 15:34:00
76,MO2025072200076,2025-07-22,Rejection Transfer,QA Hold Area,Rejection Bay,1,1,1,Finished Goods Receipt,76,Urgent,Approved,Rejection Transfer for motor manufacturing warehouse movement,2025-07-22 09:45:00,2025-07-22 15:45:00
77,MO2025081200077,2025-08-12,Dispatch Staging Transfer,Finished Goods Store,Dispatch Staging Area,1,1,1,Customer Order,77,High,Requested,Dispatch Staging Transfer for motor manufacturing warehouse movement,2025-08-12 09:52:00,2025-08-12 15:56:00
78,MO2025010700078,2025-01-07,Raw Material Transfer,Raw Material Store,Mechanical Store,1,1,1,Manual Transfer,,Medium,Draft,Draft raw material transfer request awaiting confirmation,2025-01-07 09:59:00,2025-01-07 15:07:00
79,MO2025041100079,2025-04-11,Production Issue Transfer,Mechanical Store,Production Line 1,1,1,1,Production Order,79,Low,Cancelled,Production Issue Transfer cancelled due to revised material movement plan,2025-04-11 09:06:00,2025-04-11 15:18:00
80,MO2025051200080,2025-05-12,Semi-Finished Transfer,Production Line 2,Semi-Finished Store,1,1,1,Production Order,80,Medium,Rejected,Semi-Finished Transfer rejected due to location or quantity mismatch,2025-05-12 09:13:00,2025-05-12 15:29:00
81,MO2026013100081,2026-01-31,Finished Goods Transfer,Semi-Finished Store,Finished Goods Store,1,1,1,Finished Goods Receipt,81,High,Completed,Finished Goods Transfer for motor manufacturing warehouse movement,2026-01-31 09:20:00,2026-01-31 15:40:00
82,MO2026030600082,2026-03-06,QA Hold Transfer,Finished Goods Store,QA Hold Area,1,1,1,Finished Goods Receipt,82,Urgent,Completed,QA Hold Transfer for motor manufacturing warehouse movement,2026-03-06 09:27:00,2026-03-06 15:51:00
83,MO2026030800083,2026-03-08,Rejection Transfer,QA Hold Area,Rejection Bay,1,1,1,Finished Goods Receipt,83,High,In Transit,Rejection Transfer for motor manufacturing warehouse movement,2026-03-08 09:34:00,2026-03-08 15:02:00
84,MO2025082100084,2025-08-21,Dispatch Staging Transfer,Finished Goods Store,Dispatch Staging Area,1,1,1,Customer Order,84,High,Approved,Dispatch Staging Transfer for motor manufacturing warehouse movement,2025-08-21 09:41:00,2025-08-21 15:13:00
85,MO2025010200085,2025-01-02,Raw Material Transfer,Raw Material Store,Electrical Store,1,1,1,Manual Transfer,,High,Requested,Raw Material Transfer for motor manufacturing warehouse movement,2025-01-02 09:48:00,2025-01-02 15:24:00
86,MO2025091700086,2025-09-17,Production Issue Transfer,Electrical Store,Production Line 2,1,1,1,Production Order,86,Urgent,Draft,Draft production issue transfer request awaiting confirmation,2025-09-17 09:55:00,2025-09-17 15:35:00
87,MO2025080800087,2025-08-08,Semi-Finished Transfer,Production Line 1,Semi-Finished Store,1,1,1,Production Order,87,Low,Cancelled,Semi-Finished Transfer cancelled due to revised material movement plan,2025-08-08 09:02:00,2025-08-08 15:46:00
88,MO2026031900088,2026-03-19,Finished Goods Transfer,Semi-Finished Store,Finished Goods Store,1,1,1,Finished Goods Receipt,88,Medium,Rejected,Finished Goods Transfer rejected due to location or quantity mismatch,2026-03-19 09:09:00,2026-03-19 15:57:00
89,MO2026032100089,2026-03-21,QA Hold Transfer,Production Line 1,QA Hold Area,1,1,1,Finished Goods Receipt,89,High,Completed,QA Hold Transfer for motor manufacturing warehouse movement,2026-03-21 09:16:00,2026-03-21 15:08:00
90,MO2026032300090,2026-03-23,Rejection Transfer,QA Hold Area,Rejection Bay,1,1,1,Finished Goods Receipt,90,High,Completed,Rejection Transfer for motor manufacturing warehouse movement,2026-03-23 09:23:00,2026-03-23 15:19:00
91,MO2025082000091,2025-08-20,Dispatch Staging Transfer,Finished Goods Store,Dispatch Staging Area,1,1,1,Customer Order,91,Urgent,In Transit,Dispatch Staging Transfer for motor manufacturing warehouse movement,2025-08-20 09:30:00,2025-08-20 15:30:00
92,MO2025010300092,2025-01-03,Raw Material Transfer,Raw Material Store,Mechanical Store,1,1,1,Manual Transfer,,Medium,Approved,Raw Material Transfer for motor manufacturing warehouse movement,2025-01-03 09:37:00,2025-01-03 15:41:00
93,MO2025092900093,2025-09-29,Production Issue Transfer,Raw Material Store,Production Line 1,1,1,1,Production Order,93,High,Requested,Production Issue Transfer for motor manufacturing warehouse movement,2025-09-29 09:44:00,2025-09-29 15:52:00
94,MO2025100100094,2025-10-01,Semi-Finished Transfer,Production Line 2,Semi-Finished Store,1,1,1,Production Order,94,Medium,Draft,Draft semi-finished transfer request awaiting confirmation,2025-10-01 09:51:00,2025-10-01 15:03:00
95,MO2025052500095,2025-05-25,Finished Goods Transfer,Semi-Finished Store,Finished Goods Store,1,1,1,Finished Goods Receipt,95,Low,Cancelled,Finished Goods Transfer cancelled due to revised material movement plan,2025-05-25 09:58:00,2025-05-25 15:14:00
96,MO2025052700096,2025-05-27,QA Hold Transfer,Finished Goods Store,QA Hold Area,1,1,1,Finished Goods Receipt,96,High,Rejected,QA Hold Transfer rejected due to location or quantity mismatch,2025-05-27 09:05:00,2025-05-27 15:25:00
97,MO2025052300097,2025-05-23,Rejection Transfer,QA Hold Area,Rejection Bay,1,1,1,Finished Goods Receipt,97,Urgent,Completed,Rejection Transfer for motor manufacturing warehouse movement,2025-05-23 09:12:00,2025-05-23 15:36:00
98,MO2025090200098,2025-09-02,Dispatch Staging Transfer,Finished Goods Store,Dispatch Staging Area,1,1,1,Customer Order,98,High,Completed,Dispatch Staging Transfer for motor manufacturing warehouse movement,2025-09-02 09:19:00,2025-09-02 15:47:00
99,MO2025010400099,2025-01-04,Raw Material Transfer,Raw Material Store,Electrical Store,1,1,1,Manual Transfer,,Medium,In Transit,Raw Material Transfer for motor manufacturing warehouse movement,2025-01-04 09:26:00,2025-01-04 15:58:00
100,MO2025112000100,2025-11-20,Production Issue Transfer,Consumables Store,Production Line 2,1,1,1,Production Order,100,High,Approved,Production Issue Transfer for motor manufacturing warehouse movement,2025-11-20 09:33:00,2025-11-20 15:09:00
101,MO2025110400101,2025-11-04,Semi-Finished Transfer,Production Line 1,Semi-Finished Store,1,1,1,Production Order,101,High,Requested,Semi-Finished Transfer for motor manufacturing warehouse movement,2025-11-04 09:40:00,2025-11-04 15:20:00
102,MO2025090700102,2025-09-07,Finished Goods Transfer,Semi-Finished Store,Finished Goods Store,1,1,1,Finished Goods Receipt,102,Medium,Draft,Draft finished goods transfer request awaiting confirmation,2025-09-07 09:47:00,2025-09-07 15:31:00
103,MO2025091300103,2025-09-13,QA Hold Transfer,Production Line 1,QA Hold Area,1,1,1,Finished Goods Receipt,103,Low,Cancelled,QA Hold Transfer cancelled due to revised material movement plan,2025-09-13 09:54:00,2025-09-13 15:42:00
104,MO2025091500104,2025-09-15,Rejection Transfer,QA Hold Area,Rejection Bay,1,1,1,Finished Goods Receipt,104,High,Rejected,Rejection Transfer rejected due to location or quantity mismatch,2025-09-15 09:01:00,2025-09-15 15:53:00
105,MO2025091000105,2025-09-10,Dispatch Staging Transfer,Finished Goods Store,Dispatch Staging Area,1,1,1,Customer Order,105,High,Completed,Dispatch Staging Transfer for motor manufacturing warehouse movement,2025-09-10 09:08:00,2025-09-10 15:04:00
106,MO2025010500106,2025-01-05,Raw Material Transfer,Raw Material Store,Mechanical Store,1,1,1,Manual Transfer,,Medium,Completed,Raw Material Transfer for motor manufacturing warehouse movement,2025-01-05 09:15:00,2025-01-05 15:15:00
107,MO2026012800107,2026-01-28,Production Issue Transfer,Mechanical Store,Production Line 1,1,1,1,Production Order,107,High,In Transit,Production Issue Transfer for motor manufacturing warehouse movement,2026-01-28 09:22:00,2026-01-28 15:26:00
108,MO2026020300108,2026-02-03,Semi-Finished Transfer,Production Line 2,Semi-Finished Store,1,1,1,Production Order,108,Medium,Approved,Semi-Finished Transfer for motor manufacturing warehouse movement,2026-02-03 09:29:00,2026-02-03 15:37:00
109,MO2025101300109,2025-10-13,Finished Goods Transfer,Semi-Finished Store,Finished Goods Store,1,1,1,Finished Goods Receipt,109,High,Requested,Finished Goods Transfer for motor manufacturing warehouse movement,2025-10-13 09:36:00,2025-10-13 15:48:00
110,MO2025101500110,2025-10-15,QA Hold Transfer,Finished Goods Store,QA Hold Area,1,1,1,Finished Goods Receipt,110,High,Draft,Draft qa hold transfer request awaiting confirmation,2025-10-15 09:43:00,2025-10-15 15:59:00
111,MO2025101700111,2025-10-17,Rejection Transfer,QA Hold Area,Rejection Bay,1,1,1,Finished Goods Receipt,111,Low,Cancelled,Rejection Transfer cancelled due to revised material movement plan,2025-10-17 09:50:00,2025-10-17 15:10:00
112,MO2025091900112,2025-09-19,Dispatch Staging Transfer,Finished Goods Store,Dispatch Staging Area,1,1,1,Customer Order,112,High,Rejected,Dispatch Staging Transfer rejected due to location or quantity mismatch,2025-09-19 09:57:00,2025-09-19 15:21:00
113,MO2025010600113,2025-01-06,Raw Material Transfer,Raw Material Store,Electrical Store,1,1,1,Manual Transfer,,High,Completed,Raw Material Transfer for motor manufacturing warehouse movement,2025-01-06 09:04:00,2025-01-06 15:32:00
114,MO2026031700114,2026-03-17,Production Issue Transfer,Electrical Store,Production Line 2,1,1,1,Production Order,114,High,Completed,Production Issue Transfer for motor manufacturing warehouse movement,2026-03-17 09:11:00,2026-03-17 15:43:00
115,MO2026031600115,2026-03-16,Semi-Finished Transfer,Production Line 1,Semi-Finished Store,1,1,1,Production Order,115,Medium,In Transit,Semi-Finished Transfer for motor manufacturing warehouse movement,2026-03-16 09:18:00,2026-03-16 15:54:00
116,MO2025110600116,2025-11-06,Finished Goods Transfer,Semi-Finished Store,Finished Goods Store,1,1,1,Finished Goods Receipt,116,Medium,Approved,Finished Goods Transfer for motor manufacturing warehouse movement,2025-11-06 09:25:00,2025-11-06 15:05:00
117,MO2025110800117,2025-11-08,QA Hold Transfer,Production Line 1,QA Hold Area,1,1,1,Finished Goods Receipt,117,High,Requested,QA Hold Transfer for motor manufacturing warehouse movement,2025-11-08 09:32:00,2025-11-08 15:16:00
118,MO2026013000118,2026-01-30,Rejection Transfer,QA Hold Area,Rejection Bay,1,1,1,Finished Goods Receipt,118,Urgent,Draft,Draft rejection transfer request awaiting confirmation,2026-01-30 09:39:00,2026-01-30 15:27:00
119,MO2025092500119,2025-09-25,Dispatch Staging Transfer,Finished Goods Store,Dispatch Staging Area,1,1,1,Customer Order,119,Low,Cancelled,Dispatch Staging Transfer cancelled due to revised material movement plan,2025-09-25 09:46:00,2025-09-25 15:38:00
120,MO2025010700120,2025-01-07,Raw Material Transfer,Raw Material Store,Mechanical Store,1,1,1,Manual Transfer,,Medium,Rejected,Raw Material Transfer rejected due to location or quantity mismatch,2025-01-07 09:53:00,2025-01-07 15:49:00
121,MO2025123000121,2025-12-30,Production Issue Transfer,Raw Material Store,Production Line 1,1,1,1,Production Order,121,Urgent,Completed,Production Issue Transfer for motor manufacturing warehouse movement,2025-12-30 09:00:00,2025-12-30 15:00:00
122,MO2025052100122,2025-05-21,Semi-Finished Transfer,Production Line 2,Semi-Finished Store,1,1,1,Production Order,122,Medium,Completed,Semi-Finished Transfer for motor manufacturing warehouse movement,2025-05-21 09:07:00,2025-05-21 15:11:00
123,MO2025112000123,2025-11-20,Finished Goods Transfer,Semi-Finished Store,Finished Goods Store,1,1,1,Finished Goods Receipt,123,Medium,In Transit,Finished Goods Transfer for motor manufacturing warehouse movement,2025-11-20 09:14:00,2025-11-20 15:22:00
124,MO2026012800124,2026-01-28,QA Hold Transfer,Finished Goods Store,QA Hold Area,1,1,1,Finished Goods Receipt,124,Urgent,Approved,QA Hold Transfer for motor manufacturing warehouse movement,2026-01-28 09:21:00,2026-01-28 15:33:00
125,MO2026013000125,2026-01-30,Rejection Transfer,QA Hold Area,Rejection Bay,1,1,1,Finished Goods Receipt,125,High,Requested,Rejection Transfer for motor manufacturing warehouse movement,2026-01-30 09:28:00,2026-01-30 15:44:00
126,MO2025092900126,2025-09-29,Dispatch Staging Transfer,Finished Goods Store,Dispatch Staging Area,1,1,1,Customer Order,126,Urgent,Draft,Draft dispatch staging transfer request awaiting confirmation,2025-09-29 09:35:00,2025-09-29 15:55:00
127,MO2025010200127,2025-01-02,Raw Material Transfer,Raw Material Store,Electrical Store,1,1,1,Manual Transfer,,Low,Cancelled,Raw Material Transfer cancelled due to revised material movement plan,2025-01-02 09:42:00,2025-01-02 15:06:00
128,MO2025082800128,2025-08-28,Production Issue Transfer,Consumables Store,Production Line 2,1,1,1,Production Order,128,High,Rejected,Production Issue Transfer rejected due to location or quantity mismatch,2025-08-28 09:49:00,2025-08-28 15:17:00
129,MO2025091200129,2025-09-12,Semi-Finished Transfer,Production Line 1,Semi-Finished Store,1,1,1,Production Order,129,High,Completed,Semi-Finished Transfer for motor manufacturing warehouse movement,2025-09-12 09:56:00,2025-09-12 15:28:00
130,MO2026031600130,2026-03-16,Finished Goods Transfer,Semi-Finished Store,Finished Goods Store,1,1,1,Finished Goods Receipt,130,Medium,Completed,Finished Goods Transfer for motor manufacturing warehouse movement,2026-03-16 09:03:00,2026-03-16 15:39:00
131,MO2026031800131,2026-03-18,QA Hold Transfer,Production Line 1,QA Hold Area,1,1,1,Finished Goods Receipt,131,High,In Transit,QA Hold Transfer for motor manufacturing warehouse movement,2026-03-18 09:10:00,2026-03-18 15:50:00
132,MO2026032000132,2026-03-20,Rejection Transfer,QA Hold Area,Rejection Bay,1,1,1,Finished Goods Receipt,132,High,Approved,Rejection Transfer for motor manufacturing warehouse movement,2026-03-20 09:17:00,2026-03-20 15:01:00
133,MO2025100300133,2025-10-03,Dispatch Staging Transfer,Finished Goods Store,Dispatch Staging Area,1,1,1,Customer Order,133,High,Requested,Dispatch Staging Transfer for motor manufacturing warehouse movement,2025-10-03 09:24:00,2025-10-03 15:12:00
134,MO2025010300134,2025-01-03,Raw Material Transfer,Raw Material Store,Mechanical Store,1,1,1,Manual Transfer,,Medium,Draft,Draft raw material transfer request awaiting confirmation,2025-01-03 09:31:00,2025-01-03 15:23:00
135,MO2025100800135,2025-10-08,Production Issue Transfer,Mechanical Store,Production Line 1,1,1,1,Production Order,135,Low,Cancelled,Production Issue Transfer cancelled due to revised material movement plan,2025-10-08 09:38:00,2025-10-08 15:34:00
136,MO2026021600136,2026-02-16,Semi-Finished Transfer,Production Line 2,Semi-Finished Store,1,1,1,Production Order,136,Medium,Rejected,Semi-Finished Transfer rejected due to location or quantity mismatch,2026-02-16 09:45:00,2026-02-16 15:45:00
137,MO2026010600137,2026-01-06,Finished Goods Transfer,Semi-Finished Store,Finished Goods Store,1,1,1,Finished Goods Receipt,137,High,Completed,Finished Goods Transfer for motor manufacturing warehouse movement,2026-01-06 09:52:00,2026-01-06 15:56:00
138,MO2026010800138,2026-01-08,QA Hold Transfer,Finished Goods Store,QA Hold Area,1,1,1,Finished Goods Receipt,138,High,Completed,QA Hold Transfer for motor manufacturing warehouse movement,2026-01-08 09:59:00,2026-01-08 15:07:00
139,MO2025052000139,2025-05-20,Rejection Transfer,QA Hold Area,Rejection Bay,1,1,1,Finished Goods Receipt,139,Urgent,In Transit,Rejection Transfer for motor manufacturing warehouse movement,2025-05-20 09:06:00,2025-05-20 15:18:00
140,MO2025100700140,2025-10-07,Dispatch Staging Transfer,Finished Goods Store,Dispatch Staging Area,1,1,1,Customer Order,140,High,Approved,Dispatch Staging Transfer for motor manufacturing warehouse movement,2025-10-07 09:13:00,2025-10-07 15:29:00
141,MO2025010400141,2025-01-04,Raw Material Transfer,Raw Material Store,Electrical Store,1,1,1,Manual Transfer,,High,Requested,Raw Material Transfer for motor manufacturing warehouse movement,2025-01-04 09:20:00,2025-01-04 15:40:00
142,MO2025121600142,2025-12-16,Production Issue Transfer,Electrical Store,Production Line 2,1,1,1,Production Order,142,High,Draft,Draft production issue transfer request awaiting confirmation,2025-12-16 09:27:00,2025-12-16 15:51:00
143,MO2026010900143,2026-01-09,Semi-Finished Transfer,Production Line 1,Semi-Finished Store,1,1,1,Production Order,143,Low,Cancelled,Semi-Finished Transfer cancelled due to revised material movement plan,2026-01-09 09:34:00,2026-01-09 15:02:00
144,MO2025071300144,2025-07-13,Finished Goods Transfer,Semi-Finished Store,Finished Goods Store,1,1,1,Finished Goods Receipt,144,Medium,Rejected,Finished Goods Transfer rejected due to location or quantity mismatch,2025-07-13 09:41:00,2025-07-13 15:13:00
145,MO2025091000145,2025-09-10,QA Hold Transfer,Production Line 1,QA Hold Area,1,1,1,Finished Goods Receipt,145,Urgent,Completed,QA Hold Transfer for motor manufacturing warehouse movement,2025-09-10 09:48:00,2025-09-10 15:24:00
146,MO2025091200146,2025-09-12,Rejection Transfer,QA Hold Area,Rejection Bay,1,1,1,Finished Goods Receipt,146,High,Completed,Rejection Transfer for motor manufacturing warehouse movement,2025-09-12 09:55:00,2025-09-12 15:35:00
147,MO2025102000147,2025-10-20,Dispatch Staging Transfer,Finished Goods Store,Dispatch Staging Area,1,1,1,Customer Order,147,High,In Transit,Dispatch Staging Transfer for motor manufacturing warehouse movement,2025-10-20 09:02:00,2025-10-20 15:46:00
148,MO2025010500148,2025-01-05,Raw Material Transfer,Raw Material Store,Mechanical Store,1,1,1,Manual Transfer,,Medium,Approved,Raw Material Transfer for motor manufacturing warehouse movement,2025-01-05 09:09:00,2025-01-05 15:57:00
149,MO2026021400149,2026-02-14,Production Issue Transfer,Raw Material Store,Production Line 1,1,1,1,Production Order,149,High,Requested,Production Issue Transfer for motor manufacturing warehouse movement,2026-02-14 09:16:00,2026-02-14 15:08:00
150,MO2026030100150,2026-03-01,Semi-Finished Transfer,Production Line 2,Semi-Finished Store,1,1,1,Production Order,150,Medium,Draft,Draft semi-finished transfer request awaiting confirmation,2026-03-01 09:23:00,2026-03-01 15:19:00
151,MO2026012900151,2026-01-29,Finished Goods Transfer,Semi-Finished Store,Finished Goods Store,1,1,1,Finished Goods Receipt,151,Low,Cancelled,Finished Goods Transfer cancelled due to revised material movement plan,2026-01-29 09:30:00,2026-01-29 15:30:00
152,MO2026013100152,2026-01-31,QA Hold Transfer,Finished Goods Store,QA Hold Area,1,1,1,Finished Goods Receipt,152,High,Rejected,QA Hold Transfer rejected due to location or quantity mismatch,2026-01-31 09:37:00,2026-01-31 15:41:00
153,MO2026020200153,2026-02-02,Rejection Transfer,QA Hold Area,Rejection Bay,1,1,1,Finished Goods Receipt,153,High,Completed,Rejection Transfer for motor manufacturing warehouse movement,2026-02-02 09:44:00,2026-02-02 15:52:00
154,MO2025103100154,2025-10-31,Dispatch Staging Transfer,Finished Goods Store,Dispatch Staging Area,1,1,1,Customer Order,154,High,Completed,Dispatch Staging Transfer for motor manufacturing warehouse movement,2025-10-31 09:51:00,2025-10-31 15:03:00
155,MO2025010600155,2025-01-06,Raw Material Transfer,Raw Material Store,Electrical Store,1,1,1,Manual Transfer,,Medium,In Transit,Raw Material Transfer for motor manufacturing warehouse movement,2025-01-06 09:58:00,2025-01-06 15:14:00
156,MO2026041900156,2026-04-19,Production Issue Transfer,Consumables Store,Production Line 2,1,1,1,Production Order,156,Urgent,Approved,Production Issue Transfer for motor manufacturing warehouse movement,2026-04-19 09:05:00,2026-04-19 15:25:00
157,MO2025041200157,2025-04-12,Semi-Finished Transfer,Production Line 1,Semi-Finished Store,1,1,1,Production Order,157,High,Requested,Semi-Finished Transfer for motor manufacturing warehouse movement,2025-04-12 09:12:00,2025-04-12 15:36:00
158,MO2025111000158,2025-11-10,Finished Goods Transfer,Semi-Finished Store,Finished Goods Store,1,1,1,Finished Goods Receipt,158,Medium,Draft,Draft finished goods transfer request awaiting confirmation,2025-11-10 09:19:00,2025-11-10 15:47:00
159,MO2025111200159,2025-11-12,QA Hold Transfer,Production Line 1,QA Hold Area,1,1,1,Finished Goods Receipt,159,Low,Cancelled,QA Hold Transfer cancelled due to revised material movement plan,2025-11-12 09:26:00,2025-11-12 15:58:00
160,MO2025112600160,2025-11-26,Rejection Transfer,QA Hold Area,Rejection Bay,1,1,1,Finished Goods Receipt,160,Urgent,Rejected,Rejection Transfer rejected due to location or quantity mismatch,2025-11-26 09:33:00,2025-11-26 15:09:00
161,MO2025110700161,2025-11-07,Dispatch Staging Transfer,Finished Goods Store,Dispatch Staging Area,1,1,1,Customer Order,161,Urgent,Completed,Dispatch Staging Transfer for motor manufacturing warehouse movement,2025-11-07 09:40:00,2025-11-07 15:20:00
162,MO2025010700162,2025-01-07,Raw Material Transfer,Raw Material Store,Mechanical Store,1,1,1,Manual Transfer,,Medium,Completed,Raw Material Transfer for motor manufacturing warehouse movement,2025-01-07 09:47:00,2025-01-07 15:31:00
163,MO2025071100163,2025-07-11,Production Issue Transfer,Mechanical Store,Production Line 1,1,1,1,Production Order,163,High,In Transit,Production Issue Transfer for motor manufacturing warehouse movement,2025-07-11 09:54:00,2025-07-11 15:42:00
164,MO2025072200164,2025-07-22,Semi-Finished Transfer,Production Line 2,Semi-Finished Store,1,1,1,Production Order,164,Medium,Approved,Semi-Finished Transfer for motor manufacturing warehouse movement,2025-07-22 09:01:00,2025-07-22 15:53:00
165,MO2026020100165,2026-02-01,Finished Goods Transfer,Semi-Finished Store,Finished Goods Store,1,1,1,Finished Goods Receipt,165,High,Requested,Finished Goods Transfer for motor manufacturing warehouse movement,2026-02-01 09:08:00,2026-02-01 15:04:00
166,MO2026031900166,2026-03-19,QA Hold Transfer,Finished Goods Store,QA Hold Area,1,1,1,Finished Goods Receipt,166,Urgent,Draft,Draft qa hold transfer request awaiting confirmation,2026-03-19 09:15:00,2026-03-19 15:15:00
167,MO2026032100167,2026-03-21,Rejection Transfer,QA Hold Area,Rejection Bay,1,1,1,Finished Goods Receipt,167,Low,Cancelled,Rejection Transfer cancelled due to revised material movement plan,2026-03-21 09:22:00,2026-03-21 15:26:00
168,MO2025112000168,2025-11-20,Dispatch Staging Transfer,Finished Goods Store,Dispatch Staging Area,1,1,1,Customer Order,168,High,Rejected,Dispatch Staging Transfer rejected due to location or quantity mismatch,2025-11-20 09:29:00,2025-11-20 15:37:00
169,MO2025010200169,2025-01-02,Raw Material Transfer,Raw Material Store,Electrical Store,1,1,1,Manual Transfer,,High,Completed,Raw Material Transfer for motor manufacturing warehouse movement,2025-01-02 09:36:00,2025-01-02 15:48:00
170,MO2025092700170,2025-09-27,Production Issue Transfer,Electrical Store,Production Line 2,1,1,1,Production Order,170,High,Completed,Production Issue Transfer for motor manufacturing warehouse movement,2025-09-27 09:43:00,2025-09-27 15:59:00
171,MO2026053100171,2026-05-31,Semi-Finished Transfer,Production Line 1,Semi-Finished Store,1,1,1,Production Order,171,Medium,In Transit,Semi-Finished Transfer for motor manufacturing warehouse movement,2026-05-31 09:50:00,2026-05-31 15:10:00
172,MO2026032000172,2026-03-20,Finished Goods Transfer,Semi-Finished Store,Finished Goods Store,1,1,1,Finished Goods Receipt,172,Medium,Approved,Finished Goods Transfer for motor manufacturing warehouse movement,2026-03-20 09:57:00,2026-03-20 15:21:00
173,MO2026032200173,2026-03-22,QA Hold Transfer,Production Line 1,QA Hold Area,1,1,1,Finished Goods Receipt,173,High,Requested,QA Hold Transfer for motor manufacturing warehouse movement,2026-03-22 09:04:00,2026-03-22 15:32:00
174,MO2026032400174,2026-03-24,Rejection Transfer,QA Hold Area,Rejection Bay,1,1,1,Finished Goods Receipt,174,High,Draft,Draft rejection transfer request awaiting confirmation,2026-03-24 09:11:00,2026-03-24 15:43:00
175,MO2025112200175,2025-11-22,Dispatch Staging Transfer,Finished Goods Store,Dispatch Staging Area,1,1,1,Customer Order,175,Low,Cancelled,Dispatch Staging Transfer cancelled due to revised material movement plan,2025-11-22 09:18:00,2025-11-22 15:54:00
176,MO2025010300176,2025-01-03,Raw Material Transfer,Raw Material Store,Mechanical Store,1,1,1,Manual Transfer,,Medium,Rejected,Raw Material Transfer rejected due to location or quantity mismatch,2025-01-03 09:25:00,2025-01-03 15:05:00
177,MO2025110700177,2025-11-07,Production Issue Transfer,Raw Material Store,Production Line 1,1,1,1,Production Order,177,High,Completed,Production Issue Transfer for motor manufacturing warehouse movement,2025-11-07 09:32:00,2025-11-07 15:16:00
178,MO2025112100178,2025-11-21,Semi-Finished Transfer,Production Line 2,Semi-Finished Store,1,1,1,Production Order,178,Medium,Completed,Semi-Finished Transfer for motor manufacturing warehouse movement,2025-11-21 09:39:00,2025-11-21 15:27:00
179,MO2026032600179,2026-03-26,Finished Goods Transfer,Semi-Finished Store,Finished Goods Store,1,1,1,Finished Goods Receipt,179,Medium,In Transit,Finished Goods Transfer for motor manufacturing warehouse movement,2026-03-26 09:46:00,2026-03-26 15:38:00
180,MO2026032800180,2026-03-28,QA Hold Transfer,Finished Goods Store,QA Hold Area,1,1,1,Finished Goods Receipt,180,High,Approved,QA Hold Transfer for motor manufacturing warehouse movement,2026-03-28 09:53:00,2026-03-28 15:49:00
181,MO2026042900181,2026-04-29,Rejection Transfer,QA Hold Area,Rejection Bay,1,1,1,Finished Goods Receipt,181,Urgent,Requested,Rejection Transfer for motor manufacturing warehouse movement,2026-04-29 09:00:00,2026-04-29 15:00:00
182,MO2025120200182,2025-12-02,Dispatch Staging Transfer,Finished Goods Store,Dispatch Staging Area,1,1,1,Customer Order,182,High,Draft,Draft dispatch staging transfer request awaiting confirmation,2025-12-02 09:07:00,2025-12-02 15:11:00
183,MO2025010400183,2025-01-04,Raw Material Transfer,Raw Material Store,Electrical Store,1,1,1,Manual Transfer,,Low,Cancelled,Raw Material Transfer cancelled due to revised material movement plan,2025-01-04 09:14:00,2025-01-04 15:22:00
184,MO2026012700184,2026-01-27,Production Issue Transfer,Consumables Store,Production Line 2,1,1,1,Production Order,184,High,Rejected,Production Issue Transfer rejected due to location or quantity mismatch,2026-01-27 09:21:00,2026-01-27 15:33:00
185,MO2026012900185,2026-01-29,Semi-Finished Transfer,Production Line 1,Semi-Finished Store,1,1,1,Production Order,185,High,Completed,Semi-Finished Transfer for motor manufacturing warehouse movement,2026-01-29 09:28:00,2026-01-29 15:44:00
186,MO2025071000186,2025-07-10,Finished Goods Transfer,Semi-Finished Store,Finished Goods Store,1,1,1,Finished Goods Receipt,186,Medium,Completed,Finished Goods Transfer for motor manufacturing warehouse movement,2025-07-10 09:35:00,2025-07-10 15:55:00
187,MO2025071200187,2025-07-12,QA Hold Transfer,Production Line 1,QA Hold Area,1,1,1,Finished Goods Receipt,187,Urgent,In Transit,QA Hold Transfer for motor manufacturing warehouse movement,2025-07-12 09:42:00,2025-07-12 15:06:00
188,MO2025071400188,2025-07-14,Rejection Transfer,QA Hold Area,Rejection Bay,1,1,1,Finished Goods Receipt,188,High,Approved,Rejection Transfer for motor manufacturing warehouse movement,2025-07-14 09:49:00,2025-07-14 15:17:00
189,MO2025121200189,2025-12-12,Dispatch Staging Transfer,Finished Goods Store,Dispatch Staging Area,1,1,1,Customer Order,189,High,Requested,Dispatch Staging Transfer for motor manufacturing warehouse movement,2025-12-12 09:56:00,2025-12-12 15:28:00
190,MO2025010500190,2025-01-05,Raw Material Transfer,Raw Material Store,Mechanical Store,1,1,1,Manual Transfer,,Medium,Draft,Draft raw material transfer request awaiting confirmation,2025-01-05 09:03:00,2025-01-05 15:39:00
191,MO2026080100191,2026-08-01,Production Issue Transfer,Mechanical Store,Production Line 1,1,1,1,Production Order,191,Low,Cancelled,Production Issue Transfer cancelled due to revised material movement plan,2026-08-01 09:10:00,2026-08-01 15:50:00
192,MO2026031800192,2026-03-18,Semi-Finished Transfer,Production Line 2,Semi-Finished Store,1,1,1,Production Order,192,Medium,Rejected,Semi-Finished Transfer rejected due to location or quantity mismatch,2026-03-18 09:17:00,2026-03-18 15:01:00
193,MO2025092600193,2025-09-26,Finished Goods Transfer,Semi-Finished Store,Finished Goods Store,1,1,1,Finished Goods Receipt,193,High,Completed,Finished Goods Transfer for motor manufacturing warehouse movement,2025-09-26 09:24:00,2025-09-26 15:12:00
194,MO2025092800194,2025-09-28,QA Hold Transfer,Finished Goods Store,QA Hold Area,1,1,1,Finished Goods Receipt,194,High,Completed,QA Hold Transfer for motor manufacturing warehouse movement,2025-09-28 09:31:00,2025-09-28 15:23:00
195,MO2025093000195,2025-09-30,Rejection Transfer,QA Hold Area,Rejection Bay,1,1,1,Finished Goods Receipt,195,High,In Transit,Rejection Transfer for motor manufacturing warehouse movement,2025-09-30 09:38:00,2025-09-30 15:34:00
196,MO2025122000196,2025-12-20,Dispatch Staging Transfer,Finished Goods Store,Dispatch Staging Area,1,1,1,Customer Order,196,Urgent,Approved,Dispatch Staging Transfer for motor manufacturing warehouse movement,2025-12-20 09:45:00,2025-12-20 15:45:00
197,MO2025010600197,2025-01-06,Raw Material Transfer,Raw Material Store,Electrical Store,1,1,1,Manual Transfer,,High,Requested,Raw Material Transfer for motor manufacturing warehouse movement,2025-01-06 09:52:00,2025-01-06 15:56:00
198,MO2025051500198,2025-05-15,Production Issue Transfer,Electrical Store,Production Line 2,1,1,1,Production Order,198,High,Draft,Draft production issue transfer request awaiting confirmation,2025-05-15 09:59:00,2025-05-15 15:07:00
199,MO2025051600199,2025-05-16,Semi-Finished Transfer,Production Line 1,Semi-Finished Store,1,1,1,Production Order,199,Low,Cancelled,Semi-Finished Transfer cancelled due to revised material movement plan,2025-05-16 09:06:00,2025-05-16 15:18:00
200,MO2025110700200,2025-11-07,Finished Goods Transfer,Semi-Finished Store,Finished Goods Store,1,1,1,Finished Goods Receipt,200,Medium,Rejected,Finished Goods Transfer rejected due to location or quantity mismatch,2025-11-07 09:13:00,2025-11-07 15:29:00
201,MO2025110900201,2025-11-09,QA Hold Transfer,Production Line 1,QA Hold Area,1,1,1,Finished Goods Receipt,201,High,Completed,QA Hold Transfer for motor manufacturing warehouse movement,2025-11-09 09:20:00,2025-11-09 15:40:00
202,MO2025112300202,2025-11-23,Rejection Transfer,QA Hold Area,Rejection Bay,1,1,1,Finished Goods Receipt,202,Urgent,Completed,Rejection Transfer for motor manufacturing warehouse movement,2025-11-23 09:27:00,2025-11-23 15:51:00
203,MO2025122400203,2025-12-24,Dispatch Staging Transfer,Finished Goods Store,Dispatch Staging Area,1,1,1,Customer Order,203,High,In Transit,Dispatch Staging Transfer for motor manufacturing warehouse movement,2025-12-24 09:34:00,2025-12-24 15:02:00
204,MO2025010700204,2025-01-07,Raw Material Transfer,Raw Material Store,Mechanical Store,1,1,1,Manual Transfer,,Medium,Approved,Raw Material Transfer for motor manufacturing warehouse movement,2025-01-07 09:41:00,2025-01-07 15:13:00
205,MO2025080600205,2025-08-06,Production Issue Transfer,Raw Material Store,Production Line 1,1,1,1,Production Order,205,High,Requested,Production Issue Transfer for motor manufacturing warehouse movement,2025-08-06 09:48:00,2025-08-06 15:24:00
206,MO2026091200206,2026-09-12,Semi-Finished Transfer,Production Line 2,Semi-Finished Store,1,1,1,Production Order,206,Medium,Draft,Draft semi-finished transfer request awaiting confirmation,2026-09-12 09:55:00,2026-09-12 15:35:00
207,MO2025112400207,2025-11-24,Finished Goods Transfer,Semi-Finished Store,Finished Goods Store,1,1,1,Finished Goods Receipt,207,Low,Cancelled,Finished Goods Transfer cancelled due to revised material movement plan,2025-11-24 09:02:00,2025-11-24 15:46:00
208,MO2026012900208,2026-01-29,QA Hold Transfer,Finished Goods Store,QA Hold Area,1,1,1,Finished Goods Receipt,208,Urgent,Rejected,QA Hold Transfer rejected due to location or quantity mismatch,2026-01-29 09:09:00,2026-01-29 15:57:00
209,MO2026013100209,2026-01-31,Rejection Transfer,QA Hold Area,Rejection Bay,1,1,1,Finished Goods Receipt,209,High,Completed,Rejection Transfer for motor manufacturing warehouse movement,2026-01-31 09:16:00,2026-01-31 15:08:00
210,MO2026010300210,2026-01-03,Dispatch Staging Transfer,Finished Goods Store,Dispatch Staging Area,1,1,1,Customer Order,210,High,Completed,Dispatch Staging Transfer for motor manufacturing warehouse movement,2026-01-03 09:23:00,2026-01-03 15:19:00
211,MO2025010200211,2025-01-02,Raw Material Transfer,Raw Material Store,Electrical Store,1,1,1,Manual Transfer,,Medium,In Transit,Raw Material Transfer for motor manufacturing warehouse movement,2025-01-02 09:30:00,2025-01-02 15:30:00
212,MO2025100200212,2025-10-02,Production Issue Transfer,Consumables Store,Production Line 2,1,1,1,Production Order,212,High,Approved,Production Issue Transfer for motor manufacturing warehouse movement,2025-10-02 09:37:00,2025-10-02 15:41:00
213,MO2025100900213,2025-10-09,Semi-Finished Transfer,Production Line 1,Semi-Finished Store,1,1,1,Production Order,213,High,Requested,Semi-Finished Transfer for motor manufacturing warehouse movement,2025-10-09 09:44:00,2025-10-09 15:52:00
214,MO2026021000214,2026-02-10,Finished Goods Transfer,Semi-Finished Store,Finished Goods Store,1,1,1,Finished Goods Receipt,214,Medium,Draft,Draft finished goods transfer request awaiting confirmation,2026-02-10 09:51:00,2026-02-10 15:03:00
215,MO2026021200215,2026-02-12,QA Hold Transfer,Production Line 1,QA Hold Area,1,1,1,Finished Goods Receipt,215,Low,Cancelled,QA Hold Transfer cancelled due to revised material movement plan,2026-02-12 09:58:00,2026-02-12 15:14:00
216,MO2026021400216,2026-02-14,Rejection Transfer,QA Hold Area,Rejection Bay,1,1,1,Finished Goods Receipt,216,High,Rejected,Rejection Transfer rejected due to location or quantity mismatch,2026-02-14 09:05:00,2026-02-14 15:25:00
217,MO2026010500217,2026-01-05,Dispatch Staging Transfer,Finished Goods Store,Dispatch Staging Area,1,1,1,Customer Order,217,High,Completed,Dispatch Staging Transfer for motor manufacturing warehouse movement,2026-01-05 09:12:00,2026-01-05 15:36:00
218,MO2025010300218,2025-01-03,Raw Material Transfer,Raw Material Store,Mechanical Store,1,1,1,Manual Transfer,,Medium,Completed,Raw Material Transfer for motor manufacturing warehouse movement,2025-01-03 09:19:00,2025-01-03 15:47:00
219,MO2025112100219,2025-11-21,Production Issue Transfer,Mechanical Store,Production Line 1,1,1,1,Production Order,219,High,In Transit,Production Issue Transfer for motor manufacturing warehouse movement,2025-11-21 09:26:00,2025-11-21 15:58:00
220,MO2025121700220,2025-12-17,Semi-Finished Transfer,Production Line 2,Semi-Finished Store,1,1,1,Production Order,220,Medium,Approved,Semi-Finished Transfer for motor manufacturing warehouse movement,2025-12-17 09:33:00,2025-12-17 15:09:00
221,MO2026033000221,2026-03-30,Finished Goods Transfer,Semi-Finished Store,Finished Goods Store,1,1,1,Finished Goods Receipt,221,High,Requested,Finished Goods Transfer for motor manufacturing warehouse movement,2026-03-30 09:40:00,2026-03-30 15:20:00
222,MO2026040100222,2026-04-01,QA Hold Transfer,Finished Goods Store,QA Hold Area,1,1,1,Finished Goods Receipt,222,High,Draft,Draft qa hold transfer request awaiting confirmation,2026-04-01 09:47:00,2026-04-01 15:31:00
223,MO2026032900223,2026-03-29,Rejection Transfer,QA Hold Area,Rejection Bay,1,1,1,Finished Goods Receipt,223,Low,Cancelled,Rejection Transfer cancelled due to revised material movement plan,2026-03-29 09:54:00,2026-03-29 15:42:00
224,MO2026011300224,2026-01-13,Dispatch Staging Transfer,Finished Goods Store,Dispatch Staging Area,1,1,1,Customer Order,224,High,Rejected,Dispatch Staging Transfer rejected due to location or quantity mismatch,2026-01-13 09:01:00,2026-01-13 15:53:00
225,MO2025010400225,2025-01-04,Raw Material Transfer,Raw Material Store,Electrical Store,1,1,1,Manual Transfer,,High,Completed,Raw Material Transfer for motor manufacturing warehouse movement,2025-01-04 09:08:00,2025-01-04 15:04:00
226,MO2026111300226,2026-11-13,Production Issue Transfer,Electrical Store,Production Line 2,1,1,1,Production Order,226,Urgent,Completed,Production Issue Transfer for motor manufacturing warehouse movement,2026-11-13 09:15:00,2026-11-13 15:15:00
227,MO2026021500227,2026-02-15,Semi-Finished Transfer,Production Line 1,Semi-Finished Store,1,1,1,Production Order,227,Medium,In Transit,Semi-Finished Transfer for motor manufacturing warehouse movement,2026-02-15 09:22:00,2026-02-15 15:26:00
228,MO2026090400228,2026-09-04,Finished Goods Transfer,Semi-Finished Store,Finished Goods Store,1,1,1,Finished Goods Receipt,228,Medium,Approved,Finished Goods Transfer for motor manufacturing warehouse movement,2026-09-04 09:29:00,2026-09-04 15:37:00
229,MO2025071600229,2025-07-16,QA Hold Transfer,Production Line 1,QA Hold Area,1,1,1,Finished Goods Receipt,229,Urgent,Requested,QA Hold Transfer for motor manufacturing warehouse movement,2025-07-16 09:36:00,2025-07-16 15:48:00
230,MO2025071800230,2025-07-18,Rejection Transfer,QA Hold Area,Rejection Bay,1,1,1,Finished Goods Receipt,230,High,Draft,Draft rejection transfer request awaiting confirmation,2025-07-18 09:43:00,2025-07-18 15:59:00
231,MO2026012400231,2026-01-24,Dispatch Staging Transfer,Finished Goods Store,Dispatch Staging Area,1,1,1,Customer Order,231,Low,Cancelled,Dispatch Staging Transfer cancelled due to revised material movement plan,2026-01-24 09:50:00,2026-01-24 15:10:00
232,MO2025010500232,2025-01-05,Raw Material Transfer,Raw Material Store,Mechanical Store,1,1,1,Manual Transfer,,Medium,Rejected,Raw Material Transfer rejected due to location or quantity mismatch,2025-01-05 09:57:00,2025-01-05 15:21:00
233,MO2026032500233,2026-03-25,Production Issue Transfer,Raw Material Store,Production Line 1,1,1,1,Production Order,233,High,Completed,Production Issue Transfer for motor manufacturing warehouse movement,2026-03-25 09:04:00,2026-03-25 15:32:00
234,MO2026033100234,2026-03-31,Semi-Finished Transfer,Production Line 2,Semi-Finished Store,1,1,1,Production Order,234,Medium,Completed,Semi-Finished Transfer for motor manufacturing warehouse movement,2026-03-31 09:11:00,2026-03-31 15:43:00
235,MO2025093000235,2025-09-30,Finished Goods Transfer,Semi-Finished Store,Finished Goods Store,1,1,1,Finished Goods Receipt,235,Medium,In Transit,Finished Goods Transfer for motor manufacturing warehouse movement,2025-09-30 09:18:00,2025-09-30 15:54:00
236,MO2025100200236,2025-10-02,QA Hold Transfer,Finished Goods Store,QA Hold Area,1,1,1,Finished Goods Receipt,236,High,Approved,QA Hold Transfer for motor manufacturing warehouse movement,2025-10-02 09:25:00,2025-10-02 15:05:00
237,MO2025100400237,2025-10-04,Rejection Transfer,QA Hold Area,Rejection Bay,1,1,1,Finished Goods Receipt,237,High,Requested,Rejection Transfer for motor manufacturing warehouse movement,2025-10-04 09:32:00,2025-10-04 15:16:00
238,MO2026013000238,2026-01-30,Dispatch Staging Transfer,Finished Goods Store,Dispatch Staging Area,1,1,1,Customer Order,238,High,Draft,Draft dispatch staging transfer request awaiting confirmation,2026-01-30 09:39:00,2026-01-30 15:27:00
239,MO2025010600239,2025-01-06,Raw Material Transfer,Raw Material Store,Electrical Store,1,1,1,Manual Transfer,,Low,Cancelled,Raw Material Transfer cancelled due to revised material movement plan,2025-01-06 09:46:00,2025-01-06 15:38:00
240,MO2025070800240,2025-07-08,Production Issue Transfer,Consumables Store,Production Line 2,1,1,1,Production Order,240,High,Rejected,Production Issue Transfer rejected due to location or quantity mismatch,2025-07-08 09:53:00,2025-07-08 15:49:00
241,MO2026122500241,2026-12-25,Semi-Finished Transfer,Production Line 1,Semi-Finished Store,1,1,1,Production Order,241,High,Completed,Semi-Finished Transfer for motor manufacturing warehouse movement,2026-12-25 09:00:00,2026-12-25 15:00:00
242,MO2026092900242,2026-09-29,Finished Goods Transfer,Semi-Finished Store,Finished Goods Store,1,1,1,Finished Goods Receipt,242,Medium,Completed,Finished Goods Transfer for motor manufacturing warehouse movement,2026-09-29 09:07:00,2026-09-29 15:11:00
243,MO2026100100243,2026-10-01,QA Hold Transfer,Production Line 1,QA Hold Area,1,1,1,Finished Goods Receipt,243,High,In Transit,QA Hold Transfer for motor manufacturing warehouse movement,2026-10-01 09:14:00,2026-10-01 15:22:00
244,MO2025112700244,2025-11-27,Rejection Transfer,QA Hold Area,Rejection Bay,1,1,1,Finished Goods Receipt,244,Urgent,Approved,Rejection Transfer for motor manufacturing warehouse movement,2025-11-27 09:21:00,2025-11-27 15:33:00
245,MO2026020400245,2026-02-04,Dispatch Staging Transfer,Finished Goods Store,Dispatch Staging Area,1,1,1,Customer Order,245,High,Requested,Dispatch Staging Transfer for motor manufacturing warehouse movement,2026-02-04 09:28:00,2026-02-04 15:44:00
246,MO2025010700246,2025-01-07,Raw Material Transfer,Raw Material Store,Mechanical Store,1,1,1,Manual Transfer,,Medium,Draft,Draft raw material transfer request awaiting confirmation,2025-01-07 09:35:00,2025-01-07 15:55:00
247,MO2025092400247,2025-09-24,Production Issue Transfer,Mechanical Store,Production Line 1,1,1,1,Production Order,247,Low,Cancelled,Production Issue Transfer cancelled due to revised material movement plan,2025-09-24 09:42:00,2025-09-24 15:06:00
248,MO2025092800248,2025-09-28,Semi-Finished Transfer,Production Line 2,Semi-Finished Store,1,1,1,Production Order,248,Medium,Rejected,Semi-Finished Transfer rejected due to location or quantity mismatch,2025-09-28 09:49:00,2025-09-28 15:17:00
249,MO2025112100249,2025-11-21,Finished Goods Transfer,Semi-Finished Store,Finished Goods Store,1,1,1,Finished Goods Receipt,249,High,Completed,Finished Goods Transfer for motor manufacturing warehouse movement,2025-11-21 09:56:00,2025-11-21 15:28:00
250,MO2025112300250,2025-11-23,QA Hold Transfer,Finished Goods Store,QA Hold Area,1,1,1,Finished Goods Receipt,250,Urgent,Completed,QA Hold Transfer for motor manufacturing warehouse movement,2025-11-23 09:03:00,2025-11-23 15:39:00
251,MO2025112500251,2025-11-25,Rejection Transfer,QA Hold Area,Rejection Bay,1,1,1,Finished Goods Receipt,251,High,In Transit,Rejection Transfer for motor manufacturing warehouse movement,2025-11-25 09:10:00,2025-11-25 15:50:00
252,MO2026021000252,2026-02-10,Dispatch Staging Transfer,Finished Goods Store,Dispatch Staging Area,1,1,1,Customer Order,252,High,Approved,Dispatch Staging Transfer for motor manufacturing warehouse movement,2026-02-10 09:17:00,2026-02-10 15:01:00
253,MO2025010200253,2025-01-02,Raw Material Transfer,Raw Material Store,Electrical Store,1,1,1,Manual Transfer,,High,Requested,Raw Material Transfer for motor manufacturing warehouse movement,2025-01-02 09:24:00,2025-01-02 15:12:00
254,MO2025101700254,2025-10-17,Production Issue Transfer,Electrical Store,Production Line 2,1,1,1,Production Order,254,High,Draft,Draft production issue transfer request awaiting confirmation,2025-10-17 09:31:00,2025-10-17 15:23:00
255,MO2025110800255,2025-11-08,Semi-Finished Transfer,Production Line 1,Semi-Finished Store,1,1,1,Production Order,255,Low,Cancelled,Semi-Finished Transfer cancelled due to revised material movement plan,2025-11-08 09:38:00,2025-11-08 15:34:00
256,MO2026111500256,2026-11-15,Finished Goods Transfer,Semi-Finished Store,Finished Goods Store,1,1,1,Finished Goods Receipt,256,Medium,Rejected,Finished Goods Transfer rejected due to location or quantity mismatch,2026-11-15 09:45:00,2026-11-15 15:45:00
257,MO2026111700257,2026-11-17,QA Hold Transfer,Production Line 1,QA Hold Area,1,1,1,Finished Goods Receipt,257,High,Completed,QA Hold Transfer for motor manufacturing warehouse movement,2026-11-17 09:52:00,2026-11-17 15:56:00
258,MO2026111900258,2026-11-19,Rejection Transfer,QA Hold Area,Rejection Bay,1,1,1,Finished Goods Receipt,258,High,Completed,Rejection Transfer for motor manufacturing warehouse movement,2026-11-19 09:59:00,2026-11-19 15:07:00
259,MO2026021200259,2026-02-12,Dispatch Staging Transfer,Finished Goods Store,Dispatch Staging Area,1,1,1,Customer Order,259,High,In Transit,Dispatch Staging Transfer for motor manufacturing warehouse movement,2026-02-12 09:06:00,2026-02-12 15:18:00
260,MO2025010300260,2025-01-03,Raw Material Transfer,Raw Material Store,Mechanical Store,1,1,1,Manual Transfer,,Medium,Approved,Raw Material Transfer for motor manufacturing warehouse movement,2025-01-03 09:13:00,2025-01-03 15:29:00
261,MO2027022500261,2027-02-25,Production Issue Transfer,Raw Material Store,Production Line 1,1,1,1,Production Order,261,Urgent,Requested,Production Issue Transfer for motor manufacturing warehouse movement,2027-02-25 09:20:00,2027-02-25 15:40:00
262,MO2026012800262,2026-01-28,Semi-Finished Transfer,Production Line 2,Semi-Finished Store,1,1,1,Production Order,262,Medium,Draft,Draft semi-finished transfer request awaiting confirmation,2026-01-28 09:27:00,2026-01-28 15:51:00
263,MO2026032700263,2026-03-27,Finished Goods Transfer,Semi-Finished Store,Finished Goods Store,1,1,1,Finished Goods Receipt,263,Low,Cancelled,Finished Goods Transfer cancelled due to revised material movement plan,2026-03-27 09:34:00,2026-03-27 15:02:00
264,MO2026032900264,2026-03-29,QA Hold Transfer,Finished Goods Store,QA Hold Area,1,1,1,Finished Goods Receipt,264,High,Rejected,QA Hold Transfer rejected due to location or quantity mismatch,2026-03-29 09:41:00,2026-03-29 15:13:00
265,MO2026032600265,2026-03-26,Rejection Transfer,QA Hold Area,Rejection Bay,1,1,1,Finished Goods Receipt,265,Urgent,Completed,Rejection Transfer for motor manufacturing warehouse movement,2026-03-26 09:48:00,2026-03-26 15:24:00
266,MO2026021800266,2026-02-18,Dispatch Staging Transfer,Finished Goods Store,Dispatch Staging Area,1,1,1,Customer Order,266,Urgent,Completed,Dispatch Staging Transfer for motor manufacturing warehouse movement,2026-02-18 09:55:00,2026-02-18 15:35:00
267,MO2025010400267,2025-01-04,Raw Material Transfer,Raw Material Store,Electrical Store,1,1,1,Manual Transfer,,Medium,In Transit,Raw Material Transfer for motor manufacturing warehouse movement,2025-01-04 09:02:00,2025-01-04 15:46:00
268,MO2026030300268,2026-03-03,Production Issue Transfer,Consumables Store,Production Line 2,1,1,1,Production Order,268,High,Approved,Production Issue Transfer for motor manufacturing warehouse movement,2026-03-03 09:09:00,2026-03-03 15:57:00
269,MO2026031000269,2026-03-10,Semi-Finished Transfer,Production Line 1,Semi-Finished Store,1,1,1,Production Order,269,High,Requested,Semi-Finished Transfer for motor manufacturing warehouse movement,2026-03-10 09:16:00,2026-03-10 15:08:00
270,MO2027010300270,2027-01-03,Finished Goods Transfer,Semi-Finished Store,Finished Goods Store,1,1,1,Finished Goods Receipt,270,Medium,Draft,Draft finished goods transfer request awaiting confirmation,2027-01-03 09:23:00,2027-01-03 15:19:00
271,MO2025072200271,2025-07-22,QA Hold Transfer,Production Line 1,QA Hold Area,1,1,1,Finished Goods Receipt,271,Low,Cancelled,QA Hold Transfer cancelled due to revised material movement plan,2025-07-22 09:30:00,2025-07-22 15:30:00
272,MO2025072400272,2025-07-24,Rejection Transfer,QA Hold Area,Rejection Bay,1,1,1,Finished Goods Receipt,272,High,Rejected,Rejection Transfer rejected due to location or quantity mismatch,2025-07-24 09:37:00,2025-07-24 15:41:00
273,MO2026030100273,2026-03-01,Dispatch Staging Transfer,Finished Goods Store,Dispatch Staging Area,1,1,1,Customer Order,273,High,Completed,Dispatch Staging Transfer for motor manufacturing warehouse movement,2026-03-01 09:44:00,2026-03-01 15:52:00
274,MO2025010500274,2025-01-05,Raw Material Transfer,Raw Material Store,Mechanical Store,1,1,1,Manual Transfer,,Medium,Completed,Raw Material Transfer for motor manufacturing warehouse movement,2025-01-05 09:51:00,2025-01-05 15:03:00
275,MO2025051400275,2025-05-14,Production Issue Transfer,Mechanical Store,Production Line 1,1,1,1,Production Order,275,High,In Transit,Production Issue Transfer for motor manufacturing warehouse movement,2025-05-14 09:58:00,2025-05-14 15:14:00
276,MO2027041400276,2027-04-14,Semi-Finished Transfer,Production Line 2,Semi-Finished Store,1,1,1,Production Order,276,Medium,Approved,Semi-Finished Transfer for motor manufacturing warehouse movement,2027-04-14 09:05:00,2027-04-14 15:25:00
277,MO2025092900277,2025-09-29,Finished Goods Transfer,Semi-Finished Store,Finished Goods Store,1,1,1,Finished Goods Receipt,277,High,Requested,Finished Goods Transfer for motor manufacturing warehouse movement,2025-09-29 09:12:00,2025-09-29 15:36:00
278,MO2025100100278,2025-10-01,QA Hold Transfer,Finished Goods Store,QA Hold Area,1,1,1,Finished Goods Receipt,278,High,Draft,Draft qa hold transfer request awaiting confirmation,2025-10-01 09:19:00,2025-10-01 15:47:00
279,MO2025100300279,2025-10-03,Rejection Transfer,QA Hold Area,Rejection Bay,1,1,1,Finished Goods Receipt,279,Low,Cancelled,Rejection Transfer cancelled due to revised material movement plan,2025-10-03 09:26:00,2025-10-03 15:58:00
280,MO2026031300280,2026-03-13,Dispatch Staging Transfer,Finished Goods Store,Dispatch Staging Area,1,1,1,Customer Order,280,High,Rejected,Dispatch Staging Transfer rejected due to location or quantity mismatch,2026-03-13 09:33:00,2026-03-13 15:09:00
281,MO2025010600281,2025-01-06,Raw Material Transfer,Raw Material Store,Electrical Store,1,1,1,Manual Transfer,,High,Completed,Raw Material Transfer for motor manufacturing warehouse movement,2025-01-06 09:40:00,2025-01-06 15:20:00
282,MO2025081000282,2025-08-10,Production Issue Transfer,Electrical Store,Production Line 2,1,1,1,Production Order,282,High,Completed,Production Issue Transfer for motor manufacturing warehouse movement,2025-08-10 09:47:00,2025-08-10 15:31:00
283,MO2025080700283,2025-08-07,Semi-Finished Transfer,Production Line 1,Semi-Finished Store,1,1,1,Production Order,283,Medium,In Transit,Semi-Finished Transfer for motor manufacturing warehouse movement,2025-08-07 09:54:00,2025-08-07 15:42:00
284,MO2027012600284,2027-01-26,Finished Goods Transfer,Semi-Finished Store,Finished Goods Store,1,1,1,Finished Goods Receipt,284,Medium,Approved,Finished Goods Transfer for motor manufacturing warehouse movement,2027-01-26 09:01:00,2027-01-26 15:53:00
285,MO2027012800285,2027-01-28,QA Hold Transfer,Production Line 1,QA Hold Area,1,1,1,Finished Goods Receipt,285,High,Requested,QA Hold Transfer for motor manufacturing warehouse movement,2027-01-28 09:08:00,2027-01-28 15:04:00
286,MO2025112500286,2025-11-25,Rejection Transfer,QA Hold Area,Rejection Bay,1,1,1,Finished Goods Receipt,286,Urgent,Draft,Draft rejection transfer request awaiting confirmation,2025-11-25 09:15:00,2025-11-25 15:15:00
287,MO2026032000287,2026-03-20,Dispatch Staging Transfer,Finished Goods Store,Dispatch Staging Area,1,1,1,Customer Order,287,Low,Cancelled,Dispatch Staging Transfer cancelled due to revised material movement plan,2026-03-20 09:22:00,2026-03-20 15:26:00
288,MO2025010700288,2025-01-07,Raw Material Transfer,Raw Material Store,Mechanical Store,1,1,1,Manual Transfer,,Medium,Rejected,Raw Material Transfer rejected due to location or quantity mismatch,2025-01-07 09:29:00,2025-01-07 15:37:00
289,MO2025092700289,2025-09-27,Production Issue Transfer,Raw Material Store,Production Line 1,1,1,1,Production Order,289,High,Completed,Production Issue Transfer for motor manufacturing warehouse movement,2025-09-27 09:36:00,2025-09-27 15:48:00
290,MO2025100300290,2025-10-03,Semi-Finished Transfer,Production Line 2,Semi-Finished Store,1,1,1,Production Order,290,Medium,Completed,Semi-Finished Transfer for motor manufacturing warehouse movement,2025-10-03 09:43:00,2025-10-03 15:59:00
291,MO2025112700291,2025-11-27,Finished Goods Transfer,Semi-Finished Store,Finished Goods Store,1,1,1,Finished Goods Receipt,291,Medium,In Transit,Finished Goods Transfer for motor manufacturing warehouse movement,2025-11-27 09:50:00,2025-11-27 15:10:00
292,MO2025122300292,2025-12-23,QA Hold Transfer,Finished Goods Store,QA Hold Area,1,1,1,Finished Goods Receipt,292,Urgent,Approved,QA Hold Transfer for motor manufacturing warehouse movement,2025-12-23 09:57:00,2025-12-23 15:21:00
293,MO2025122500293,2025-12-25,Rejection Transfer,QA Hold Area,Rejection Bay,1,1,1,Finished Goods Receipt,293,High,Requested,Rejection Transfer for motor manufacturing warehouse movement,2025-12-25 09:04:00,2025-12-25 15:32:00
294,MO2026032700294,2026-03-27,Dispatch Staging Transfer,Finished Goods Store,Dispatch Staging Area,1,1,1,Customer Order,294,High,Draft,Draft dispatch staging transfer request awaiting confirmation,2026-03-27 09:11:00,2026-03-27 15:43:00
295,MO2025010200295,2025-01-02,Raw Material Transfer,Raw Material Store,Electrical Store,1,1,1,Manual Transfer,,Low,Cancelled,Raw Material Transfer cancelled due to revised material movement plan,2025-01-02 09:18:00,2025-01-02 15:54:00
296,MO2027060900296,2027-06-09,Production Issue Transfer,Consumables Store,Production Line 2,1,1,1,Production Order,296,Urgent,Rejected,Production Issue Transfer rejected due to location or quantity mismatch,2027-06-09 09:25:00,2027-06-09 15:05:00
297,MO2025112200297,2025-11-22,Semi-Finished Transfer,Production Line 1,Semi-Finished Store,1,1,1,Production Order,297,High,Completed,Semi-Finished Transfer for motor manufacturing warehouse movement,2025-11-22 09:32:00,2025-11-22 15:16:00
298,MO2027031400298,2027-03-14,Finished Goods Transfer,Semi-Finished Store,Finished Goods Store,1,1,1,Finished Goods Receipt,298,Medium,Completed,Finished Goods Transfer for motor manufacturing warehouse movement,2027-03-14 09:39:00,2027-03-14 15:27:00
299,MO2027031600299,2027-03-16,QA Hold Transfer,Production Line 1,QA Hold Area,1,1,1,Finished Goods Receipt,299,High,In Transit,QA Hold Transfer for motor manufacturing warehouse movement,2027-03-16 09:46:00,2027-03-16 15:38:00
300,MO2027031800300,2027-03-18,Rejection Transfer,QA Hold Area,Rejection Bay,1,1,1,Finished Goods Receipt,300,High,Approved,Rejection Transfer for motor manufacturing warehouse movement,2027-03-18 09:53:00,2027-03-18 15:49:00
301,MO-SFG-0301,2025-04-01,Semi Finished Transfer,STAT_WIP,ASMB_WIP,1,1,1,Production Order,,High,Completed,SFG Transfer to Assembly for Finished Stator 1.5kW.,2025-04-01 09:00:00,2025-04-01 15:00:00
302,MO-SFG-0302,2025-04-01,Semi Finished Transfer,STAT_WIP,ASMB_WIP,1,1,1,Production Order,,High,Completed,SFG Transfer to Assembly for Finished Stator 3kW.,2025-04-01 09:00:00,2025-04-01 15:00:00
303,MO-SFG-0303,2025-04-01,Semi Finished Transfer,STAT_WIP,ASMB_WIP,1,1,1,Production Order,,High,Completed,SFG Transfer to Assembly for Finished Stator 7.5kW.,2025-04-01 09:00:00,2025-04-01 15:00:00
304,MO-SFG-0304,2025-04-01,Semi Finished Transfer,ROTR_WIP,ASMB_WIP,1,1,1,Production Order,,High,Completed,SFG Transfer to Assembly for Finished Rotor 1.5kW.,2025-04-01 09:00:00,2025-04-01 15:00:00
305,MO-SFG-0305,2025-04-01,Semi Finished Transfer,ROTR_WIP,ASMB_WIP,1,1,1,Production Order,,High,Completed,SFG Transfer to Assembly for Finished Rotor 3kW.,2025-04-01 09:00:00,2025-04-01 15:00:00
306,MO-SFG-0306,2025-04-01,Semi Finished Transfer,ROTR_WIP,ASMB_WIP,1,1,1,Production Order,,High,Completed,SFG Transfer to Assembly for Finished Rotor 7.5kW.,2025-04-01 09:00:00,2025-04-01 15:00:00
