production_order_id,production_order_number,customer_order_id,finished_item_id,department_id,planned_quantity,produced_quantity,rejected_quantity,uom,planned_start_date,planned_end_date,actual_start_date,actual_end_date,priority,production_status,created_by,approved_by,remarks,created_at,updated_at
1,PROD202501030001,,100,5,40.000,40.000,0.000,No,2025-01-03,2025-01-06,2025-01-04,2025-01-08,Medium,Completed,1,1,Make-to-stock production for BLDC Motor 1.5 kW,2025-01-02 09:00:00,2025-01-03 17:00:00
2,PROD202505090002,15,101,5,18.000,18.000,0.000,No,2025-05-09,2025-05-12,2025-05-09,2025-05-12,High,Completed,1,1,Make-to-order production linked to SO202606300015,2025-05-08 09:07:00,2025-05-09 17:11:00
3,PROD202505100003,16,102,5,24.000,15.000,0.000,No,2025-05-10,2025-05-13,2025-05-10,2025-05-13,Medium,Partially Completed,1,1,Make-to-order production linked to SO202606300016,2025-05-09 09:14:00,2025-05-10 17:22:00
4,PROD202505160004,23,103,3,200.000,30.000,0.000,No,2025-05-16,2025-05-20,2025-05-17,,Low,In Progress,1,1,Make-to-order production linked to SO202606300023,2025-05-15 09:21:00,2025-05-16 17:33:00
5,PROD202505210005,24,104,3,240.000,0.000,0.000,No,2025-05-21,2025-05-26,,,Medium,Released,1,1,Make-to-order production linked to SO202606300024,2025-05-20 09:28:00,2025-05-21 17:44:00
6,PROD202501180006,,105,3,300.000,0.000,0.000,No,2025-01-18,2025-01-23,,,High,Planned,1,,Make-to-stock production for Finished Stator 7.5kW,2025-01-17 09:35:00,2025-01-18 17:55:00
7,PROD202507150007,48,106,4,70.000,0.000,0.000,No,2025-07-15,2025-07-18,2025-07-16,,High,On Hold,1,1,Production hold for Finished Rotor 1.5kW: awaiting material clearance from stores,2025-07-14 09:42:00,2025-07-15 17:06:00
8,PROD202507180008,56,107,4,110.000,0.000,0.000,No,2025-07-18,2025-07-21,,,Medium,Cancelled,1,1,Cancelled due to revised production plan for Finished Rotor 3kW,2025-07-17 09:49:00,2025-07-18 17:17:00
9,PROD202508040009,71,108,4,150.000,147.000,3.000,No,2025-08-04,2025-08-08,2025-08-04,2025-08-08,Medium,Completed,1,1,Make-to-order production linked to SO202606300071,2025-08-03 09:56:00,2025-08-04 17:28:00
10,PROD202508060010,74,106,4,190.000,185.000,5.000,No,2025-08-06,2025-08-10,2025-08-07,2025-08-10,High,Completed,1,1,Make-to-order production linked to SO202606300074,2025-08-05 09:03:00,2025-08-06 17:39:00
11,PROD202502020011,,107,4,230.000,149.000,0.000,No,2025-02-02,2025-02-06,2025-02-02,2025-02-07,Medium,Partially Completed,1,1,Make-to-stock production for Finished Rotor 3kW,2025-02-01 09:10:00,2025-02-02 17:50:00
12,PROD202509110012,104,108,4,280.000,86.000,0.000,No,2025-09-11,2025-09-16,2025-09-11,,Low,In Progress,1,1,Make-to-order production linked to SO202606300104,2025-09-10 09:17:00,2025-09-11 17:01:00
13,PROD202509270013,121,100,5,12.000,0.000,0.000,No,2025-09-27,2025-09-30,,,Medium,Released,1,1,Make-to-order production linked to SO202606300121,2025-09-26 09:24:00,2025-09-27 17:12:00
14,PROD202509300014,125,101,5,18.000,0.000,0.000,No,2025-09-30,2025-10-03,,,High,Planned,1,,Make-to-order production linked to SO202606300125,2025-09-29 09:31:00,2025-09-30 17:23:00
15,PROD202509250015,127,102,5,24.000,0.000,0.000,No,2025-09-25,2025-09-28,2025-09-25,,High,On Hold,1,1,Production hold for PMSM Motor 7.5 kW: awaiting material clearance from stores,2025-09-24 09:38:00,2025-09-25 17:34:00
16,PROD202502170016,,103,3,200.000,0.000,0.000,No,2025-02-17,2025-02-21,,,Low,Cancelled,1,1,Cancelled due to revised production plan for Finished Stator 1.5kW,2025-02-16 09:45:00,2025-02-17 17:45:00
17,PROD202510010017,130,104,3,240.000,238.000,2.000,No,2025-10-01,2025-10-06,2025-10-01,2025-10-06,Medium,Completed,1,1,Make-to-order production linked to SO202606300130,2025-09-30 09:52:00,2025-10-01 17:56:00
18,PROD202510070018,134,105,3,300.000,296.000,4.000,No,2025-10-07,2025-10-12,2025-10-07,2025-10-12,High,Completed,1,1,Make-to-order production linked to SO202606300134,2025-10-06 09:59:00,2025-10-07 17:07:00
19,PROD202510100019,139,106,4,70.000,45.000,0.000,No,2025-10-10,2025-10-13,2025-10-11,2025-10-15,Medium,Partially Completed,1,1,Make-to-order production linked to SO202606300139,2025-10-09 09:06:00,2025-10-10 17:18:00
20,PROD202510190020,146,107,4,110.000,25.000,0.000,No,2025-10-19,2025-10-22,2025-10-19,,Low,In Progress,1,1,Make-to-order production linked to SO202606300146,2025-10-18 09:13:00,2025-10-19 17:29:00
21,PROD202503040021,,108,4,150.000,0.000,0.000,No,2025-03-04,2025-03-08,,,Medium,Released,1,1,Make-to-stock production for Finished Rotor 7.5kW,2025-03-03 09:20:00,2025-03-04 17:40:00
22,PROD202511150022,168,106,4,190.000,0.000,0.000,No,2025-11-15,2025-11-19,,,High,Planned,1,,Make-to-order production linked to SO202606300168,2025-11-14 09:27:00,2025-11-15 17:51:00
23,PROD202511170023,169,107,4,230.000,0.000,0.000,No,2025-11-17,2025-11-21,2025-11-17,,High,On Hold,1,1,Production hold for Finished Rotor 3kW: awaiting material clearance from stores,2025-11-16 09:34:00,2025-11-17 17:02:00
24,PROD202511190024,171,108,4,280.000,0.000,0.000,No,2025-11-19,2025-11-24,,,Medium,Cancelled,1,1,Cancelled due to revised production plan for Finished Rotor 7.5kW,2025-11-18 09:41:00,2025-11-19 17:13:00
25,PROD202512140025,190,100,5,12.000,12.000,0.000,No,2025-12-14,2025-12-17,2025-12-15,2025-12-19,Medium,Completed,1,1,Make-to-order production linked to SO202606300190,2025-12-13 09:48:00,2025-12-14 17:24:00
26,PROD202503190026,,101,5,60.000,60.000,0.000,No,2025-03-19,2025-03-23,2025-03-19,2025-03-24,High,Completed,1,1,Make-to-stock production for PMSM Motor 3 kW,2025-03-18 09:55:00,2025-03-19 17:35:00
27,PROD202601240027,227,102,5,24.000,15.000,0.000,No,2026-01-24,2026-01-27,2026-01-24,2026-01-27,Medium,Partially Completed,1,1,Make-to-order production linked to SO202606300227,2026-01-23 09:02:00,2026-01-24 17:46:00
28,PROD202601280028,230,103,3,200.000,30.000,0.000,No,2026-01-28,2026-02-01,2026-01-29,,Low,In Progress,1,1,Make-to-order production linked to SO202606300230,2026-01-27 09:09:00,2026-01-28 17:57:00
29,PROD202601220029,231,104,3,240.000,0.000,0.000,No,2026-01-22,2026-01-27,,,Medium,Released,1,1,Make-to-order production linked to SO202606300231,2026-01-21 09:16:00,2026-01-22 17:08:00
30,PROD202601270030,236,105,3,300.000,0.000,0.000,No,2026-01-27,2026-02-01,,,High,Planned,1,,Make-to-order production linked to SO202606300236,2026-01-26 09:23:00,2026-01-27 17:19:00
31,PROD202504030031,,106,4,70.000,0.000,0.000,No,2025-04-03,2025-04-06,2025-04-04,,High,On Hold,1,1,Production hold for Finished Rotor 1.5kW: awaiting material clearance from stores,2025-04-02 09:30:00,2025-04-03 17:30:00
32,PROD202602110032,255,107,4,110.000,0.000,0.000,No,2026-02-11,2026-02-14,,,Medium,Cancelled,1,1,Cancelled due to revised production plan for Finished Rotor 3kW,2026-02-10 09:37:00,2026-02-11 17:41:00
33,PROD202602250033,267,108,4,150.000,148.000,2.000,No,2026-02-25,2026-03-01,2026-02-25,2026-03-01,Medium,Completed,1,1,Make-to-order production linked to SO202606300267,2026-02-24 09:44:00,2026-02-25 17:52:00
34,PROD202603030034,272,106,4,190.000,187.000,3.000,No,2026-03-03,2026-03-07,2026-03-04,2026-03-07,High,Completed,1,1,Make-to-order production linked to SO202606300272,2026-03-02 09:51:00,2026-03-03 17:03:00
35,PROD202603090035,276,107,4,230.000,149.000,4.000,No,2026-03-09,2026-03-13,2026-03-09,2026-03-13,Medium,Partially Completed,1,1,Make-to-order production linked to SO202606300276,2026-03-08 09:58:00,2026-03-09 17:14:00
36,PROD202504180036,,108,4,280.000,86.000,0.000,No,2025-04-18,2025-04-23,2025-04-18,,Low,In Progress,1,1,Make-to-stock production for Finished Rotor 7.5kW,2025-04-17 09:05:00,2025-04-18 17:25:00
37,PROD202603140037,284,100,5,12.000,0.000,0.000,No,2026-03-14,2026-03-17,,,Medium,Released,1,1,Make-to-order production linked to SO202606300284,2026-03-13 09:12:00,2026-03-14 17:36:00
38,PROD202603210038,290,101,5,18.000,0.000,0.000,No,2026-03-21,2026-03-24,,,High,Planned,1,,Make-to-order production linked to SO202606300290,2026-03-20 09:19:00,2026-03-21 17:47:00
39,PROD202603260039,295,102,5,24.000,0.000,0.000,No,2026-03-26,2026-03-29,2026-03-26,,High,On Hold,1,1,Production hold for PMSM Motor 7.5 kW: awaiting material clearance from stores,2026-03-25 09:26:00,2026-03-26 17:58:00
40,PROD202504130040,5,103,3,200.000,0.000,0.000,No,2025-04-13,2025-04-17,,,Low,Cancelled,1,1,Cancelled due to revised production plan for Finished Stator 1.5kW,2025-04-12 09:33:00,2025-04-13 17:09:00
41,PROD202505030041,,104,3,240.000,239.000,1.000,No,2025-05-03,2025-05-08,2025-05-03,2025-05-09,Medium,Completed,1,1,Make-to-stock production for Finished Stator 3kW,2025-05-02 09:40:00,2025-05-03 17:20:00
42,PROD202505140042,16,105,3,300.000,297.000,3.000,No,2025-05-14,2025-05-19,2025-05-14,2025-05-19,High,Completed,1,1,Make-to-order production linked to SO202606300016,2025-05-13 09:47:00,2025-05-14 17:31:00
43,PROD202505130043,23,106,4,70.000,45.000,0.000,No,2025-05-13,2025-05-16,2025-05-14,2025-05-18,Medium,Partially Completed,1,1,Make-to-order production linked to SO202606300023,2025-05-12 09:54:00,2025-05-13 17:42:00
44,PROD202505180044,24,107,4,110.000,25.000,0.000,No,2025-05-18,2025-05-21,2025-05-18,,Low,In Progress,1,1,Make-to-order production linked to SO202606300024,2025-05-17 09:01:00,2025-05-18 17:53:00
45,PROD202507030045,45,108,4,150.000,0.000,0.000,No,2025-07-03,2025-07-07,,,Medium,Released,1,1,Make-to-order production linked to SO202606300045,2025-07-02 09:08:00,2025-07-03 17:04:00
46,PROD202505180046,,106,4,190.000,0.000,0.000,No,2025-05-18,2025-05-22,,,High,Planned,1,,Make-to-stock production for Finished Rotor 1.5kW,2025-05-17 09:15:00,2025-05-18 17:15:00
47,PROD202507220047,56,107,4,230.000,0.000,0.000,No,2025-07-22,2025-07-26,2025-07-22,,High,On Hold,1,1,Production hold for Finished Rotor 3kW: awaiting material clearance from stores,2025-07-21 09:22:00,2025-07-22 17:26:00
48,PROD202508080048,71,108,4,280.000,0.000,0.000,No,2025-08-08,2025-08-13,,,Medium,Cancelled,1,1,Cancelled due to revised production plan for Finished Rotor 7.5kW,2025-08-07 09:29:00,2025-08-08 17:37:00
49,PROD202508100049,74,100,5,12.000,12.000,0.000,No,2025-08-10,2025-08-13,2025-08-11,2025-08-15,Medium,Completed,1,1,Make-to-order production linked to SO202606300074,2025-08-09 09:36:00,2025-08-10 17:48:00
50,PROD202508250050,94,101,5,18.000,18.000,0.000,No,2025-08-25,2025-08-28,2025-08-25,2025-08-28,High,Completed,1,1,Make-to-order production linked to SO202606300094,2025-08-24 09:43:00,2025-08-25 17:59:00
51,PROD202506020051,,102,5,75.000,48.000,0.000,No,2025-06-02,2025-06-06,2025-06-02,2025-06-07,Medium,Partially Completed,1,1,Make-to-stock production for PMSM Motor 7.5 kW,2025-06-01 09:50:00,2025-06-02 17:10:00
52,PROD202509240052,121,103,3,200.000,30.000,0.000,No,2025-09-24,2025-09-28,2025-09-25,,Low,In Progress,1,1,Make-to-order production linked to SO202606300121,2025-09-23 09:57:00,2025-09-24 17:21:00
53,PROD202509270053,125,104,3,240.000,0.000,0.000,No,2025-09-27,2025-10-02,,,Medium,Released,1,1,Make-to-order production linked to SO202606300125,2025-09-26 09:04:00,2025-09-27 17:32:00
54,PROD202509290054,127,105,3,300.000,0.000,0.000,No,2025-09-29,2025-10-04,,,High,Planned,1,,Make-to-order production linked to SO202606300127,2025-09-28 09:11:00,2025-09-29 17:43:00
55,PROD202509300055,128,106,4,70.000,0.000,0.000,No,2025-09-30,2025-10-03,2025-10-01,,High,On Hold,1,1,Production hold for Finished Rotor 1.5kW: awaiting material clearance from stores,2025-09-29 09:18:00,2025-09-30 17:54:00
56,PROD202506170056,,107,4,110.000,0.000,0.000,No,2025-06-17,2025-06-20,,,Medium,Cancelled,1,1,Cancelled due to revised production plan for Finished Rotor 3kW,2025-06-16 09:25:00,2025-06-17 17:05:00
57,PROD202510040057,134,108,4,150.000,149.000,1.000,No,2025-10-04,2025-10-08,2025-10-04,2025-10-08,Medium,Completed,1,1,Make-to-order production linked to SO202606300134,2025-10-03 09:32:00,2025-10-04 17:16:00
58,PROD202510070058,139,106,4,190.000,188.000,2.000,No,2025-10-07,2025-10-11,2025-10-08,2025-10-11,High,Completed,1,1,Make-to-order production linked to SO202606300139,2025-10-06 09:39:00,2025-10-07 17:27:00
59,PROD202510160059,146,107,4,230.000,149.000,2.000,No,2025-10-16,2025-10-20,2025-10-16,2025-10-20,Medium,Partially Completed,1,1,Make-to-order production linked to SO202606300146,2025-10-15 09:46:00,2025-10-16 17:38:00
60,PROD202511060060,161,108,4,280.000,86.000,2.000,No,2025-11-06,2025-11-11,2025-11-06,,Low,In Progress,1,1,Make-to-order production linked to SO202606300161,2025-11-05 09:53:00,2025-11-06 17:49:00
61,PROD202507020061,,100,5,40.000,0.000,0.000,No,2025-07-02,2025-07-05,,,Medium,Released,1,1,Make-to-stock production for BLDC Motor 1.5 kW,2025-07-01 09:00:00,2025-07-02 17:00:00
62,PROD202511210062,169,101,5,18.000,0.000,0.000,No,2025-11-21,2025-11-24,,,High,Planned,1,,Make-to-order production linked to SO202606300169,2025-11-20 09:07:00,2025-11-21 17:11:00
63,PROD202511230063,171,102,5,24.000,0.000,0.000,No,2025-11-23,2025-11-26,2025-11-23,,High,On Hold,1,1,Production hold for PMSM Motor 7.5 kW: awaiting material clearance from stores,2025-11-22 09:14:00,2025-11-23 17:22:00
64,PROD202512110064,190,103,3,200.000,0.000,0.000,No,2025-12-11,2025-12-15,,,Low,Cancelled,1,1,Cancelled due to revised production plan for Finished Stator 1.5kW,2025-12-10 09:21:00,2025-12-11 17:33:00
65,PROD202601030065,214,104,3,240.000,233.000,7.000,No,2026-01-03,2026-01-08,2026-01-03,2026-01-08,Medium,Completed,1,1,Make-to-order production linked to SO202606300214,2026-01-02 09:28:00,2026-01-03 17:44:00
66,PROD202507170066,,105,3,300.000,299.000,1.000,No,2025-07-17,2025-07-22,2025-07-17,2025-07-23,High,Completed,1,1,Make-to-stock production for Finished Stator 7.5kW,2025-07-16 09:35:00,2025-07-17 17:55:00
67,PROD202601250067,230,106,4,70.000,45.000,0.000,No,2026-01-25,2026-01-28,2026-01-26,2026-01-30,Medium,Partially Completed,1,1,Make-to-order production linked to SO202606300230,2026-01-24 09:42:00,2026-01-25 17:06:00
68,PROD202601260068,231,107,4,110.000,25.000,0.000,No,2026-01-26,2026-01-29,2026-01-26,,Low,In Progress,1,1,Make-to-order production linked to SO202606300231,2026-01-25 09:49:00,2026-01-26 17:17:00
69,PROD202601310069,236,108,4,150.000,0.000,0.000,No,2026-01-31,2026-02-04,,,Medium,Released,1,1,Make-to-order production linked to SO202606300236,2026-01-30 09:56:00,2026-01-31 17:28:00
70,PROD202602060070,244,106,4,190.000,0.000,0.000,No,2026-02-06,2026-02-10,,,High,Planned,1,,Make-to-order production linked to SO202606300244,2026-02-05 09:03:00,2026-02-06 17:39:00
71,PROD202508010071,,107,4,230.000,0.000,0.000,No,2025-08-01,2025-08-05,2025-08-01,,High,On Hold,1,1,Production hold for Finished Rotor 3kW: awaiting material clearance from stores,2025-07-31 09:10:00,2025-08-01 17:50:00
72,PROD202602220072,267,108,4,280.000,0.000,0.000,No,2026-02-22,2026-02-27,,,Medium,Cancelled,1,1,Cancelled due to revised production plan for Finished Rotor 7.5kW,2026-02-21 09:17:00,2026-02-22 17:01:00
73,PROD202602280073,272,100,5,12.000,12.000,0.000,No,2026-02-28,2026-03-03,2026-03-01,2026-03-05,Medium,Completed,1,1,Make-to-order production linked to SO202606300272,2026-02-27 09:24:00,2026-02-28 17:12:00
74,PROD202603060074,276,101,5,18.000,18.000,0.000,No,2026-03-06,2026-03-09,2026-03-06,2026-03-09,High,Completed,1,1,Make-to-order production linked to SO202606300276,2026-03-05 09:31:00,2026-03-06 17:23:00
75,PROD202603140075,281,102,5,24.000,15.000,0.000,No,2026-03-14,2026-03-17,2026-03-14,2026-03-17,Medium,Partially Completed,1,1,Make-to-order production linked to SO202606300281,2026-03-13 09:38:00,2026-03-14 17:34:00
76,PROD202508160076,,103,3,200.000,30.000,0.000,No,2025-08-16,2025-08-20,2025-08-17,,Low,In Progress,1,1,Make-to-stock production for Finished Stator 1.5kW,2025-08-15 09:45:00,2025-08-16 17:45:00
77,PROD202603250077,290,104,3,240.000,0.000,0.000,No,2026-03-25,2026-03-30,,,Medium,Released,1,1,Make-to-order production linked to SO202606300290,2026-03-24 09:52:00,2026-03-25 17:56:00
78,PROD202603230078,295,105,3,300.000,0.000,0.000,No,2026-03-23,2026-03-28,,,High,Planned,1,,Make-to-order production linked to SO202606300295,2026-03-22 09:59:00,2026-03-23 17:07:00
79,PROD202504100079,5,106,4,70.000,0.000,0.000,No,2025-04-10,2025-04-13,2025-04-11,,High,On Hold,1,1,Production hold for Finished Rotor 1.5kW: awaiting material clearance from stores,2025-04-09 09:06:00,2025-04-10 17:18:00
80,PROD202505100080,15,107,4,110.000,0.000,0.000,No,2025-05-10,2025-05-13,,,Medium,Cancelled,1,1,Cancelled due to revised production plan for Finished Rotor 3kW,2025-05-09 09:13:00,2025-05-10 17:29:00
81,PROD202508310081,,108,4,150.000,150.000,0.000,No,2025-08-31,2025-09-04,2025-08-31,2025-09-05,Medium,Completed,1,1,Make-to-stock production for Finished Rotor 7.5kW,2025-08-30 09:20:00,2025-08-31 17:40:00
82,PROD202505170082,23,106,4,190.000,189.000,1.000,No,2025-05-17,2025-05-21,2025-05-18,2025-05-21,High,Completed,1,1,Make-to-order production linked to SO202606300023,2025-05-16 09:27:00,2025-05-17 17:51:00
83,PROD202505220083,24,107,4,230.000,149.000,2.000,No,2025-05-22,2025-05-26,2025-05-22,2025-05-26,Medium,Partially Completed,1,1,Make-to-order production linked to SO202606300024,2025-05-21 09:34:00,2025-05-22 17:02:00
84,PROD202507070084,45,108,4,280.000,86.000,1.000,No,2025-07-07,2025-07-12,2025-07-07,,Low,In Progress,1,1,Make-to-order production linked to SO202606300045,2025-07-06 09:41:00,2025-07-07 17:13:00
85,PROD202507090085,48,100,5,12.000,0.000,0.000,No,2025-07-09,2025-07-12,,,Medium,Released,1,1,Make-to-order production linked to SO202606300048,2025-07-08 09:48:00,2025-07-09 17:24:00
86,PROD202509150086,,101,5,60.000,0.000,0.000,No,2025-09-15,2025-09-19,,,High,Planned,1,,Make-to-stock production for PMSM Motor 3 kW,2025-09-14 09:55:00,2025-09-15 17:35:00
87,PROD202508050087,71,102,5,24.000,0.000,0.000,No,2025-08-05,2025-08-08,2025-08-05,,High,On Hold,1,1,Production hold for PMSM Motor 7.5 kW: awaiting material clearance from stores,2025-08-04 09:02:00,2025-08-05 17:46:00
88,PROD202508070088,74,103,3,200.000,0.000,0.000,No,2025-08-07,2025-08-11,,,Low,Cancelled,1,1,Cancelled due to revised production plan for Finished Stator 1.5kW,2025-08-06 09:09:00,2025-08-07 17:57:00
89,PROD202508290089,94,104,3,240.000,236.000,4.000,No,2025-08-29,2025-09-03,2025-08-29,2025-09-03,Medium,Completed,1,1,Make-to-order production linked to SO202606300094,2025-08-28 09:16:00,2025-08-29 17:08:00
90,PROD202509120090,104,105,3,300.000,291.000,9.000,No,2025-09-12,2025-09-17,2025-09-12,2025-09-17,High,Completed,1,1,Make-to-order production linked to SO202606300104,2025-09-11 09:23:00,2025-09-12 17:19:00
91,PROD202509300091,,106,4,70.000,45.000,0.000,No,2025-09-30,2025-10-03,2025-10-01,2025-10-05,Medium,Partially Completed,1,1,Make-to-stock production for Finished Rotor 1.5kW,2025-09-29 09:30:00,2025-09-30 17:30:00
92,PROD202509240092,125,107,4,110.000,25.000,0.000,No,2025-09-24,2025-09-27,2025-09-24,,Low,In Progress,1,1,Make-to-order production linked to SO202606300125,2025-09-23 09:37:00,2025-09-24 17:41:00
93,PROD202509260093,127,108,4,150.000,0.000,0.000,No,2025-09-26,2025-09-30,,,Medium,Released,1,1,Make-to-order production linked to SO202606300127,2025-09-25 09:44:00,2025-09-26 17:52:00
94,PROD202509270094,128,106,4,190.000,0.000,0.000,No,2025-09-27,2025-10-01,,,High,Planned,1,,Make-to-order production linked to SO202606300128,2025-09-26 09:51:00,2025-09-27 17:03:00
95,PROD202510020095,130,107,4,230.000,0.000,0.000,No,2025-10-02,2025-10-06,2025-10-02,,High,On Hold,1,1,Production hold for Finished Rotor 3kW: awaiting material clearance from stores,2025-10-01 09:58:00,2025-10-02 17:14:00
96,PROD202510150096,,108,4,280.000,0.000,0.000,No,2025-10-15,2025-10-20,,,Medium,Cancelled,1,1,Cancelled due to revised production plan for Finished Rotor 7.5kW,2025-10-14 09:05:00,2025-10-15 17:25:00
97,PROD202510110097,139,100,5,12.000,12.000,0.000,No,2025-10-11,2025-10-14,2025-10-12,2025-10-16,Medium,Completed,1,1,Make-to-order production linked to SO202606300139,2025-10-10 09:12:00,2025-10-11 17:36:00
98,PROD202510200098,146,101,5,18.000,18.000,0.000,No,2025-10-20,2025-10-23,2025-10-20,2025-10-23,High,Completed,1,1,Make-to-order production linked to SO202606300146,2025-10-19 09:19:00,2025-10-20 17:47:00
99,PROD202511030099,161,102,5,24.000,15.000,0.000,No,2025-11-03,2025-11-06,2025-11-03,2025-11-06,Medium,Partially Completed,1,1,Make-to-order production linked to SO202606300161,2025-11-02 09:26:00,2025-11-03 17:58:00
100,PROD202511160100,168,103,3,200.000,30.000,0.000,No,2025-11-16,2025-11-20,2025-11-17,,Low,In Progress,1,1,Make-to-order production linked to SO202606300168,2025-11-15 09:33:00,2025-11-16 17:09:00
101,PROD202510300101,,104,3,240.000,0.000,0.000,No,2025-10-30,2025-11-04,,,Medium,Released,1,1,Make-to-stock production for Finished Stator 3kW,2025-10-29 09:40:00,2025-10-30 17:20:00
102,PROD202511200102,171,105,3,300.000,0.000,0.000,No,2025-11-20,2025-11-25,,,High,Planned,1,,Make-to-order production linked to SO202606300171,2025-11-19 09:47:00,2025-11-20 17:31:00
103,PROD202512150103,190,106,4,70.000,0.000,0.000,No,2025-12-15,2025-12-18,2025-12-16,,High,On Hold,1,1,Production hold for Finished Rotor 1.5kW: awaiting material clearance from stores,2025-12-14 09:54:00,2025-12-15 17:42:00
104,PROD202601070104,214,107,4,110.000,0.000,0.000,No,2026-01-07,2026-01-10,,,Medium,Cancelled,1,1,Cancelled due to revised production plan for Finished Rotor 3kW,2026-01-06 09:01:00,2026-01-07 17:53:00
105,PROD202601250105,227,108,4,150.000,146.000,4.000,No,2026-01-25,2026-01-29,2026-01-25,2026-01-29,Medium,Completed,1,1,Make-to-order production linked to SO202606300227,2026-01-24 09:08:00,2026-01-25 17:04:00
106,PROD202511140106,,106,4,190.000,190.000,0.000,No,2025-11-14,2025-11-18,2025-11-15,2025-11-19,High,Completed,1,1,Make-to-stock production for Finished Rotor 1.5kW,2025-11-13 09:15:00,2025-11-14 17:15:00
107,PROD202601230107,231,107,4,230.000,149.000,1.000,No,2026-01-23,2026-01-27,2026-01-23,2026-01-27,Medium,Partially Completed,1,1,Make-to-order production linked to SO202606300231,2026-01-22 09:22:00,2026-01-23 17:26:00
108,PROD202601280108,236,108,4,280.000,86.000,1.000,No,2026-01-28,2026-02-02,2026-01-28,,Low,In Progress,1,1,Make-to-order production linked to SO202606300236,2026-01-27 09:29:00,2026-01-28 17:37:00
109,PROD202602030109,244,100,5,12.000,0.000,0.000,No,2026-02-03,2026-02-06,,,Medium,Released,1,1,Make-to-order production linked to SO202606300244,2026-02-02 09:36:00,2026-02-03 17:48:00
110,PROD202602120110,255,101,5,18.000,0.000,0.000,No,2026-02-12,2026-02-15,,,High,Planned,1,,Make-to-order production linked to SO202606300255,2026-02-11 09:43:00,2026-02-12 17:59:00
111,PROD202511290111,,102,5,75.000,0.000,0.000,No,2025-11-29,2025-12-03,2025-11-29,,High,On Hold,1,1,Production hold for PMSM Motor 7.5 kW: awaiting material clearance from stores,2025-11-28 09:50:00,2025-11-29 17:10:00
112,PROD202603040112,272,103,3,200.000,0.000,0.000,No,2026-03-04,2026-03-08,,,Low,Cancelled,1,1,Cancelled due to revised production plan for Finished Stator 1.5kW,2026-03-03 09:57:00,2026-03-04 17:21:00
113,PROD202603030113,276,104,3,240.000,237.000,3.000,No,2026-03-03,2026-03-08,2026-03-03,2026-03-08,Medium,Completed,1,1,Make-to-order production linked to SO202606300276,2026-03-02 09:04:00,2026-03-03 17:32:00
114,PROD202603110114,281,105,3,300.000,294.000,6.000,No,2026-03-11,2026-03-16,2026-03-11,2026-03-16,High,Completed,1,1,Make-to-order production linked to SO202606300281,2026-03-10 09:11:00,2026-03-11 17:43:00
115,PROD202603150115,284,106,4,70.000,45.000,1.000,No,2026-03-15,2026-03-18,2026-03-16,2026-03-20,Medium,Partially Completed,1,1,Make-to-order production linked to SO202606300284,2026-03-14 09:18:00,2026-03-15 17:54:00
116,PROD202512140116,,107,4,110.000,25.000,0.000,No,2025-12-14,2025-12-17,2025-12-14,,Low,In Progress,1,1,Make-to-stock production for Finished Rotor 3kW,2025-12-13 09:25:00,2025-12-14 17:05:00
117,PROD202603270117,295,108,4,150.000,0.000,0.000,No,2026-03-27,2026-03-31,,,Medium,Released,1,1,Make-to-order production linked to SO202606300295,2026-03-26 09:32:00,2026-03-27 17:16:00
118,PROD202504140118,5,106,4,190.000,0.000,0.000,No,2025-04-14,2025-04-18,,,High,Planned,1,,Make-to-order production linked to SO202606300005,2025-04-13 09:39:00,2025-04-14 17:27:00
119,PROD202505140119,15,107,4,230.000,0.000,0.000,No,2025-05-14,2025-05-18,2025-05-14,,High,On Hold,1,1,Production hold for Finished Rotor 3kW: awaiting material clearance from stores,2025-05-13 09:46:00,2025-05-14 17:38:00
120,PROD202505080120,16,108,4,280.000,0.000,0.000,No,2025-05-08,2025-05-13,,,Medium,Cancelled,1,1,Cancelled due to revised production plan for Finished Rotor 7.5kW,2025-05-07 09:53:00,2025-05-08 17:49:00
121,PROD202512290121,,100,5,40.000,40.000,0.000,No,2025-12-29,2026-01-01,2025-12-30,2026-01-03,Medium,Completed,1,1,Make-to-stock production for BLDC Motor 1.5 kW,2025-12-28 09:00:00,2025-12-29 17:00:00
122,PROD202505190122,24,101,5,18.000,18.000,0.000,No,2025-05-19,2025-05-22,2025-05-19,2025-05-22,High,Completed,1,1,Make-to-order production linked to SO202606300024,2025-05-18 09:07:00,2025-05-19 17:11:00
123,PROD202507040123,45,102,5,24.000,15.000,0.000,No,2025-07-04,2025-07-07,2025-07-04,2025-07-07,Medium,Partially Completed,1,1,Make-to-order production linked to SO202606300045,2025-07-03 09:14:00,2025-07-04 17:22:00
124,PROD202507130124,48,103,3,200.000,30.000,0.000,No,2025-07-13,2025-07-17,2025-07-14,,Low,In Progress,1,1,Make-to-order production linked to SO202606300048,2025-07-12 09:21:00,2025-07-13 17:33:00
125,PROD202507230125,56,104,3,240.000,0.000,0.000,No,2025-07-23,2025-07-28,,,Medium,Released,1,1,Make-to-order production linked to SO202606300056,2025-07-22 09:28:00,2025-07-23 17:44:00
126,PROD202601130126,,105,3,300.000,0.000,0.000,No,2026-01-13,2026-01-18,,,High,Planned,1,,Make-to-stock production for Finished Stator 7.5kW,2026-01-12 09:35:00,2026-01-13 17:55:00
127,PROD202508040127,74,106,4,70.000,0.000,0.000,No,2025-08-04,2025-08-07,2025-08-05,,High,On Hold,1,1,Production hold for Finished Rotor 1.5kW: awaiting material clearance from stores,2025-08-03 09:42:00,2025-08-04 17:06:00
128,PROD202508260128,94,107,4,110.000,0.000,0.000,No,2025-08-26,2025-08-29,,,Medium,Cancelled,1,1,Cancelled due to revised production plan for Finished Rotor 3kW,2025-08-25 09:49:00,2025-08-26 17:17:00
129,PROD202509090129,104,108,4,150.000,147.000,3.000,No,2025-09-09,2025-09-13,2025-09-09,2025-09-13,Medium,Completed,1,1,Make-to-order production linked to SO202606300104,2025-09-08 09:56:00,2025-09-09 17:28:00
130,PROD202509250130,121,106,4,190.000,185.000,5.000,No,2025-09-25,2025-09-29,2025-09-26,2025-09-29,High,Completed,1,1,Make-to-order production linked to SO202606300121,2025-09-24 09:03:00,2025-09-25 17:39:00
131,PROD202601280131,,107,4,230.000,149.000,0.000,No,2026-01-28,2026-02-01,2026-01-28,2026-02-02,Medium,Partially Completed,1,1,Make-to-stock production for Finished Rotor 3kW,2026-01-27 09:10:00,2026-01-28 17:50:00
132,PROD202509300132,127,108,4,280.000,86.000,0.000,No,2025-09-30,2025-10-05,2025-09-30,,Low,In Progress,1,1,Make-to-order production linked to SO202606300127,2025-09-29 09:17:00,2025-09-30 17:01:00
133,PROD202510010133,128,100,5,12.000,0.000,0.000,No,2025-10-01,2025-10-04,,,Medium,Released,1,1,Make-to-order production linked to SO202606300128,2025-09-30 09:24:00,2025-10-01 17:12:00
134,PROD202509290134,130,101,5,18.000,0.000,0.000,No,2025-09-29,2025-10-02,,,High,Planned,1,,Make-to-order production linked to SO202606300130,2025-09-28 09:31:00,2025-09-29 17:23:00
135,PROD202510050135,134,102,5,24.000,0.000,0.000,No,2025-10-05,2025-10-08,2025-10-05,,High,On Hold,1,1,Production hold for PMSM Motor 7.5 kW: awaiting material clearance from stores,2025-10-04 09:38:00,2025-10-05 17:34:00
136,PROD202602120136,,103,3,200.000,0.000,0.000,No,2026-02-12,2026-02-16,,,Low,Cancelled,1,1,Cancelled due to revised production plan for Finished Stator 1.5kW,2026-02-11 09:45:00,2026-02-12 17:45:00
137,PROD202510170137,146,104,3,240.000,238.000,2.000,No,2025-10-17,2025-10-22,2025-10-17,2025-10-22,Medium,Completed,1,1,Make-to-order production linked to SO202606300146,2025-10-16 09:52:00,2025-10-17 17:56:00
138,PROD202511070138,161,105,3,300.000,296.000,4.000,No,2025-11-07,2025-11-12,2025-11-07,2025-11-12,High,Completed,1,1,Make-to-order production linked to SO202606300161,2025-11-06 09:59:00,2025-11-07 17:07:00
139,PROD202511200139,168,106,4,70.000,45.000,0.000,No,2025-11-20,2025-11-23,2025-11-21,2025-11-25,Medium,Partially Completed,1,1,Make-to-order production linked to SO202606300168,2025-11-19 09:06:00,2025-11-20 17:18:00
140,PROD202511220140,169,107,4,110.000,25.000,0.000,No,2025-11-22,2025-11-25,2025-11-22,,Low,In Progress,1,1,Make-to-order production linked to SO202606300169,2025-11-21 09:13:00,2025-11-22 17:29:00
141,PROD202602270141,,108,4,150.000,0.000,0.000,No,2026-02-27,2026-03-03,,,Medium,Released,1,1,Make-to-stock production for Finished Rotor 7.5kW,2026-02-26 09:20:00,2026-02-27 17:40:00
142,PROD202512120142,190,106,4,190.000,0.000,0.000,No,2025-12-12,2025-12-16,,,High,Planned,1,,Make-to-order production linked to SO202606300190,2025-12-11 09:27:00,2025-12-12 17:51:00
143,PROD202601040143,214,107,4,230.000,0.000,0.000,No,2026-01-04,2026-01-08,2026-01-04,,High,On Hold,1,1,Production hold for Finished Rotor 3kW: awaiting material clearance from stores,2026-01-03 09:34:00,2026-01-04 17:02:00
144,PROD202601220144,227,108,4,280.000,0.000,0.000,No,2026-01-22,2026-01-27,,,Medium,Cancelled,1,1,Cancelled due to revised production plan for Finished Rotor 7.5kW,2026-01-21 09:41:00,2026-01-22 17:13:00
145,PROD202601260145,230,100,5,12.000,12.000,0.000,No,2026-01-26,2026-01-29,2026-01-27,2026-01-31,Medium,Completed,1,1,Make-to-order production linked to SO202606300230,2026-01-25 09:48:00,2026-01-26 17:24:00
146,PROD202603140146,,101,5,60.000,60.000,0.000,No,2026-03-14,2026-03-18,2026-03-14,2026-03-19,High,Completed,1,1,Make-to-stock production for PMSM Motor 3 kW,2026-03-13 09:55:00,2026-03-14 17:35:00
147,PROD202602010147,236,102,5,24.000,15.000,0.000,No,2026-02-01,2026-02-04,2026-02-01,2026-02-04,Medium,Partially Completed,1,1,Make-to-order production linked to SO202606300236,2026-01-31 09:02:00,2026-02-01 17:46:00
148,PROD202601310148,244,103,3,200.000,30.000,0.000,No,2026-01-31,2026-02-04,2026-02-01,,Low,In Progress,1,1,Make-to-order production linked to SO202606300244,2026-01-30 09:09:00,2026-01-31 17:57:00
149,PROD202602090149,255,104,3,240.000,0.000,0.000,No,2026-02-09,2026-02-14,,,Medium,Released,1,1,Make-to-order production linked to SO202606300255,2026-02-08 09:16:00,2026-02-09 17:08:00
150,PROD202602230150,267,105,3,300.000,0.000,0.000,No,2026-02-23,2026-02-28,,,High,Planned,1,,Make-to-order production linked to SO202606300267,2026-02-22 09:23:00,2026-02-23 17:19:00
151,PROD202603290151,,106,4,70.000,0.000,0.000,No,2026-03-29,2026-04-01,2026-03-30,,High,On Hold,1,1,Production hold for Finished Rotor 1.5kW: awaiting material clearance from stores,2026-03-28 09:30:00,2026-03-29 17:30:00
152,PROD202603070152,276,107,4,110.000,0.000,0.000,No,2026-03-07,2026-03-10,,,Medium,Cancelled,1,1,Cancelled due to revised production plan for Finished Rotor 3kW,2026-03-06 09:37:00,2026-03-07 17:41:00
153,PROD202603150153,281,108,4,150.000,148.000,2.000,No,2026-03-15,2026-03-19,2026-03-15,2026-03-19,Medium,Completed,1,1,Make-to-order production linked to SO202606300281,2026-03-14 09:44:00,2026-03-15 17:52:00
154,PROD202603190154,284,106,4,190.000,187.000,3.000,No,2026-03-19,2026-03-23,2026-03-20,2026-03-23,High,Completed,1,1,Make-to-order production linked to SO202606300284,2026-03-18 09:51:00,2026-03-19 17:03:00
155,PROD202603190155,290,107,4,230.000,149.000,4.000,No,2026-03-19,2026-03-23,2026-03-19,2026-03-23,Medium,Partially Completed,1,1,Make-to-order production linked to SO202606300290,2026-03-18 09:58:00,2026-03-19 17:14:00
156,PROD202604130156,,108,4,280.000,86.000,0.000,No,2026-04-13,2026-04-18,2026-04-13,,Low,In Progress,1,1,Make-to-stock production for Finished Rotor 7.5kW,2026-04-12 09:05:00,2026-04-13 17:25:00
157,PROD202504110157,5,100,5,12.000,0.000,0.000,No,2025-04-11,2025-04-14,,,Medium,Released,1,1,Make-to-order production linked to SO202606300005,2025-04-10 09:12:00,2025-04-11 17:36:00
158,PROD202505110158,15,101,5,18.000,0.000,0.000,No,2025-05-11,2025-05-14,,,High,Planned,1,,Make-to-order production linked to SO202606300015,2025-05-10 09:19:00,2025-05-11 17:47:00
159,PROD202505120159,16,102,5,24.000,0.000,0.000,No,2025-05-12,2025-05-15,2025-05-12,,High,On Hold,1,1,Production hold for PMSM Motor 7.5 kW: awaiting material clearance from stores,2025-05-11 09:26:00,2025-05-12 17:58:00
160,PROD202505180160,23,103,3,200.000,0.000,0.000,No,2025-05-18,2025-05-22,,,Low,Cancelled,1,1,Cancelled due to revised production plan for Finished Stator 1.5kW,2025-05-17 09:33:00,2025-05-18 17:09:00
161,PROD202604280161,,104,3,240.000,239.000,1.000,No,2026-04-28,2026-05-03,2026-04-28,2026-05-04,Medium,Completed,1,1,Make-to-stock production for Finished Stator 3kW,2026-04-27 09:40:00,2026-04-28 17:20:00
162,PROD202507010162,45,105,3,300.000,297.000,3.000,No,2025-07-01,2025-07-06,2025-07-01,2025-07-06,High,Completed,1,1,Make-to-order production linked to SO202606300045,2025-06-30 09:47:00,2025-07-01 17:31:00
163,PROD202507100163,48,106,4,70.000,45.000,0.000,No,2025-07-10,2025-07-13,2025-07-11,2025-07-15,Medium,Partially Completed,1,1,Make-to-order production linked to SO202606300048,2025-07-09 09:54:00,2025-07-10 17:42:00
164,PROD202507200164,56,107,4,110.000,25.000,0.000,No,2025-07-20,2025-07-23,2025-07-20,,Low,In Progress,1,1,Make-to-order production linked to SO202606300056,2025-07-19 09:01:00,2025-07-20 17:53:00
165,PROD202508060165,71,108,4,150.000,0.000,0.000,No,2025-08-06,2025-08-10,,,Medium,Released,1,1,Make-to-order production linked to SO202606300071,2025-08-05 09:08:00,2025-08-06 17:04:00
166,PROD202605130166,,106,4,190.000,0.000,0.000,No,2026-05-13,2026-05-17,,,High,Planned,1,,Make-to-stock production for Finished Rotor 1.5kW,2026-05-12 09:15:00,2026-05-13 17:15:00
167,PROD202508300167,94,107,4,230.000,0.000,0.000,No,2025-08-30,2025-09-03,2025-08-30,,High,On Hold,1,1,Production hold for Finished Rotor 3kW: awaiting material clearance from stores,2025-08-29 09:22:00,2025-08-30 17:26:00
168,PROD202509130168,104,108,4,280.000,0.000,0.000,No,2025-09-13,2025-09-18,,,Medium,Cancelled,1,1,Cancelled due to revised production plan for Finished Rotor 7.5kW,2025-09-12 09:29:00,2025-09-13 17:37:00
169,PROD202509220169,121,100,5,12.000,12.000,0.000,No,2025-09-22,2025-09-25,2025-09-23,2025-09-27,Medium,Completed,1,1,Make-to-order production linked to SO202606300121,2025-09-21 09:36:00,2025-09-22 17:48:00
170,PROD202509250170,125,101,5,18.000,18.000,0.000,No,2025-09-25,2025-09-28,2025-09-25,2025-09-28,High,Completed,1,1,Make-to-order production linked to SO202606300125,2025-09-24 09:43:00,2025-09-25 17:59:00
171,PROD202605280171,,102,5,75.000,48.000,0.000,No,2026-05-28,2026-06-01,2026-05-28,2026-06-02,Medium,Partially Completed,1,1,Make-to-stock production for PMSM Motor 7.5 kW,2026-05-27 09:50:00,2026-05-28 17:10:00
172,PROD202509280172,128,103,3,200.000,30.000,0.000,No,2025-09-28,2025-10-02,2025-09-29,,Low,In Progress,1,1,Make-to-order production linked to SO202606300128,2025-09-27 09:57:00,2025-09-28 17:21:00
173,PROD202510030173,130,104,3,240.000,0.000,0.000,No,2025-10-03,2025-10-08,,,Medium,Released,1,1,Make-to-order production linked to SO202606300130,2025-10-02 09:04:00,2025-10-03 17:32:00
174,PROD202510090174,134,105,3,300.000,0.000,0.000,No,2025-10-09,2025-10-14,,,High,Planned,1,,Make-to-order production linked to SO202606300134,2025-10-08 09:11:00,2025-10-09 17:43:00
175,PROD202510120175,139,106,4,70.000,0.000,0.000,No,2025-10-12,2025-10-15,2025-10-13,,High,On Hold,1,1,Production hold for Finished Rotor 1.5kW: awaiting material clearance from stores,2025-10-11 09:18:00,2025-10-12 17:54:00
176,PROD202606120176,,107,4,110.000,0.000,0.000,No,2026-06-12,2026-06-15,,,Medium,Cancelled,1,1,Cancelled due to revised production plan for Finished Rotor 3kW,2026-06-11 09:25:00,2026-06-12 17:05:00
177,PROD202511040177,161,108,4,150.000,149.000,1.000,No,2025-11-04,2025-11-08,2025-11-04,2025-11-08,Medium,Completed,1,1,Make-to-order production linked to SO202606300161,2025-11-03 09:32:00,2025-11-04 17:16:00
178,PROD202511170178,168,106,4,190.000,188.000,2.000,No,2025-11-17,2025-11-21,2025-11-18,2025-11-21,High,Completed,1,1,Make-to-order production linked to SO202606300168,2025-11-16 09:39:00,2025-11-17 17:27:00
179,PROD202511190179,169,107,4,230.000,149.000,2.000,No,2025-11-19,2025-11-23,2025-11-19,2025-11-23,Medium,Partially Completed,1,1,Make-to-order production linked to SO202606300169,2025-11-18 09:46:00,2025-11-19 17:38:00
180,PROD202511210180,171,108,4,280.000,86.000,2.000,No,2025-11-21,2025-11-26,2025-11-21,,Low,In Progress,1,1,Make-to-order production linked to SO202606300171,2025-11-20 09:53:00,2025-11-21 17:49:00
181,PROD202606270181,,100,5,40.000,0.000,0.000,No,2026-06-27,2026-06-30,,,Medium,Released,1,1,Make-to-stock production for BLDC Motor 1.5 kW,2026-06-26 09:00:00,2026-06-27 17:00:00
182,PROD202601080182,214,101,5,18.000,0.000,0.000,No,2026-01-08,2026-01-11,,,High,Planned,1,,Make-to-order production linked to SO202606300214,2026-01-07 09:07:00,2026-01-08 17:11:00
183,PROD202601190183,227,102,5,24.000,0.000,0.000,No,2026-01-19,2026-01-22,2026-01-19,,High,On Hold,1,1,Production hold for PMSM Motor 7.5 kW: awaiting material clearance from stores,2026-01-18 09:14:00,2026-01-19 17:22:00
184,PROD202601230184,230,103,3,200.000,0.000,0.000,No,2026-01-23,2026-01-27,,,Low,Cancelled,1,1,Cancelled due to revised production plan for Finished Stator 1.5kW,2026-01-22 09:21:00,2026-01-23 17:33:00
185,PROD202601240185,231,104,3,240.000,233.000,7.000,No,2026-01-24,2026-01-29,2026-01-24,2026-01-29,Medium,Completed,1,1,Make-to-order production linked to SO202606300231,2026-01-23 09:28:00,2026-01-24 17:44:00
186,PROD202607120186,,105,3,300.000,299.000,1.000,No,2026-07-12,2026-07-17,2026-07-12,2026-07-18,High,Completed,1,1,Make-to-stock production for Finished Stator 7.5kW,2026-07-11 09:35:00,2026-07-12 17:55:00
187,PROD202602040187,244,106,4,70.000,45.000,0.000,No,2026-02-04,2026-02-07,2026-02-05,2026-02-09,Medium,Partially Completed,1,1,Make-to-order production linked to SO202606300244,2026-02-03 09:42:00,2026-02-04 17:06:00
188,PROD202602130188,255,107,4,110.000,25.000,0.000,No,2026-02-13,2026-02-16,2026-02-13,,Low,In Progress,1,1,Make-to-order production linked to SO202606300255,2026-02-12 09:49:00,2026-02-13 17:17:00
189,PROD202602270189,267,108,4,150.000,0.000,0.000,No,2026-02-27,2026-03-03,,,Medium,Released,1,1,Make-to-order production linked to SO202606300267,2026-02-26 09:56:00,2026-02-27 17:28:00
190,PROD202602260190,272,106,4,190.000,0.000,0.000,No,2026-02-26,2026-03-02,,,High,Planned,1,,Make-to-order production linked to SO202606300272,2026-02-25 09:03:00,2026-02-26 17:39:00
191,PROD202607270191,,107,4,230.000,0.000,0.000,No,2026-07-27,2026-07-31,2026-07-27,,High,On Hold,1,1,Production hold for Finished Rotor 3kW: awaiting material clearance from stores,2026-07-26 09:10:00,2026-07-27 17:50:00
192,PROD202603120192,281,108,4,280.000,0.000,0.000,No,2026-03-12,2026-03-17,,,Medium,Cancelled,1,1,Cancelled due to revised production plan for Finished Rotor 7.5kW,2026-03-11 09:17:00,2026-03-12 17:01:00
193,PROD202603160193,284,100,5,12.000,12.000,0.000,No,2026-03-16,2026-03-19,2026-03-17,2026-03-21,Medium,Completed,1,1,Make-to-order production linked to SO202606300284,2026-03-15 09:24:00,2026-03-16 17:12:00
194,PROD202603230194,290,101,5,18.000,18.000,0.000,No,2026-03-23,2026-03-26,2026-03-23,2026-03-26,High,Completed,1,1,Make-to-order production linked to SO202606300290,2026-03-22 09:31:00,2026-03-23 17:23:00
195,PROD202603280195,295,102,5,24.000,15.000,0.000,No,2026-03-28,2026-03-31,2026-03-28,2026-03-31,Medium,Partially Completed,1,1,Make-to-order production linked to SO202606300295,2026-03-27 09:38:00,2026-03-28 17:34:00
196,PROD202608110196,,103,3,200.000,30.000,0.000,No,2026-08-11,2026-08-15,2026-08-12,,Low,In Progress,1,1,Make-to-stock production for Finished Stator 1.5kW,2026-08-10 09:45:00,2026-08-11 17:45:00
197,PROD202505080197,15,104,3,240.000,0.000,0.000,No,2025-05-08,2025-05-13,,,Medium,Released,1,1,Make-to-order production linked to SO202606300015,2025-05-07 09:52:00,2025-05-08 17:56:00
198,PROD202505090198,16,105,3,300.000,0.000,0.000,No,2025-05-09,2025-05-14,,,High,Planned,1,,Make-to-order production linked to SO202606300016,2025-05-08 09:59:00,2025-05-09 17:07:00
199,PROD202505150199,23,106,4,70.000,0.000,0.000,No,2025-05-15,2025-05-18,2025-05-16,,High,On Hold,1,1,Production hold for Finished Rotor 1.5kW: awaiting material clearance from stores,2025-05-14 09:06:00,2025-05-15 17:18:00
200,PROD202505200200,24,107,4,110.000,0.000,0.000,No,2025-05-20,2025-05-23,,,Medium,Cancelled,1,1,Cancelled due to revised production plan for Finished Rotor 3kW,2025-05-19 09:13:00,2025-05-20 17:29:00
201,PROD202608260201,,108,4,150.000,150.000,0.000,No,2026-08-26,2026-08-30,2026-08-26,2026-08-31,Medium,Completed,1,1,Make-to-stock production for Finished Rotor 7.5kW,2026-08-25 09:20:00,2026-08-26 17:40:00
202,PROD202507140202,48,106,4,190.000,189.000,1.000,No,2025-07-14,2025-07-18,2025-07-15,2025-07-18,High,Completed,1,1,Make-to-order production linked to SO202606300048,2025-07-13 09:27:00,2025-07-14 17:51:00
203,PROD202507240203,56,107,4,230.000,149.000,2.000,No,2025-07-24,2025-07-28,2025-07-24,2025-07-28,Medium,Partially Completed,1,1,Make-to-order production linked to SO202606300056,2025-07-23 09:34:00,2025-07-24 17:02:00
204,PROD202508030204,71,108,4,280.000,86.000,1.000,No,2025-08-03,2025-08-08,2025-08-03,,Low,In Progress,1,1,Make-to-order production linked to SO202606300071,2025-08-02 09:41:00,2025-08-03 17:13:00
205,PROD202508050205,74,100,5,12.000,0.000,0.000,No,2025-08-05,2025-08-08,,,Medium,Released,1,1,Make-to-order production linked to SO202606300074,2025-08-04 09:48:00,2025-08-05 17:24:00
206,PROD202609100206,,101,5,60.000,0.000,0.000,No,2026-09-10,2026-09-14,,,High,Planned,1,,Make-to-stock production for PMSM Motor 3 kW,2026-09-09 09:55:00,2026-09-10 17:35:00
207,PROD202509100207,104,102,5,24.000,0.000,0.000,No,2025-09-10,2025-09-13,2025-09-10,,High,On Hold,1,1,Production hold for PMSM Motor 7.5 kW: awaiting material clearance from stores,2025-09-09 09:02:00,2025-09-10 17:46:00
208,PROD202509260208,121,103,3,200.000,0.000,0.000,No,2025-09-26,2025-09-30,,,Low,Cancelled,1,1,Cancelled due to revised production plan for Finished Stator 1.5kW,2025-09-25 09:09:00,2025-09-26 17:57:00
209,PROD202509290209,125,104,3,240.000,236.000,4.000,No,2025-09-29,2025-10-04,2025-09-29,2025-10-04,Medium,Completed,1,1,Make-to-order production linked to SO202606300125,2025-09-28 09:16:00,2025-09-29 17:08:00
210,PROD202510010210,127,105,3,300.000,291.000,9.000,No,2025-10-01,2025-10-06,2025-10-01,2025-10-06,High,Completed,1,1,Make-to-order production linked to SO202606300127,2025-09-30 09:23:00,2025-10-01 17:19:00
211,PROD202609250211,,106,4,70.000,45.000,0.000,No,2026-09-25,2026-09-28,2026-09-26,2026-09-30,Medium,Partially Completed,1,1,Make-to-stock production for Finished Rotor 1.5kW,2026-09-24 09:30:00,2026-09-25 17:30:00
212,PROD202509300212,130,107,4,110.000,25.000,0.000,No,2025-09-30,2025-10-03,2025-09-30,,Low,In Progress,1,1,Make-to-order production linked to SO202606300130,2025-09-29 09:37:00,2025-09-30 17:41:00
213,PROD202510060213,134,108,4,150.000,0.000,0.000,No,2025-10-06,2025-10-10,,,Medium,Released,1,1,Make-to-order production linked to SO202606300134,2025-10-05 09:44:00,2025-10-06 17:52:00
214,PROD202510090214,139,106,4,190.000,0.000,0.000,No,2025-10-09,2025-10-13,,,High,Planned,1,,Make-to-order production linked to SO202606300139,2025-10-08 09:51:00,2025-10-09 17:03:00
215,PROD202510180215,146,107,4,230.000,0.000,0.000,No,2025-10-18,2025-10-22,2025-10-18,,High,On Hold,1,1,Production hold for Finished Rotor 3kW: awaiting material clearance from stores,2025-10-17 09:58:00,2025-10-18 17:14:00
216,PROD202610100216,,108,4,280.000,0.000,0.000,No,2026-10-10,2026-10-15,,,Medium,Cancelled,1,1,Cancelled due to revised production plan for Finished Rotor 7.5kW,2026-10-09 09:05:00,2026-10-10 17:25:00
217,PROD202511210217,168,100,5,12.000,12.000,0.000,No,2025-11-21,2025-11-24,2025-11-22,2025-11-26,Medium,Completed,1,1,Make-to-order production linked to SO202606300168,2025-11-20 09:12:00,2025-11-21 17:36:00
218,PROD202511160218,169,101,5,18.000,18.000,0.000,No,2025-11-16,2025-11-19,2025-11-16,2025-11-19,High,Completed,1,1,Make-to-order production linked to SO202606300169,2025-11-15 09:19:00,2025-11-16 17:47:00
219,PROD202511180219,171,102,5,24.000,15.000,0.000,No,2025-11-18,2025-11-21,2025-11-18,2025-11-21,Medium,Partially Completed,1,1,Make-to-order production linked to SO202606300171,2025-11-17 09:26:00,2025-11-18 17:58:00
220,PROD202512130220,190,103,3,200.000,30.000,0.000,No,2025-12-13,2025-12-17,2025-12-14,,Low,In Progress,1,1,Make-to-order production linked to SO202606300190,2025-12-12 09:33:00,2025-12-13 17:09:00
221,PROD202610250221,,104,3,240.000,0.000,0.000,No,2026-10-25,2026-10-30,,,Medium,Released,1,1,Make-to-stock production for Finished Stator 3kW,2026-10-24 09:40:00,2026-10-25 17:20:00
222,PROD202601230222,227,105,3,300.000,0.000,0.000,No,2026-01-23,2026-01-28,,,High,Planned,1,,Make-to-order production linked to SO202606300227,2026-01-22 09:47:00,2026-01-23 17:31:00
223,PROD202601270223,230,106,4,70.000,0.000,0.000,No,2026-01-27,2026-01-30,2026-01-28,,High,On Hold,1,1,Production hold for Finished Rotor 1.5kW: awaiting material clearance from stores,2026-01-26 09:54:00,2026-01-27 17:42:00
224,PROD202601280224,231,107,4,110.000,0.000,0.000,No,2026-01-28,2026-01-31,,,Medium,Cancelled,1,1,Cancelled due to revised production plan for Finished Rotor 3kW,2026-01-27 09:01:00,2026-01-28 17:53:00
225,PROD202601260225,236,108,4,150.000,146.000,4.000,No,2026-01-26,2026-01-30,2026-01-26,2026-01-30,Medium,Completed,1,1,Make-to-order production linked to SO202606300236,2026-01-25 09:08:00,2026-01-26 17:04:00
226,PROD202611090226,,106,4,190.000,190.000,0.000,No,2026-11-09,2026-11-13,2026-11-10,2026-11-14,High,Completed,1,1,Make-to-stock production for Finished Rotor 1.5kW,2026-11-08 09:15:00,2026-11-09 17:15:00
227,PROD202602100227,255,107,4,230.000,149.000,1.000,No,2026-02-10,2026-02-14,2026-02-10,2026-02-14,Medium,Partially Completed,1,1,Make-to-order production linked to SO202606300255,2026-02-09 09:22:00,2026-02-10 17:26:00
228,PROD202602240228,267,108,4,280.000,86.000,1.000,No,2026-02-24,2026-03-01,2026-02-24,,Low,In Progress,1,1,Make-to-order production linked to SO202606300267,2026-02-23 09:29:00,2026-02-24 17:37:00
229,PROD202603020229,272,100,5,12.000,0.000,0.000,No,2026-03-02,2026-03-05,,,Medium,Released,1,1,Make-to-order production linked to SO202606300272,2026-03-01 09:36:00,2026-03-02 17:48:00
230,PROD202603080230,276,101,5,18.000,0.000,0.000,No,2026-03-08,2026-03-11,,,High,Planned,1,,Make-to-order production linked to SO202606300276,2026-03-07 09:43:00,2026-03-08 17:59:00
231,PROD202611240231,,102,5,75.000,0.000,0.000,No,2026-11-24,2026-11-28,2026-11-24,,High,On Hold,1,1,Production hold for PMSM Motor 7.5 kW: awaiting material clearance from stores,2026-11-23 09:50:00,2026-11-24 17:10:00
232,PROD202603130232,284,103,3,200.000,0.000,0.000,No,2026-03-13,2026-03-17,,,Low,Cancelled,1,1,Cancelled due to revised production plan for Finished Stator 1.5kW,2026-03-12 09:57:00,2026-03-13 17:21:00
233,PROD202603200233,290,104,3,240.000,237.000,3.000,No,2026-03-20,2026-03-25,2026-03-20,2026-03-25,Medium,Completed,1,1,Make-to-order production linked to SO202606300290,2026-03-19 09:04:00,2026-03-20 17:32:00
234,PROD202603250234,295,105,3,300.000,294.000,6.000,No,2026-03-25,2026-03-30,2026-03-25,2026-03-30,High,Completed,1,1,Make-to-order production linked to SO202606300295,2026-03-24 09:11:00,2026-03-25 17:43:00
235,PROD202504120235,5,106,4,70.000,45.000,1.000,No,2025-04-12,2025-04-15,2025-04-13,2025-04-17,Medium,Partially Completed,1,1,Make-to-order production linked to SO202606300005,2025-04-11 09:18:00,2025-04-12 17:54:00
236,PROD202612090236,,107,4,110.000,25.000,0.000,No,2026-12-09,2026-12-12,2026-12-09,,Low,In Progress,1,1,Make-to-stock production for Finished Rotor 3kW,2026-12-08 09:25:00,2026-12-09 17:05:00
237,PROD202505130237,16,108,4,150.000,0.000,0.000,No,2025-05-13,2025-05-17,,,Medium,Released,1,1,Make-to-order production linked to SO202606300016,2025-05-12 09:32:00,2025-05-13 17:16:00
238,PROD202505190238,23,106,4,190.000,0.000,0.000,No,2025-05-19,2025-05-23,,,High,Planned,1,,Make-to-order production linked to SO202606300023,2025-05-18 09:39:00,2025-05-19 17:27:00
239,PROD202505170239,24,107,4,230.000,0.000,0.000,No,2025-05-17,2025-05-21,2025-05-17,,High,On Hold,1,1,Production hold for Finished Rotor 3kW: awaiting material clearance from stores,2025-05-16 09:46:00,2025-05-17 17:38:00
240,PROD202507020240,45,108,4,280.000,0.000,0.000,No,2025-07-02,2025-07-07,,,Medium,Cancelled,1,1,Cancelled due to revised production plan for Finished Rotor 7.5kW,2025-07-01 09:53:00,2025-07-02 17:49:00
241,PROD202612240241,,100,5,40.000,40.000,0.000,No,2026-12-24,2026-12-27,2026-12-25,2026-12-29,Medium,Completed,1,1,Make-to-stock production for BLDC Motor 1.5 kW,2026-12-23 09:00:00,2026-12-24 17:00:00
242,PROD202507210242,56,101,5,18.000,18.000,0.000,No,2025-07-21,2025-07-24,2025-07-21,2025-07-24,High,Completed,1,1,Make-to-order production linked to SO202606300056,2025-07-20 09:07:00,2025-07-21 17:11:00
243,PROD202508070243,71,102,5,24.000,15.000,0.000,No,2025-08-07,2025-08-10,2025-08-07,2025-08-10,Medium,Partially Completed,1,1,Make-to-order production linked to SO202606300071,2025-08-06 09:14:00,2025-08-07 17:22:00
244,PROD202508090244,74,103,3,200.000,30.000,0.000,No,2025-08-09,2025-08-13,2025-08-10,,Low,In Progress,1,1,Make-to-order production linked to SO202606300074,2025-08-08 09:21:00,2025-08-09 17:33:00
245,PROD202508310245,94,104,3,240.000,0.000,0.000,No,2025-08-31,2025-09-05,,,Medium,Released,1,1,Make-to-order production linked to SO202606300094,2025-08-30 09:28:00,2025-08-31 17:44:00
246,PROD202701080246,,105,3,300.000,0.000,0.000,No,2027-01-08,2027-01-13,,,High,Planned,1,,Make-to-stock production for Finished Stator 7.5kW,2027-01-07 09:35:00,2027-01-08 17:55:00
247,PROD202509230247,121,106,4,70.000,0.000,0.000,No,2025-09-23,2025-09-26,2025-09-24,,High,On Hold,1,1,Production hold for Finished Rotor 1.5kW: awaiting material clearance from stores,2025-09-22 09:42:00,2025-09-23 17:06:00
248,PROD202509260248,125,107,4,110.000,0.000,0.000,No,2025-09-26,2025-09-29,,,Medium,Cancelled,1,1,Cancelled due to revised production plan for Finished Rotor 3kW,2025-09-25 09:49:00,2025-09-26 17:17:00
249,PROD202509280249,127,108,4,150.000,147.000,3.000,No,2025-09-28,2025-10-02,2025-09-28,2025-10-02,Medium,Completed,1,1,Make-to-order production linked to SO202606300127,2025-09-27 09:56:00,2025-09-28 17:28:00
250,PROD202509290250,128,106,4,190.000,185.000,5.000,No,2025-09-29,2025-10-03,2025-09-30,2025-10-03,High,Completed,1,1,Make-to-order production linked to SO202606300128,2025-09-28 09:03:00,2025-09-29 17:39:00
251,PROD202701230251,,107,4,230.000,149.000,0.000,No,2027-01-23,2027-01-27,2027-01-23,2027-01-28,Medium,Partially Completed,1,1,Make-to-stock production for Finished Rotor 3kW,2027-01-22 09:10:00,2027-01-23 17:50:00
252,PROD202510100252,134,108,4,280.000,86.000,0.000,No,2025-10-10,2025-10-15,2025-10-10,,Low,In Progress,1,1,Make-to-order production linked to SO202606300134,2025-10-09 09:17:00,2025-10-10 17:01:00
253,PROD202510060253,139,100,5,12.000,0.000,0.000,No,2025-10-06,2025-10-09,,,Medium,Released,1,1,Make-to-order production linked to SO202606300139,2025-10-05 09:24:00,2025-10-06 17:12:00
254,PROD202510150254,146,101,5,18.000,0.000,0.000,No,2025-10-15,2025-10-18,,,High,Planned,1,,Make-to-order production linked to SO202606300146,2025-10-14 09:31:00,2025-10-15 17:23:00
255,PROD202511050255,161,102,5,24.000,0.000,0.000,No,2025-11-05,2025-11-08,2025-11-05,,High,On Hold,1,1,Production hold for PMSM Motor 7.5 kW: awaiting material clearance from stores,2025-11-04 09:38:00,2025-11-05 17:34:00
256,PROD202702070256,,103,3,200.000,0.000,0.000,No,2027-02-07,2027-02-11,,,Low,Cancelled,1,1,Cancelled due to revised production plan for Finished Stator 1.5kW,2027-02-06 09:45:00,2027-02-07 17:45:00
257,PROD202511200257,169,104,3,240.000,238.000,2.000,No,2025-11-20,2025-11-25,2025-11-20,2025-11-25,Medium,Completed,1,1,Make-to-order production linked to SO202606300169,2025-11-19 09:52:00,2025-11-20 17:56:00
258,PROD202511220258,171,105,3,300.000,296.000,4.000,No,2025-11-22,2025-11-27,2025-11-22,2025-11-27,High,Completed,1,1,Make-to-order production linked to SO202606300171,2025-11-21 09:59:00,2025-11-22 17:07:00
259,PROD202512170259,190,106,4,70.000,45.000,0.000,No,2025-12-17,2025-12-20,2025-12-18,2025-12-22,Medium,Partially Completed,1,1,Make-to-order production linked to SO202606300190,2025-12-16 09:06:00,2025-12-17 17:18:00
260,PROD202601020260,214,107,4,110.000,25.000,0.000,No,2026-01-02,2026-01-05,2026-01-02,,Low,In Progress,1,1,Make-to-order production linked to SO202606300214,2026-01-01 09:13:00,2026-01-02 17:29:00
261,PROD202702220261,,108,4,150.000,0.000,0.000,No,2027-02-22,2027-02-26,,,Medium,Released,1,1,Make-to-stock production for Finished Rotor 7.5kW,2027-02-21 09:20:00,2027-02-22 17:40:00
262,PROD202601240262,230,106,4,190.000,0.000,0.000,No,2026-01-24,2026-01-28,,,High,Planned,1,,Make-to-order production linked to SO202606300230,2026-01-23 09:27:00,2026-01-24 17:51:00
263,PROD202601250263,231,107,4,230.000,0.000,0.000,No,2026-01-25,2026-01-29,2026-01-25,,High,On Hold,1,1,Production hold for Finished Rotor 3kW: awaiting material clearance from stores,2026-01-24 09:34:00,2026-01-25 17:02:00
264,PROD202601300264,236,108,4,280.000,0.000,0.000,No,2026-01-30,2026-02-04,,,Medium,Cancelled,1,1,Cancelled due to revised production plan for Finished Rotor 7.5kW,2026-01-29 09:41:00,2026-01-30 17:13:00
265,PROD202602050265,244,100,5,12.000,12.000,0.000,No,2026-02-05,2026-02-08,2026-02-06,2026-02-10,Medium,Completed,1,1,Make-to-order production linked to SO202606300244,2026-02-04 09:48:00,2026-02-05 17:24:00
266,PROD202703090266,,101,5,60.000,60.000,0.000,No,2027-03-09,2027-03-13,2027-03-09,2027-03-14,High,Completed,1,1,Make-to-stock production for PMSM Motor 3 kW,2027-03-08 09:55:00,2027-03-09 17:35:00
267,PROD202602210267,267,102,5,24.000,15.000,0.000,No,2026-02-21,2026-02-24,2026-02-21,2026-02-24,Medium,Partially Completed,1,1,Make-to-order production linked to SO202606300267,2026-02-20 09:02:00,2026-02-21 17:46:00
268,PROD202602270268,272,103,3,200.000,30.000,0.000,No,2026-02-27,2026-03-03,2026-02-28,,Low,In Progress,1,1,Make-to-order production linked to SO202606300272,2026-02-26 09:09:00,2026-02-27 17:57:00
269,PROD202603050269,276,104,3,240.000,0.000,0.000,No,2026-03-05,2026-03-10,,,Medium,Released,1,1,Make-to-order production linked to SO202606300276,2026-03-04 09:16:00,2026-03-05 17:08:00
270,PROD202603130270,281,105,3,300.000,0.000,0.000,No,2026-03-13,2026-03-18,,,High,Planned,1,,Make-to-order production linked to SO202606300281,2026-03-12 09:23:00,2026-03-13 17:19:00
271,PROD202703240271,,106,4,70.000,0.000,0.000,No,2027-03-24,2027-03-27,2027-03-25,,High,On Hold,1,1,Production hold for Finished Rotor 1.5kW: awaiting material clearance from stores,2027-03-23 09:30:00,2027-03-24 17:30:00
272,PROD202603240272,290,107,4,110.000,0.000,0.000,No,2026-03-24,2026-03-27,,,Medium,Cancelled,1,1,Cancelled due to revised production plan for Finished Rotor 3kW,2026-03-23 09:37:00,2026-03-24 17:41:00
273,PROD202603290273,295,108,4,150.000,148.000,2.000,No,2026-03-29,2026-04-02,2026-03-29,2026-04-02,Medium,Completed,1,1,Make-to-order production linked to SO202606300295,2026-03-28 09:44:00,2026-03-29 17:52:00
274,PROD202504090274,5,106,4,190.000,187.000,3.000,No,2025-04-09,2025-04-13,2025-04-10,2025-04-13,High,Completed,1,1,Make-to-order production linked to SO202606300005,2025-04-08 09:51:00,2025-04-09 17:03:00
275,PROD202505090275,15,107,4,230.000,149.000,4.000,No,2025-05-09,2025-05-13,2025-05-09,2025-05-13,Medium,Partially Completed,1,1,Make-to-order production linked to SO202606300015,2025-05-08 09:58:00,2025-05-09 17:14:00
276,PROD202704080276,,108,4,280.000,86.000,0.000,No,2027-04-08,2027-04-13,2027-04-08,,Low,In Progress,1,1,Make-to-stock production for Finished Rotor 7.5kW,2027-04-07 09:05:00,2027-04-08 17:25:00
277,PROD202505160277,23,100,5,12.000,0.000,0.000,No,2025-05-16,2025-05-19,,,Medium,Released,1,1,Make-to-order production linked to SO202606300023,2025-05-15 09:12:00,2025-05-16 17:36:00
278,PROD202505210278,24,101,5,18.000,0.000,0.000,No,2025-05-21,2025-05-24,,,High,Planned,1,,Make-to-order production linked to SO202606300024,2025-05-20 09:19:00,2025-05-21 17:47:00
279,PROD202507060279,45,102,5,24.000,0.000,0.000,No,2025-07-06,2025-07-09,2025-07-06,,High,On Hold,1,1,Production hold for PMSM Motor 7.5 kW: awaiting material clearance from stores,2025-07-05 09:26:00,2025-07-06 17:58:00
280,PROD202507150280,48,103,3,200.000,0.000,0.000,No,2025-07-15,2025-07-19,,,Low,Cancelled,1,1,Cancelled due to revised production plan for Finished Stator 1.5kW,2025-07-14 09:33:00,2025-07-15 17:09:00
281,PROD202704230281,,104,3,240.000,239.000,1.000,No,2027-04-23,2027-04-28,2027-04-23,2027-04-29,Medium,Completed,1,1,Make-to-stock production for Finished Stator 3kW,2027-04-22 09:40:00,2027-04-23 17:20:00
282,PROD202508040282,71,105,3,300.000,297.000,3.000,No,2025-08-04,2025-08-09,2025-08-04,2025-08-09,High,Completed,1,1,Make-to-order production linked to SO202606300071,2025-08-03 09:47:00,2025-08-04 17:31:00
283,PROD202508060283,74,106,4,70.000,45.000,0.000,No,2025-08-06,2025-08-09,2025-08-07,2025-08-11,Medium,Partially Completed,1,1,Make-to-order production linked to SO202606300074,2025-08-05 09:54:00,2025-08-06 17:42:00
284,PROD202508280284,94,107,4,110.000,25.000,0.000,No,2025-08-28,2025-08-31,2025-08-28,,Low,In Progress,1,1,Make-to-order production linked to SO202606300094,2025-08-27 09:01:00,2025-08-28 17:53:00
285,PROD202509110285,104,108,4,150.000,0.000,0.000,No,2025-09-11,2025-09-15,,,Medium,Released,1,1,Make-to-order production linked to SO202606300104,2025-09-10 09:08:00,2025-09-11 17:04:00
286,PROD202705080286,,106,4,190.000,0.000,0.000,No,2027-05-08,2027-05-12,,,High,Planned,1,,Make-to-stock production for Finished Rotor 1.5kW,2027-05-07 09:15:00,2027-05-08 17:15:00
287,PROD202509300287,125,107,4,230.000,0.000,0.000,No,2025-09-30,2025-10-04,2025-09-30,,High,On Hold,1,1,Production hold for Finished Rotor 3kW: awaiting material clearance from stores,2025-09-29 09:22:00,2025-09-30 17:26:00
288,PROD202509250288,127,108,4,280.000,0.000,0.000,No,2025-09-25,2025-09-30,,,Medium,Cancelled,1,1,Cancelled due to revised production plan for Finished Rotor 7.5kW,2025-09-24 09:29:00,2025-09-25 17:37:00
289,PROD202509260289,128,100,5,12.000,12.000,0.000,No,2025-09-26,2025-09-29,2025-09-27,2025-10-01,Medium,Completed,1,1,Make-to-order production linked to SO202606300128,2025-09-25 09:36:00,2025-09-26 17:48:00
290,PROD202510010290,130,101,5,18.000,18.000,0.000,No,2025-10-01,2025-10-04,2025-10-01,2025-10-04,High,Completed,1,1,Make-to-order production linked to SO202606300130,2025-09-30 09:43:00,2025-10-01 17:59:00
291,PROD202705230291,,102,5,75.000,48.000,0.000,No,2027-05-23,2027-05-27,2027-05-23,2027-05-28,Medium,Partially Completed,1,1,Make-to-stock production for PMSM Motor 7.5 kW,2027-05-22 09:50:00,2027-05-23 17:10:00
292,PROD202510100292,139,103,3,200.000,30.000,0.000,No,2025-10-10,2025-10-14,2025-10-11,,Low,In Progress,1,1,Make-to-order production linked to SO202606300139,2025-10-09 09:57:00,2025-10-10 17:21:00
293,PROD202510190293,146,104,3,240.000,0.000,0.000,No,2025-10-19,2025-10-24,,,Medium,Released,1,1,Make-to-order production linked to SO202606300146,2025-10-18 09:04:00,2025-10-19 17:32:00
294,PROD202511090294,161,105,3,300.000,0.000,0.000,No,2025-11-09,2025-11-14,,,High,Planned,1,,Make-to-order production linked to SO202606300161,2025-11-08 09:11:00,2025-11-09 17:43:00
295,PROD202511150295,168,106,4,70.000,0.000,0.000,No,2025-11-15,2025-11-18,2025-11-16,,High,On Hold,1,1,Production hold for Finished Rotor 1.5kW: awaiting material clearance from stores,2025-11-14 09:18:00,2025-11-15 17:54:00
296,PROD202706070296,,107,4,110.000,0.000,0.000,No,2027-06-07,2027-06-10,,,Medium,Cancelled,1,1,Cancelled due to revised production plan for Finished Rotor 3kW,2027-06-06 09:25:00,2027-06-07 17:05:00
297,PROD202511190297,171,108,4,150.000,149.000,1.000,No,2025-11-19,2025-11-23,2025-11-19,2025-11-23,Medium,Completed,1,1,Make-to-order production linked to SO202606300171,2025-11-18 09:32:00,2025-11-19 17:16:00
298,PROD202512140298,190,106,4,190.000,188.000,2.000,No,2025-12-14,2025-12-18,2025-12-15,2025-12-18,High,Completed,1,1,Make-to-order production linked to SO202606300190,2025-12-13 09:39:00,2025-12-14 17:27:00
299,PROD202601060299,214,107,4,230.000,149.000,2.000,No,2026-01-06,2026-01-10,2026-01-06,2026-01-10,Medium,Partially Completed,1,1,Make-to-order production linked to SO202606300214,2026-01-05 09:46:00,2026-01-06 17:38:00
300,PROD202601240300,227,108,4,280.000,86.000,2.000,No,2026-01-24,2026-01-29,2026-01-24,,Low,In Progress,1,1,Make-to-order production linked to SO202606300227,2026-01-23 09:53:00,2026-01-24 17:49:00
