dispatch_id,dispatch_number,co_id,customer_id,dispatch_date,source_location,transport_mode,vehicle_number,lr_number,driver_name,transport_company,delivery_address,city,state,expected_delivery_date,actual_delivery_date,dispatched_by,status,remarks
1,DSP202504040001,1,11,2025-04-04,Finished Goods Warehouse - Premium Motor Aisle,Road,KA 08 BK 1791,LR25040400001,Manoj Yadav,TCI Freight,"Mahindra Last Mile Mobility, EV Motor Receiving Dock, Haridwar, Uttarakhand",Haridwar,Uttarakhand,2025-04-13,2025-04-13,13,Delivered,Delivered dispatch for SO202606300001 to Haridwar.
2,DSP202504070002,2,8,2025-04-07,Finished Goods Warehouse - Export Hold,Road,MH 15 CL 2582,LR25040700002,Arun Prakash,Delhivery Heavy Goods,"Ultraviolette Automotive, EV Motor Receiving Dock, Bengaluru, Karnataka",Bengaluru,Karnataka,2025-04-10,2025-04-11,10,Delivered,Delivered dispatch for SO202606300002 to Bengaluru.
3,DSP202505140003,3,19,2025-05-14,Finished Goods Warehouse - Dispatch Ready Bay,Road,GJ 22 DM 3373,LR25051400003,Naveen Singh,Blue Dart Cargo,"Tata Motors, EV Motor Receiving Dock, Pune, Maharashtra",Pune,Maharashtra,2025-05-19,2025-05-18,11,Delivered,Delivered dispatch for SO202606300003 to Pune.
4,DSP202504120004,4,6,2025-04-12,Finished Goods Warehouse - EV Motor Zone,Road,HR 29 EN 4164,LR25041200004,Ravi Kumar,Mahindra Logistics,"Greaves Electric Mobility, EV Motor Receiving Dock, Ranipet, Tamil Nadu",Ranipet,Tamil Nadu,2025-04-14,2025-04-14,8,Delivered,Delivered dispatch for SO202606300004 to Ranipet.
5,DSP202504140005,5,2,2025-04-14,Finished Goods Warehouse - Premium Motor Aisle,Courier,COURIER-00005,LR25041400005,,Gati KWE,"Ola Electric, EV Motor Receiving Dock, Krishnagiri, Tamil Nadu",Krishnagiri,Tamil Nadu,2025-04-16,2025-04-17,1,Delivered,Delivered dispatch for SO202606300005 to Krishnagiri.
6,DSP202504170006,6,2,2025-04-17,Finished Goods Warehouse - Export Hold,Customer Pickup,PICKUP-00006,CPU000006,Prakash Reddy,Customer Pickup,"Ola Electric, EV Motor Receiving Dock, Krishnagiri, Tamil Nadu",Krishnagiri,Tamil Nadu,2025-04-19,2025-04-18,12,Delivered,Delivered dispatch for SO202606300006 to Krishnagiri.
7,DSP202504240007,7,16,2025-04-24,Finished Goods Warehouse - Dispatch Ready Bay,Road,RJ 50 HQ 6537,LR25042400007,Sanjay Patil,Safexpress,"Kinetic Green, EV Motor Receiving Dock, Pune, Maharashtra",Pune,Maharashtra,2025-04-29,2025-04-29,13,Delivered,Delivered dispatch for SO202606300007 to Pune.
8,DSP202504300008,8,4,2025-04-30,Finished Goods Warehouse - EV Motor Zone,Road,TN 57 IR 7328,LR25043000008,Dinesh Sharma,Agarwal Packers Logistics,"Bajaj Auto, EV Motor Receiving Dock, Pune, Maharashtra",Pune,Maharashtra,2025-05-05,2025-05-06,10,Delivered,Delivered dispatch for SO202606300008 to Pune.
9,DSP202505200009,9,20,2025-05-20,Finished Goods Warehouse - Premium Motor Aisle,Road,KA 64 JS 8119,LR25052000009,Kannan M,Om Logistics,"Montra Electric, EV Motor Receiving Dock, Chennai, Tamil Nadu",Chennai,Tamil Nadu,2025-05-22,2025-05-21,11,Delivered,Delivered dispatch for SO202606300009 to Chennai.
10,DSP202505080010,10,7,2025-05-08,Finished Goods Warehouse - Export Hold,Road,MH 71 KT 8910,LR25050800010,Suresh Kumar,VRL Logistics,"River, EV Motor Receiving Dock, Bengaluru, Karnataka",Bengaluru,Karnataka,2025-05-11,2025-05-11,8,Delivered,Delivered dispatch for SO202606300010 to Bengaluru.
11,DSP202505100011,11,7,2025-05-10,Finished Goods Warehouse - Dispatch Ready Bay,Road,GJ 78 LU 9701,LR25051000011,Manoj Yadav,TCI Freight,"River, EV Motor Receiving Dock, Bengaluru, Karnataka",Bengaluru,Karnataka,2025-05-13,2025-05-14,1,Delivered,Delivered dispatch for SO202606300011 to Bengaluru.
12,DSP202505040012,12,7,2025-05-04,Finished Goods Warehouse - EV Motor Zone,Courier,COURIER-00012,LR25050400012,,Delhivery Heavy Goods,"River, EV Motor Receiving Dock, Bengaluru, Karnataka",Bengaluru,Karnataka,2025-05-07,2025-05-06,12,Delivered,Delivered dispatch for SO202606300012 to Bengaluru.
13,DSP202505120013,13,21,2025-05-12,Finished Goods Warehouse - Premium Motor Aisle,Customer Pickup,PICKUP-00013,CPU000013,Naveen Singh,Customer Pickup,"EKA Mobility, EV Motor Receiving Dock, Pune, Maharashtra",Pune,Maharashtra,2025-05-17,2025-05-17,13,Delivered,Delivered dispatch for SO202606300013 to Pune.
14,DSP202505090014,14,7,2025-05-09,Finished Goods Warehouse - Export Hold,Road,TS 01 OX 3074,LR25050900014,Ravi Kumar,Mahindra Logistics,"River, EV Motor Receiving Dock, Bengaluru, Karnataka",Bengaluru,Karnataka,2025-05-12,2025-05-13,10,Delivered,Delivered dispatch for SO202606300014 to Bengaluru.
15,DSP202505110015,15,2,2025-05-11,Finished Goods Warehouse - Dispatch Ready Bay,Road,RJ 08 PY 3865,LR25051100015,Imran Khan,Gati KWE,"Ola Electric, EV Motor Receiving Dock, Krishnagiri, Tamil Nadu",Krishnagiri,Tamil Nadu,2025-05-13,2025-05-12,11,Delivered,Delivered dispatch for SO202606300015 to Krishnagiri.
16,DSP202505120016,16,5,2025-05-12,Finished Goods Warehouse - EV Motor Zone,Road,TN 15 QZ 4656,LR25051200016,Prakash Reddy,Rivigo Services,"Hero MotoCorp, EV Motor Receiving Dock, Neemrana, Rajasthan",Neemrana,Rajasthan,2025-05-20,2025-05-20,8,Delivered,Delivered dispatch for SO202606300016 to Neemrana.
17,DSP202505140017,17,14,2025-05-14,Finished Goods Warehouse - Premium Motor Aisle,Road,KA 22 RA 5447,LR25051400017,Sanjay Patil,Safexpress,"Euler Motors, EV Motor Receiving Dock, New Delhi, Delhi",New Delhi,Delhi,2025-05-22,2025-05-23,1,Delivered,Delivered dispatch for SO202606300017 to New Delhi.
18,DSP202505160018,18,1,2025-05-16,Finished Goods Warehouse - Export Hold,Road,MH 29 SB 6238,LR25051600018,Dinesh Sharma,Agarwal Packers Logistics,"Ather Energy, EV Motor Receiving Dock, Hosur, Tamil Nadu",Hosur,Tamil Nadu,2025-05-18,2025-05-17,12,Delivered,Delivered dispatch for SO202606300018 to Hosur.
19,DSP202505170019,19,10,2025-05-17,Finished Goods Warehouse - Dispatch Ready Bay,Courier,COURIER-00019,LR25051700019,,Om Logistics,"Ampere Electric, EV Motor Receiving Dock, Coimbatore, Tamil Nadu",Coimbatore,Tamil Nadu,2025-05-19,2025-05-19,13,Delivered,Delivered dispatch for SO202606300019 to Coimbatore.
20,DSP202505190020,20,2,2025-05-19,Finished Goods Warehouse - EV Motor Zone,Rail,HR 43 UD 7820,LR25051900020,Suresh Kumar,VRL Logistics,"Ola Electric, EV Motor Receiving Dock, Krishnagiri, Tamil Nadu",Krishnagiri,Tamil Nadu,2025-05-21,2025-05-22,10,Delivered,Delivered dispatch for SO202606300020 to Krishnagiri.
21,DSP202505200021,21,10,2025-05-20,Finished Goods Warehouse - Premium Motor Aisle,Road,DL 50 VE 8611,LR25052000021,Manoj Yadav,TCI Freight,"Ampere Electric, EV Motor Receiving Dock, Coimbatore, Tamil Nadu",Coimbatore,Tamil Nadu,2025-05-22,2025-05-21,11,Delivered,Delivered dispatch for SO202606300021 to Coimbatore.
22,DSP202505210022,22,11,2025-05-21,Finished Goods Warehouse - Export Hold,Road,TS 57 WF 9402,LR25052100022,Arun Prakash,Delhivery Heavy Goods,"Mahindra Last Mile Mobility, EV Motor Receiving Dock, Haridwar, Uttarakhand",Haridwar,Uttarakhand,2025-05-30,2025-05-30,8,Delivered,Delivered dispatch for SO202606300022 to Haridwar.
23,DSP202505240023,23,10,2025-05-24,Finished Goods Warehouse - Dispatch Ready Bay,Road,RJ 64 XG 1193,LR25052400023,Naveen Singh,Blue Dart Cargo,"Ampere Electric, EV Motor Receiving Dock, Coimbatore, Tamil Nadu",Coimbatore,Tamil Nadu,2025-05-26,2025-05-27,1,Delivered,Delivered dispatch for SO202606300023 to Coimbatore.
24,DSP202505170024,24,4,2025-05-17,Finished Goods Warehouse - EV Motor Zone,Road,TN 71 YH 1984,LR25051700024,Ravi Kumar,Mahindra Logistics,"Bajaj Auto, EV Motor Receiving Dock, Pune, Maharashtra",Pune,Maharashtra,2025-05-22,2025-05-21,12,Delivered,Delivered dispatch for SO202606300024 to Pune.
25,DSP202505180025,25,5,2025-05-18,Finished Goods Warehouse - Premium Motor Aisle,Courier,COURIER-00025,LR25051800025,,Gati KWE,"Hero MotoCorp, EV Motor Receiving Dock, Neemrana, Rajasthan",Neemrana,Rajasthan,2025-05-26,2025-05-26,13,Delivered,Delivered dispatch for SO202606300025 to Neemrana.
26,DSP202505240026,26,16,2025-05-24,Finished Goods Warehouse - Export Hold,Courier,COURIER-00026,LR25052400026,,Rivigo Services,"Kinetic Green, EV Motor Receiving Dock, Pune, Maharashtra",Pune,Maharashtra,2025-05-29,2025-05-30,10,Delivered,Delivered dispatch for SO202606300026 to Pune.
27,DSP202505280027,27,6,2025-05-28,Finished Goods Warehouse - Dispatch Ready Bay,Rail,GJ 92 BK 4357,LR25052800027,Sanjay Patil,Safexpress,"Greaves Electric Mobility, EV Motor Receiving Dock, Ranipet, Tamil Nadu",Ranipet,Tamil Nadu,2025-05-30,2025-05-29,11,Delivered,Delivered dispatch for SO202606300027 to Ranipet.
28,DSP202505300028,28,4,2025-05-30,Finished Goods Warehouse - EV Motor Zone,Road,HR 01 CL 5148,LR25053000028,Dinesh Sharma,Agarwal Packers Logistics,"Bajaj Auto, EV Motor Receiving Dock, Pune, Maharashtra",Pune,Maharashtra,2025-06-04,2025-06-04,8,Delivered,Delivered dispatch for SO202606300028 to Pune.
29,DSP202505310029,29,10,2025-05-31,Finished Goods Warehouse - Premium Motor Aisle,Road,DL 08 DM 5939,LR25053100029,Kannan M,Om Logistics,"Ampere Electric, EV Motor Receiving Dock, Coimbatore, Tamil Nadu",Coimbatore,Tamil Nadu,2025-06-02,2025-06-03,1,Delivered,Delivered dispatch for SO202606300029 to Coimbatore.
30,DSP202506060030,30,9,2025-06-06,Finished Goods Warehouse - Export Hold,Road,TS 15 EN 6730,LR25060600030,Suresh Kumar,VRL Logistics,"Simple Energy, EV Motor Receiving Dock, Bengaluru, Karnataka",Bengaluru,Karnataka,2025-06-09,2025-06-08,12,Delivered,Delivered dispatch for SO202606300030 to Bengaluru.
31,DSP202506090031,31,16,2025-06-09,Finished Goods Warehouse - Dispatch Ready Bay,Road,RJ 22 FO 7521,LR25060900031,Manoj Yadav,TCI Freight,"Kinetic Green, EV Motor Receiving Dock, Pune, Maharashtra",Pune,Maharashtra,2025-06-14,2025-06-14,13,Delivered,Delivered dispatch for SO202606300031 to Pune.
32,DSP202506130032,32,7,2025-06-13,Finished Goods Warehouse - EV Motor Zone,Courier,COURIER-00032,LR25061300032,,Delhivery Heavy Goods,"River, EV Motor Receiving Dock, Bengaluru, Karnataka",Bengaluru,Karnataka,2025-06-16,2025-06-17,10,Delivered,Delivered dispatch for SO202606300032 to Bengaluru.
33,DSP202506160033,33,8,2025-06-16,Finished Goods Warehouse - Premium Motor Aisle,Customer Pickup,PICKUP-00033,CPU000033,Naveen Singh,Customer Pickup,"Ultraviolette Automotive, EV Motor Receiving Dock, Bengaluru, Karnataka",Bengaluru,Karnataka,2025-06-19,2025-06-18,11,Delivered,Delivered dispatch for SO202606300033 to Bengaluru.
34,DSP202506170034,34,11,2025-06-17,Finished Goods Warehouse - Export Hold,Road,MH 43 IR 9894,LR25061700034,Ravi Kumar,Mahindra Logistics,"Mahindra Last Mile Mobility, EV Motor Receiving Dock, Haridwar, Uttarakhand",Haridwar,Uttarakhand,2025-06-26,2025-06-26,8,Delivered,Delivered dispatch for SO202606300034 to Haridwar.
35,DSP202506180035,35,20,2025-06-18,Finished Goods Warehouse - Dispatch Ready Bay,Road,GJ 50 JS 1685,LR25061800035,Imran Khan,Gati KWE,"Montra Electric, EV Motor Receiving Dock, Chennai, Tamil Nadu",Chennai,Tamil Nadu,2025-06-20,2025-06-21,1,Delivered,Delivered dispatch for SO202606300035 to Chennai.
36,DSP202506100036,36,5,2025-06-10,Finished Goods Warehouse - EV Motor Zone,Road,HR 57 KT 2476,LR25061000036,Prakash Reddy,Rivigo Services,"Hero MotoCorp, EV Motor Receiving Dock, Neemrana, Rajasthan",Neemrana,Rajasthan,2025-06-18,2025-06-17,12,Delivered,Delivered dispatch for SO202606300036 to Neemrana.
37,DSP202506130037,37,13,2025-06-13,Finished Goods Warehouse - Premium Motor Aisle,Road,DL 64 LU 3267,LR25061300037,Sanjay Patil,Safexpress,"Omega Seiki, EV Motor Receiving Dock, Delhi, Delhi",Delhi,Delhi,2025-06-21,2025-06-21,13,Delivered,Delivered dispatch for SO202606300037 to Delhi.
38,DSP202506180038,38,6,2025-06-18,Finished Goods Warehouse - Export Hold,Road,TS 71 MV 4058,LR25061800038,Dinesh Sharma,Agarwal Packers Logistics,"Greaves Electric Mobility, EV Motor Receiving Dock, Ranipet, Tamil Nadu",Ranipet,Tamil Nadu,2025-06-20,2025-06-21,10,Delivered,Delivered dispatch for SO202606300038 to Ranipet.
39,DSP202506200039,39,16,2025-06-20,Finished Goods Warehouse - Dispatch Ready Bay,Courier,COURIER-00039,LR25062000039,,Om Logistics,"Kinetic Green, EV Motor Receiving Dock, Pune, Maharashtra",Pune,Maharashtra,2025-06-25,2025-06-24,11,Delivered,Delivered dispatch for SO202606300039 to Pune.
40,DSP202506270040,40,5,2025-06-27,Finished Goods Warehouse - EV Motor Zone,Customer Pickup,PICKUP-00040,CPU000040,Suresh Kumar,Customer Pickup,"Hero MotoCorp, EV Motor Receiving Dock, Neemrana, Rajasthan",Neemrana,Rajasthan,2025-07-05,2025-07-05,8,Delivered,Delivered dispatch for SO202606300040 to Neemrana.
41,DSP202506290041,41,7,2025-06-29,Finished Goods Warehouse - Premium Motor Aisle,Road,KA 92 PY 6431,LR25062900041,Manoj Yadav,TCI Freight,"River, EV Motor Receiving Dock, Bengaluru, Karnataka",Bengaluru,Karnataka,2025-07-02,2025-07-03,1,Delivered,Delivered dispatch for SO202606300041 to Bengaluru.
42,DSP202507030042,42,4,2025-07-03,Finished Goods Warehouse - Export Hold,Road,MH 01 QZ 7222,LR25070300042,Arun Prakash,Delhivery Heavy Goods,"Bajaj Auto, EV Motor Receiving Dock, Pune, Maharashtra",Pune,Maharashtra,2025-07-08,2025-07-07,12,Delivered,Delivered dispatch for SO202606300042 to Pune.
43,DSP202507060043,43,4,2025-07-06,Finished Goods Warehouse - Dispatch Ready Bay,Road,GJ 08 RA 8013,LR25070600043,Naveen Singh,Blue Dart Cargo,"Bajaj Auto, EV Motor Receiving Dock, Pune, Maharashtra",Pune,Maharashtra,2025-07-11,2025-07-11,13,Delivered,Delivered dispatch for SO202606300043 to Pune.
44,DSP202507070044,44,21,2025-07-07,Finished Goods Warehouse - EV Motor Zone,Road,HR 15 SB 8804,LR25070700044,Ravi Kumar,Mahindra Logistics,"EKA Mobility, EV Motor Receiving Dock, Pune, Maharashtra",Pune,Maharashtra,2025-07-12,2025-07-13,10,Delivered,Delivered dispatch for SO202606300044 to Pune.
45,DSP202507100045,45,11,2025-07-10,Finished Goods Warehouse - Premium Motor Aisle,Road,DL 22 TC 9595,LR25071000045,Imran Khan,Gati KWE,"Mahindra Last Mile Mobility, EV Motor Receiving Dock, Haridwar, Uttarakhand",Haridwar,Uttarakhand,2025-07-19,2025-07-18,11,Delivered,Delivered dispatch for SO202606300045 to Haridwar.
46,DSP202507140046,46,9,2025-07-14,Finished Goods Warehouse - Export Hold,Courier,COURIER-00046,LR25071400046,,Rivigo Services,"Simple Energy, EV Motor Receiving Dock, Bengaluru, Karnataka",Bengaluru,Karnataka,2025-07-17,2025-07-17,8,Delivered,Delivered dispatch for SO202606300046 to Bengaluru.
47,DSP202507180047,47,9,2025-07-18,Finished Goods Warehouse - Dispatch Ready Bay,Rail,RJ 36 VE 2177,LR25071800047,Sanjay Patil,Safexpress,"Simple Energy, EV Motor Receiving Dock, Bengaluru, Karnataka",Bengaluru,Karnataka,2025-07-21,2025-07-22,1,Delivered,Delivered dispatch for SO202606300047 to Bengaluru.
48,DSP202507090048,48,13,2025-07-09,Finished Goods Warehouse - EV Motor Zone,Road,TN 43 WF 2968,LR25070900048,Dinesh Sharma,Agarwal Packers Logistics,"Omega Seiki, EV Motor Receiving Dock, Delhi, Delhi",Delhi,Delhi,2025-07-17,2025-07-16,12,Delivered,Delivered dispatch for SO202606300048 to Delhi.
49,DSP202507110049,49,1,2025-07-11,Finished Goods Warehouse - Premium Motor Aisle,Road,KA 50 XG 3759,LR25071100049,Kannan M,Om Logistics,"Ather Energy, EV Motor Receiving Dock, Hosur, Tamil Nadu",Hosur,Tamil Nadu,2025-07-13,2025-07-13,13,Delivered,Delivered dispatch for SO202606300049 to Hosur.
50,DSP202507120050,50,7,2025-07-12,Finished Goods Warehouse - Export Hold,Road,MH 57 YH 4550,LR25071200050,Suresh Kumar,VRL Logistics,"River, EV Motor Receiving Dock, Bengaluru, Karnataka",Bengaluru,Karnataka,2025-07-15,2025-07-16,10,Delivered,Delivered dispatch for SO202606300050 to Bengaluru.
51,DSP202507150051,51,1,2025-07-15,Finished Goods Warehouse - Dispatch Ready Bay,Road,GJ 64 ZI 5341,LR25071500051,Manoj Yadav,TCI Freight,"Ather Energy, EV Motor Receiving Dock, Hosur, Tamil Nadu",Hosur,Tamil Nadu,2025-07-17,2025-07-16,11,Delivered,Delivered dispatch for SO202606300051 to Hosur.
52,DSP202507160052,52,7,2025-07-16,Finished Goods Warehouse - EV Motor Zone,Road,HR 71 AJ 6132,LR25071600052,Arun Prakash,Delhivery Heavy Goods,"River, EV Motor Receiving Dock, Bengaluru, Karnataka",Bengaluru,Karnataka,2025-07-19,2025-07-19,8,Delivered,Delivered dispatch for SO202606300052 to Bengaluru.
53,DSP202507180053,53,2,2025-07-18,Finished Goods Warehouse - Premium Motor Aisle,Courier,COURIER-00053,LR25071800053,,Blue Dart Cargo,"Ola Electric, EV Motor Receiving Dock, Krishnagiri, Tamil Nadu",Krishnagiri,Tamil Nadu,2025-07-20,2025-07-21,1,Delivered,Delivered dispatch for SO202606300053 to Krishnagiri.
54,DSP202507190054,54,11,2025-07-19,Finished Goods Warehouse - Export Hold,Rail,TS 85 CL 7714,LR25071900054,Ravi Kumar,Mahindra Logistics,"Mahindra Last Mile Mobility, EV Motor Receiving Dock, Haridwar, Uttarakhand",Haridwar,Uttarakhand,2025-07-28,2025-07-27,12,Delivered,Delivered dispatch for SO202606300054 to Haridwar.
55,DSP202507210055,55,11,2025-07-21,Finished Goods Warehouse - Dispatch Ready Bay,Road,RJ 92 DM 8505,LR25072100055,Imran Khan,Gati KWE,"Mahindra Last Mile Mobility, EV Motor Receiving Dock, Haridwar, Uttarakhand",Haridwar,Uttarakhand,2025-07-30,2025-07-30,13,Delivered,Delivered dispatch for SO202606300055 to Haridwar.
56,DSP202507260056,56,14,2025-07-26,Finished Goods Warehouse - EV Motor Zone,Road,TN 01 EN 9296,LR25072600056,Prakash Reddy,Rivigo Services,"Euler Motors, EV Motor Receiving Dock, New Delhi, Delhi",New Delhi,Delhi,2025-08-03,2025-08-04,10,Delivered,Delivered dispatch for SO202606300056 to New Delhi.
57,DSP202508010057,57,4,2025-08-01,Finished Goods Warehouse - Premium Motor Aisle,Road,KA 08 FO 1087,LR25080100057,Sanjay Patil,Safexpress,"Bajaj Auto, EV Motor Receiving Dock, Pune, Maharashtra",Pune,Maharashtra,2025-08-06,2025-08-05,11,Delivered,Delivered dispatch for SO202606300057 to Pune.
58,DSP202508020058,58,6,2025-08-02,Finished Goods Warehouse - Export Hold,Road,MH 15 GP 1878,LR25080200058,Dinesh Sharma,Agarwal Packers Logistics,"Greaves Electric Mobility, EV Motor Receiving Dock, Ranipet, Tamil Nadu",Ranipet,Tamil Nadu,2025-08-04,2025-08-04,8,Delivered,Delivered dispatch for SO202606300058 to Ranipet.
59,DSP202508050059,59,23,2025-08-05,Finished Goods Warehouse - Dispatch Ready Bay,Courier,COURIER-00059,LR25080500059,,Om Logistics,"Larsen & Toubro, EV Motor Receiving Dock, Chennai, Tamil Nadu",Chennai,Tamil Nadu,2025-08-07,2025-08-08,1,Delivered,Delivered dispatch for SO202606300059 to Chennai.
60,DSP202507260060,60,20,2025-07-26,Finished Goods Warehouse - EV Motor Zone,Customer Pickup,PICKUP-00060,CPU000060,Suresh Kumar,Customer Pickup,"Montra Electric, EV Motor Receiving Dock, Chennai, Tamil Nadu",Chennai,Tamil Nadu,2025-07-28,2025-07-27,12,Delivered,Delivered dispatch for SO202606300060 to Chennai.
61,DSP202507280061,61,3,2025-07-28,Finished Goods Warehouse - Premium Motor Aisle,Road,DL 36 JS 4251,LR25072800061,Manoj Yadav,TCI Freight,"TVS Motor Company, EV Motor Receiving Dock, Hosur, Tamil Nadu",Hosur,Tamil Nadu,2025-07-30,2025-07-30,13,Delivered,Delivered dispatch for SO202606300061 to Hosur.
62,DSP202507290062,62,7,2025-07-29,Finished Goods Warehouse - Export Hold,Road,TS 43 KT 5042,LR25072900062,Arun Prakash,Delhivery Heavy Goods,"River, EV Motor Receiving Dock, Bengaluru, Karnataka",Bengaluru,Karnataka,2025-08-01,2025-08-02,10,Delivered,Delivered dispatch for SO202606300062 to Bengaluru.
63,DSP202507310063,63,16,2025-07-31,Finished Goods Warehouse - Dispatch Ready Bay,Road,RJ 50 LU 5833,LR25073100063,Naveen Singh,Blue Dart Cargo,"Kinetic Green, EV Motor Receiving Dock, Pune, Maharashtra",Pune,Maharashtra,2025-08-05,2025-08-04,11,Delivered,Delivered dispatch for SO202606300063 to Pune.
64,DSP202508010064,64,17,2025-08-01,Finished Goods Warehouse - EV Motor Zone,Road,TN 57 MV 6624,LR25080100064,Ravi Kumar,Mahindra Logistics,"Altigreen, EV Motor Receiving Dock, Bengaluru, Karnataka",Bengaluru,Karnataka,2025-08-04,2025-08-04,8,Delivered,Delivered dispatch for SO202606300064 to Bengaluru.
65,DSP202508030065,65,6,2025-08-03,Finished Goods Warehouse - Premium Motor Aisle,Road,KA 64 NW 7415,LR25080300065,Imran Khan,Gati KWE,"Greaves Electric Mobility, EV Motor Receiving Dock, Ranipet, Tamil Nadu",Ranipet,Tamil Nadu,2025-08-05,2025-08-06,1,Delivered,Delivered dispatch for SO202606300065 to Ranipet.
66,DSP202508040066,66,17,2025-08-04,Finished Goods Warehouse - Export Hold,Courier,COURIER-00066,LR25080400066,,Rivigo Services,"Altigreen, EV Motor Receiving Dock, Bengaluru, Karnataka",Bengaluru,Karnataka,2025-08-07,2025-08-06,12,Delivered,Delivered dispatch for SO202606300066 to Bengaluru.
67,DSP202508070067,67,15,2025-08-07,Finished Goods Warehouse - Dispatch Ready Bay,Customer Pickup,PICKUP-00067,CPU000067,Sanjay Patil,Customer Pickup,"YC Electric, EV Motor Receiving Dock, Delhi, Delhi",Delhi,Delhi,2025-08-15,2025-08-15,13,Delivered,Delivered dispatch for SO202606300067 to Delhi.
68,DSP202508090068,68,3,2025-08-09,Finished Goods Warehouse - EV Motor Zone,Road,HR 85 QZ 9788,LR25080900068,Dinesh Sharma,Agarwal Packers Logistics,"TVS Motor Company, EV Motor Receiving Dock, Hosur, Tamil Nadu",Hosur,Tamil Nadu,2025-08-11,2025-08-12,10,Delivered,Delivered dispatch for SO202606300068 to Hosur.
69,DSP202508100069,69,9,2025-08-10,Finished Goods Warehouse - Premium Motor Aisle,Road,DL 92 RA 1579,LR25081000069,Kannan M,Om Logistics,"Simple Energy, EV Motor Receiving Dock, Bengaluru, Karnataka",Bengaluru,Karnataka,2025-08-13,2025-08-12,11,Delivered,Delivered dispatch for SO202606300069 to Bengaluru.
70,DSP202508120070,70,4,2025-08-12,Finished Goods Warehouse - Export Hold,Road,TS 01 SB 2370,LR25081200070,Suresh Kumar,VRL Logistics,"Bajaj Auto, EV Motor Receiving Dock, Pune, Maharashtra",Pune,Maharashtra,2025-08-17,2025-08-17,8,Delivered,Delivered dispatch for SO202606300070 to Pune.
71,DSP202508140071,71,19,2025-08-14,Finished Goods Warehouse - Dispatch Ready Bay,Road,RJ 08 TC 3161,LR25081400071,Manoj Yadav,TCI Freight,"Tata Motors, EV Motor Receiving Dock, Pune, Maharashtra",Pune,Maharashtra,2025-08-19,2025-08-20,1,Delivered,Delivered dispatch for SO202606300071 to Pune.
72,DSP202508040072,72,1,2025-08-04,Finished Goods Warehouse - EV Motor Zone,Road,TN 15 UD 3952,LR25080400072,Arun Prakash,Delhivery Heavy Goods,"Ather Energy, EV Motor Receiving Dock, Hosur, Tamil Nadu",Hosur,Tamil Nadu,2025-08-06,2025-08-05,12,Delivered,Delivered dispatch for SO202606300072 to Hosur.
73,DSP202508050073,73,9,2025-08-05,Finished Goods Warehouse - Premium Motor Aisle,Courier,COURIER-00073,LR25080500073,,Blue Dart Cargo,"Simple Energy, EV Motor Receiving Dock, Bengaluru, Karnataka",Bengaluru,Karnataka,2025-08-08,2025-08-08,13,Delivered,Delivered dispatch for SO202606300073 to Bengaluru.
74,DSP202508060074,74,21,2025-08-06,Finished Goods Warehouse - Export Hold,Rail,MH 29 WF 5534,LR25080600074,Ravi Kumar,Mahindra Logistics,"EKA Mobility, EV Motor Receiving Dock, Pune, Maharashtra",Pune,Maharashtra,2025-08-11,2025-08-12,10,Delivered,Delivered dispatch for SO202606300074 to Pune.
75,DSP202508070075,75,22,2025-08-07,Finished Goods Warehouse - Dispatch Ready Bay,Road,GJ 36 XG 6325,LR25080700075,Imran Khan,Gati KWE,"Switch Mobility, EV Motor Receiving Dock, Chennai, Tamil Nadu",Chennai,Tamil Nadu,2025-08-09,2025-08-08,11,Delivered,Delivered dispatch for SO202606300075 to Chennai.
76,DSP202508090076,76,13,2025-08-09,Finished Goods Warehouse - EV Motor Zone,Road,HR 43 YH 7116,LR25080900076,Prakash Reddy,Rivigo Services,"Omega Seiki, EV Motor Receiving Dock, Delhi, Delhi",Delhi,Delhi,2025-08-17,2025-08-17,8,Delivered,Delivered dispatch for SO202606300076 to Delhi.
77,DSP202508130077,77,7,2025-08-13,Finished Goods Warehouse - Premium Motor Aisle,Road,DL 50 ZI 7907,LR25081300077,Sanjay Patil,Safexpress,"River, EV Motor Receiving Dock, Bengaluru, Karnataka",Bengaluru,Karnataka,2025-08-16,2025-08-17,1,Delivered,Delivered dispatch for SO202606300077 to Bengaluru.
78,DSP202508150078,78,3,2025-08-15,Finished Goods Warehouse - Export Hold,Road,TS 57 AJ 8698,LR25081500078,Dinesh Sharma,Agarwal Packers Logistics,"TVS Motor Company, EV Motor Receiving Dock, Hosur, Tamil Nadu",Hosur,Tamil Nadu,2025-08-17,2025-08-16,12,Delivered,Delivered dispatch for SO202606300078 to Hosur.
79,DSP202508170079,79,7,2025-08-17,Finished Goods Warehouse - Dispatch Ready Bay,Road,RJ 64 BK 9489,LR25081700079,Kannan M,Om Logistics,"River, EV Motor Receiving Dock, Bengaluru, Karnataka",Bengaluru,Karnataka,2025-08-20,2025-08-20,13,Delivered,Delivered dispatch for SO202606300079 to Bengaluru.
80,DSP202508190080,80,12,2025-08-19,Finished Goods Warehouse - EV Motor Zone,Courier,COURIER-00080,LR25081900080,,VRL Logistics,"Piaggio Vehicles, EV Motor Receiving Dock, Pune, Maharashtra",Pune,Maharashtra,2025-08-24,2025-08-25,10,Delivered,Delivered dispatch for SO202606300080 to Pune.
81,DSP202508220081,81,4,2025-08-22,Finished Goods Warehouse - Premium Motor Aisle,Rail,KA 78 DM 2071,LR25082200081,Manoj Yadav,TCI Freight,"Bajaj Auto, EV Motor Receiving Dock, Pune, Maharashtra",Pune,Maharashtra,2025-08-27,2025-08-26,11,Delivered,Delivered dispatch for SO202606300081 to Pune.
82,DSP202508250082,82,7,2025-08-25,Finished Goods Warehouse - Export Hold,Road,MH 85 EN 2862,LR25082500082,Arun Prakash,Delhivery Heavy Goods,"River, EV Motor Receiving Dock, Bengaluru, Karnataka",Bengaluru,Karnataka,2025-08-28,2025-08-28,8,Delivered,Delivered dispatch for SO202606300082 to Bengaluru.
83,DSP202508260083,83,11,2025-08-26,Finished Goods Warehouse - Dispatch Ready Bay,Road,GJ 92 FO 3653,LR25082600083,Naveen Singh,Blue Dart Cargo,"Mahindra Last Mile Mobility, EV Motor Receiving Dock, Haridwar, Uttarakhand",Haridwar,Uttarakhand,2025-09-04,2025-09-05,1,Delivered,Delivered dispatch for SO202606300083 to Haridwar.
84,DSP202508160084,84,3,2025-08-16,Finished Goods Warehouse - EV Motor Zone,Road,HR 01 GP 4444,LR25081600084,Ravi Kumar,Mahindra Logistics,"TVS Motor Company, EV Motor Receiving Dock, Hosur, Tamil Nadu",Hosur,Tamil Nadu,2025-08-18,2025-08-17,12,Delivered,Delivered dispatch for SO202606300084 to Hosur.
85,DSP202508170085,85,9,2025-08-17,Finished Goods Warehouse - Premium Motor Aisle,Road,DL 08 HQ 5235,LR25081700085,Imran Khan,Gati KWE,"Simple Energy, EV Motor Receiving Dock, Bengaluru, Karnataka",Bengaluru,Karnataka,2025-08-20,2025-08-20,13,Delivered,Delivered dispatch for SO202606300085 to Bengaluru.
86,DSP202508180086,86,15,2025-08-18,Finished Goods Warehouse - Export Hold,Courier,COURIER-00086,LR25081800086,,Rivigo Services,"YC Electric, EV Motor Receiving Dock, Delhi, Delhi",Delhi,Delhi,2025-08-26,2025-08-27,10,Delivered,Delivered dispatch for SO202606300086 to Delhi.
87,DSP202508200087,87,6,2025-08-20,Finished Goods Warehouse - Dispatch Ready Bay,Customer Pickup,PICKUP-00087,CPU000087,Sanjay Patil,Customer Pickup,"Greaves Electric Mobility, EV Motor Receiving Dock, Ranipet, Tamil Nadu",Ranipet,Tamil Nadu,2025-08-22,2025-08-21,11,Delivered,Delivered dispatch for SO202606300087 to Ranipet.
88,DSP202508220088,88,15,2025-08-22,Finished Goods Warehouse - EV Motor Zone,Road,TN 29 KT 7608,LR25082200088,Dinesh Sharma,Agarwal Packers Logistics,"YC Electric, EV Motor Receiving Dock, Delhi, Delhi",Delhi,Delhi,2025-08-30,2025-08-30,8,Delivered,Delivered dispatch for SO202606300088 to Delhi.
89,DSP202508240089,89,12,2025-08-24,Finished Goods Warehouse - Premium Motor Aisle,Road,KA 36 LU 8399,LR25082400089,Kannan M,Om Logistics,"Piaggio Vehicles, EV Motor Receiving Dock, Pune, Maharashtra",Pune,Maharashtra,2025-08-29,2025-08-30,1,Delivered,Delivered dispatch for SO202606300089 to Pune.
90,DSP202508260090,90,3,2025-08-26,Finished Goods Warehouse - Export Hold,Road,MH 43 MV 9190,LR25082600090,Suresh Kumar,VRL Logistics,"TVS Motor Company, EV Motor Receiving Dock, Hosur, Tamil Nadu",Hosur,Tamil Nadu,2025-08-28,2025-08-27,12,Delivered,Delivered dispatch for SO202606300090 to Hosur.
91,DSP202508270091,91,7,2025-08-27,Finished Goods Warehouse - Dispatch Ready Bay,Road,GJ 50 NW 9981,LR25082700091,Manoj Yadav,TCI Freight,"River, EV Motor Receiving Dock, Bengaluru, Karnataka",Bengaluru,Karnataka,2025-08-30,2025-08-30,13,Delivered,Delivered dispatch for SO202606300091 to Bengaluru.
92,DSP202509010092,92,4,2025-09-01,Finished Goods Warehouse - EV Motor Zone,Road,HR 57 OX 1772,LR25090100092,Arun Prakash,Delhivery Heavy Goods,"Bajaj Auto, EV Motor Receiving Dock, Pune, Maharashtra",Pune,Maharashtra,2025-09-06,2025-09-07,10,Delivered,Delivered dispatch for SO202606300092 to Pune.
93,DSP202509020093,93,22,2025-09-02,Finished Goods Warehouse - Premium Motor Aisle,Courier,COURIER-00093,LR25090200093,,Blue Dart Cargo,"Switch Mobility, EV Motor Receiving Dock, Chennai, Tamil Nadu",Chennai,Tamil Nadu,2025-09-04,2025-09-03,11,Delivered,Delivered dispatch for SO202606300093 to Chennai.
94,DSP202509040094,94,13,2025-09-04,Finished Goods Warehouse - Export Hold,Customer Pickup,PICKUP-00094,CPU000094,Ravi Kumar,Customer Pickup,"Omega Seiki, EV Motor Receiving Dock, Delhi, Delhi",Delhi,Delhi,2025-09-12,2025-09-12,8,Delivered,Delivered dispatch for SO202606300094 to Delhi.
95,DSP202509080095,95,6,2025-09-08,Finished Goods Warehouse - Dispatch Ready Bay,Road,RJ 78 RA 4145,LR25090800095,Imran Khan,Gati KWE,"Greaves Electric Mobility, EV Motor Receiving Dock, Ranipet, Tamil Nadu",Ranipet,Tamil Nadu,2025-09-10,2025-09-11,1,Delivered,Delivered dispatch for SO202606300095 to Ranipet.
96,DSP202508290096,96,10,2025-08-29,Finished Goods Warehouse - EV Motor Zone,Road,TN 85 SB 4936,LR25082900096,Prakash Reddy,Rivigo Services,"Ampere Electric, EV Motor Receiving Dock, Coimbatore, Tamil Nadu",Coimbatore,Tamil Nadu,2025-08-31,2025-08-30,12,Delivered,Delivered dispatch for SO202606300096 to Coimbatore.
97,DSP202509010097,97,1,2025-09-01,Finished Goods Warehouse - Premium Motor Aisle,Road,KA 92 TC 5727,LR25090100097,Sanjay Patil,Safexpress,"Ather Energy, EV Motor Receiving Dock, Hosur, Tamil Nadu",Hosur,Tamil Nadu,2025-09-03,2025-09-03,13,Delivered,Delivered dispatch for SO202606300097 to Hosur.
98,DSP202509030098,98,15,2025-09-03,Finished Goods Warehouse - Export Hold,Road,MH 01 UD 6518,LR25090300098,Dinesh Sharma,Agarwal Packers Logistics,"YC Electric, EV Motor Receiving Dock, Delhi, Delhi",Delhi,Delhi,2025-09-11,2025-09-12,10,Delivered,Delivered dispatch for SO202606300098 to Delhi.
99,DSP202509060099,99,1,2025-09-06,Finished Goods Warehouse - Dispatch Ready Bay,Road,GJ 08 VE 7309,LR25090600099,Kannan M,Om Logistics,"Ather Energy, EV Motor Receiving Dock, Hosur, Tamil Nadu",Hosur,Tamil Nadu,2025-09-08,2025-09-07,11,Delivered,Delivered dispatch for SO202606300099 to Hosur.
100,DSP202509070100,100,18,2025-09-07,Finished Goods Warehouse - EV Motor Zone,Courier,COURIER-00100,LR25090700100,,VRL Logistics,"Ashok Leyland, EV Motor Receiving Dock, Chennai, Tamil Nadu",Chennai,Tamil Nadu,2025-09-09,2025-09-09,8,Delivered,Delivered dispatch for SO202606300100 to Chennai.
101,DSP202509090101,101,5,2025-09-09,Finished Goods Warehouse - Premium Motor Aisle,Customer Pickup,PICKUP-00101,CPU000101,Manoj Yadav,Customer Pickup,"Hero MotoCorp, EV Motor Receiving Dock, Neemrana, Rajasthan",Neemrana,Rajasthan,2025-09-17,2025-09-18,1,Delivered,Delivered dispatch for SO202606300101 to Neemrana.
102,DSP202509120102,102,7,2025-09-12,Finished Goods Warehouse - Export Hold,Road,TS 29 YH 9682,LR25091200102,Arun Prakash,Delhivery Heavy Goods,"River, EV Motor Receiving Dock, Bengaluru, Karnataka",Bengaluru,Karnataka,2025-09-15,2025-09-14,12,Delivered,Delivered dispatch for SO202606300102 to Bengaluru.
103,DSP202509130103,103,15,2025-09-13,Finished Goods Warehouse - Dispatch Ready Bay,Road,RJ 36 ZI 1473,LR25091300103,Naveen Singh,Blue Dart Cargo,"YC Electric, EV Motor Receiving Dock, Delhi, Delhi",Delhi,Delhi,2025-09-21,2025-09-21,13,Delivered,Delivered dispatch for SO202606300103 to Delhi.
104,DSP202509150104,104,13,2025-09-15,Finished Goods Warehouse - EV Motor Zone,Road,TN 43 AJ 2264,LR25091500104,Ravi Kumar,Mahindra Logistics,"Omega Seiki, EV Motor Receiving Dock, Delhi, Delhi",Delhi,Delhi,2025-09-23,2025-09-24,10,Delivered,Delivered dispatch for SO202606300104 to Delhi.
105,DSP202509170105,105,3,2025-09-17,Finished Goods Warehouse - Premium Motor Aisle,Road,KA 50 BK 3055,LR25091700105,Imran Khan,Gati KWE,"TVS Motor Company, EV Motor Receiving Dock, Hosur, Tamil Nadu",Hosur,Tamil Nadu,2025-09-19,2025-09-18,11,Delivered,Delivered dispatch for SO202606300105 to Hosur.
106,DSP202509180106,106,17,2025-09-18,Finished Goods Warehouse - Export Hold,Road,MH 57 CL 3846,LR25091800106,Prakash Reddy,Rivigo Services,"Altigreen, EV Motor Receiving Dock, Bengaluru, Karnataka",Bengaluru,Karnataka,2025-09-21,2025-09-21,8,Delivered,Delivered dispatch for SO202606300106 to Bengaluru.
107,DSP202509200107,107,5,2025-09-20,Finished Goods Warehouse - Dispatch Ready Bay,Courier,COURIER-00107,LR25092000107,,Safexpress,"Hero MotoCorp, EV Motor Receiving Dock, Neemrana, Rajasthan",Neemrana,Rajasthan,2025-09-28,2025-09-29,1,Delivered,Delivered dispatch for SO202606300107 to Neemrana.
108,DSP202509110108,108,6,2025-09-11,Finished Goods Warehouse - EV Motor Zone,Rail,HR 71 EN 5428,LR25091100108,Dinesh Sharma,Agarwal Packers Logistics,"Greaves Electric Mobility, EV Motor Receiving Dock, Ranipet, Tamil Nadu",Ranipet,Tamil Nadu,2025-09-13,2025-09-12,12,Delivered,Delivered dispatch for SO202606300108 to Ranipet.
109,DSP202509150109,109,7,2025-09-15,Finished Goods Warehouse - Premium Motor Aisle,Road,DL 78 FO 6219,LR25091500109,Kannan M,Om Logistics,"River, EV Motor Receiving Dock, Bengaluru, Karnataka",Bengaluru,Karnataka,2025-09-18,2025-09-18,13,Delivered,Delivered dispatch for SO202606300109 to Bengaluru.
110,DSP202509180110,110,1,2025-09-18,Finished Goods Warehouse - Export Hold,Road,TS 85 GP 7010,LR25091800110,Suresh Kumar,VRL Logistics,"Ather Energy, EV Motor Receiving Dock, Hosur, Tamil Nadu",Hosur,Tamil Nadu,2025-09-20,2025-09-21,10,Delivered,Delivered dispatch for SO202606300110 to Hosur.
111,DSP202509190111,111,3,2025-09-19,Finished Goods Warehouse - Dispatch Ready Bay,Road,RJ 92 HQ 7801,LR25091900111,Manoj Yadav,TCI Freight,"TVS Motor Company, EV Motor Receiving Dock, Hosur, Tamil Nadu",Hosur,Tamil Nadu,2025-09-21,2025-09-20,11,Delivered,Delivered dispatch for SO202606300111 to Hosur.
112,DSP202509200112,112,20,2025-09-20,Finished Goods Warehouse - EV Motor Zone,Road,TN 01 IR 8592,LR25092000112,Arun Prakash,Delhivery Heavy Goods,"Montra Electric, EV Motor Receiving Dock, Chennai, Tamil Nadu",Chennai,Tamil Nadu,2025-09-22,2025-09-22,8,Delivered,Delivered dispatch for SO202606300112 to Chennai.
113,DSP202509220113,113,3,2025-09-22,Finished Goods Warehouse - Premium Motor Aisle,Courier,COURIER-00113,LR25092200113,,Blue Dart Cargo,"TVS Motor Company, EV Motor Receiving Dock, Hosur, Tamil Nadu",Hosur,Tamil Nadu,2025-09-24,2025-09-25,1,Delivered,Delivered dispatch for SO202606300113 to Hosur.
114,DSP202509230114,114,16,2025-09-23,Finished Goods Warehouse - Export Hold,Customer Pickup,PICKUP-00114,CPU000114,Ravi Kumar,Customer Pickup,"Kinetic Green, EV Motor Receiving Dock, Pune, Maharashtra",Pune,Maharashtra,2025-09-28,2025-09-27,12,Delivered,Delivered dispatch for SO202606300114 to Pune.
115,DSP202509250115,115,14,2025-09-25,Finished Goods Warehouse - Dispatch Ready Bay,Road,GJ 22 LU 1965,LR25092500115,Imran Khan,Gati KWE,"Euler Motors, EV Motor Receiving Dock, New Delhi, Delhi",New Delhi,Delhi,2025-10-03,2025-10-03,13,Delivered,Delivered dispatch for SO202606300115 to New Delhi.
116,DSP202509270116,116,2,2025-09-27,Finished Goods Warehouse - EV Motor Zone,Road,HR 29 MV 2756,LR25092700116,Prakash Reddy,Rivigo Services,"Ola Electric, EV Motor Receiving Dock, Krishnagiri, Tamil Nadu",Krishnagiri,Tamil Nadu,2025-09-29,2025-09-30,10,Delivered,Delivered dispatch for SO202606300116 to Krishnagiri.
117,DSP202509280117,117,10,2025-09-28,Finished Goods Warehouse - Premium Motor Aisle,Road,DL 36 NW 3547,LR25092800117,Sanjay Patil,Safexpress,"Ampere Electric, EV Motor Receiving Dock, Coimbatore, Tamil Nadu",Coimbatore,Tamil Nadu,2025-09-30,2025-09-29,11,Delivered,Delivered dispatch for SO202606300117 to Coimbatore.
118,DSP202509290118,118,17,2025-09-29,Finished Goods Warehouse - Export Hold,Road,TS 43 OX 4338,LR25092900118,Dinesh Sharma,Agarwal Packers Logistics,"Altigreen, EV Motor Receiving Dock, Bengaluru, Karnataka",Bengaluru,Karnataka,2025-10-02,2025-10-02,8,Delivered,Delivered dispatch for SO202606300118 to Bengaluru.
119,DSP202510020119,119,7,2025-10-02,Finished Goods Warehouse - Dispatch Ready Bay,Road,RJ 50 PY 5129,LR25100200119,Kannan M,Om Logistics,"River, EV Motor Receiving Dock, Bengaluru, Karnataka",Bengaluru,Karnataka,2025-10-05,2025-10-06,1,Delivered,Delivered dispatch for SO202606300119 to Bengaluru.
120,DSP202509220120,120,9,2025-09-22,Finished Goods Warehouse - EV Motor Zone,Courier,COURIER-00120,LR25092200120,,VRL Logistics,"Simple Energy, EV Motor Receiving Dock, Bengaluru, Karnataka",Bengaluru,Karnataka,2025-09-25,2025-09-24,12,Delivered,Delivered dispatch for SO202606300120 to Bengaluru.
121,DSP202509230121,121,22,2025-09-23,Finished Goods Warehouse - Premium Motor Aisle,Customer Pickup,PICKUP-00121,CPU000121,Manoj Yadav,Customer Pickup,"Switch Mobility, EV Motor Receiving Dock, Chennai, Tamil Nadu",Chennai,Tamil Nadu,2025-09-25,2025-09-25,13,Delivered,Delivered dispatch for SO202606300121 to Chennai.
122,DSP202509250122,122,13,2025-09-25,Finished Goods Warehouse - Export Hold,Road,MH 71 SB 7502,LR25092500122,Arun Prakash,Delhivery Heavy Goods,"Omega Seiki, EV Motor Receiving Dock, Delhi, Delhi",Delhi,Delhi,2025-10-03,2025-10-04,10,Delivered,Delivered dispatch for SO202606300122 to Delhi.
123,DSP202509260123,123,14,2025-09-26,Finished Goods Warehouse - Dispatch Ready Bay,Road,GJ 78 TC 8293,LR25092600123,Naveen Singh,Blue Dart Cargo,"Euler Motors, EV Motor Receiving Dock, New Delhi, Delhi",New Delhi,Delhi,2025-10-04,2025-10-03,11,Delivered,Delivered dispatch for SO202606300123 to New Delhi.
124,DSP202509280124,124,3,2025-09-28,Finished Goods Warehouse - EV Motor Zone,Road,HR 85 UD 9084,LR25092800124,Ravi Kumar,Mahindra Logistics,"TVS Motor Company, EV Motor Receiving Dock, Hosur, Tamil Nadu",Hosur,Tamil Nadu,2025-09-30,2025-09-30,8,Delivered,Delivered dispatch for SO202606300124 to Hosur.
125,DSP202509290125,125,12,2025-09-29,Finished Goods Warehouse - Premium Motor Aisle,Road,DL 92 VE 9875,LR25092900125,Imran Khan,Gati KWE,"Piaggio Vehicles, EV Motor Receiving Dock, Pune, Maharashtra",Pune,Maharashtra,2025-10-04,2025-10-05,1,Delivered,Delivered dispatch for SO202606300125 to Pune.
126,DSP202509300126,126,17,2025-09-30,Finished Goods Warehouse - Export Hold,Road,TS 01 WF 1666,LR25093000126,Prakash Reddy,Rivigo Services,"Altigreen, EV Motor Receiving Dock, Bengaluru, Karnataka",Bengaluru,Karnataka,2025-10-03,2025-10-02,12,Delivered,Delivered dispatch for SO202606300126 to Bengaluru.
127,DSP202510020127,127,13,2025-10-02,Finished Goods Warehouse - Dispatch Ready Bay,Courier,COURIER-00127,LR25100200127,,Safexpress,"Omega Seiki, EV Motor Receiving Dock, Delhi, Delhi",Delhi,Delhi,2025-10-10,2025-10-10,13,Delivered,Delivered dispatch for SO202606300127 to Delhi.
128,DSP202510030128,128,25,2025-10-03,Finished Goods Warehouse - EV Motor Zone,Customer Pickup,PICKUP-00128,CPU000128,Dinesh Sharma,Customer Pickup,"Siemens India, EV Motor Receiving Dock, Chennai, Tamil Nadu",Chennai,Tamil Nadu,2025-10-05,2025-10-06,10,Delivered,Delivered dispatch for SO202606300128 to Chennai.
129,DSP202510060129,129,4,2025-10-06,Finished Goods Warehouse - Premium Motor Aisle,Road,KA 22 ZI 4039,LR25100600129,Kannan M,Om Logistics,"Bajaj Auto, EV Motor Receiving Dock, Pune, Maharashtra",Pune,Maharashtra,2025-10-11,2025-10-10,11,Delivered,Delivered dispatch for SO202606300129 to Pune.
130,DSP202510090130,130,5,2025-10-09,Finished Goods Warehouse - Export Hold,Road,MH 29 AJ 4830,LR25100900130,Suresh Kumar,VRL Logistics,"Hero MotoCorp, EV Motor Receiving Dock, Neemrana, Rajasthan",Neemrana,Rajasthan,2025-10-17,2025-10-17,8,Delivered,Delivered dispatch for SO202606300130 to Neemrana.
131,DSP202510100131,131,6,2025-10-10,Finished Goods Warehouse - Dispatch Ready Bay,Road,GJ 36 BK 5621,LR25101000131,Manoj Yadav,TCI Freight,"Greaves Electric Mobility, EV Motor Receiving Dock, Ranipet, Tamil Nadu",Ranipet,Tamil Nadu,2025-10-12,2025-10-13,1,Delivered,Delivered dispatch for SO202606300131 to Ranipet.
132,DSP202509300132,132,8,2025-09-30,Finished Goods Warehouse - EV Motor Zone,Road,HR 43 CL 6412,LR25093000132,Arun Prakash,Delhivery Heavy Goods,"Ultraviolette Automotive, EV Motor Receiving Dock, Bengaluru, Karnataka",Bengaluru,Karnataka,2025-10-03,2025-10-02,12,Delivered,Delivered dispatch for SO202606300132 to Bengaluru.
133,DSP202510040133,133,11,2025-10-04,Finished Goods Warehouse - Premium Motor Aisle,Road,DL 50 DM 7203,LR25100400133,Naveen Singh,Blue Dart Cargo,"Mahindra Last Mile Mobility, EV Motor Receiving Dock, Haridwar, Uttarakhand",Haridwar,Uttarakhand,2025-10-13,2025-10-13,13,Delivered,Delivered dispatch for SO202606300133 to Haridwar.
134,DSP202510060134,134,6,2025-10-06,Finished Goods Warehouse - Export Hold,Courier,COURIER-00134,LR25100600134,,Mahindra Logistics,"Greaves Electric Mobility, EV Motor Receiving Dock, Ranipet, Tamil Nadu",Ranipet,Tamil Nadu,2025-10-08,2025-10-09,10,Delivered,Delivered dispatch for SO202606300134 to Ranipet.
135,DSP202510070135,135,14,2025-10-07,Finished Goods Warehouse - Dispatch Ready Bay,Rail,RJ 64 FO 8785,LR25100700135,Imran Khan,Gati KWE,"Euler Motors, EV Motor Receiving Dock, New Delhi, Delhi",New Delhi,Delhi,2025-10-15,2025-10-14,11,Delivered,Delivered dispatch for SO202606300135 to New Delhi.
136,DSP202510080136,136,17,2025-10-08,Finished Goods Warehouse - EV Motor Zone,Road,TN 71 GP 9576,LR25100800136,Prakash Reddy,Rivigo Services,"Altigreen, EV Motor Receiving Dock, Bengaluru, Karnataka",Bengaluru,Karnataka,2025-10-11,2025-10-11,8,Delivered,Delivered dispatch for SO202606300136 to Bengaluru.
137,DSP202510100137,137,1,2025-10-10,Finished Goods Warehouse - Premium Motor Aisle,Road,KA 78 HQ 1367,LR25101000137,Sanjay Patil,Safexpress,"Ather Energy, EV Motor Receiving Dock, Hosur, Tamil Nadu",Hosur,Tamil Nadu,2025-10-12,2025-10-13,1,Delivered,Delivered dispatch for SO202606300137 to Hosur.
138,DSP202510110138,138,20,2025-10-11,Finished Goods Warehouse - Export Hold,Road,MH 85 IR 2158,LR25101100138,Dinesh Sharma,Agarwal Packers Logistics,"Montra Electric, EV Motor Receiving Dock, Chennai, Tamil Nadu",Chennai,Tamil Nadu,2025-10-13,2025-10-12,12,Delivered,Delivered dispatch for SO202606300138 to Chennai.
139,DSP202510130139,139,14,2025-10-13,Finished Goods Warehouse - Dispatch Ready Bay,Road,GJ 92 JS 2949,LR25101300139,Kannan M,Om Logistics,"Euler Motors, EV Motor Receiving Dock, New Delhi, Delhi",New Delhi,Delhi,2025-10-21,2025-10-21,13,Delivered,Delivered dispatch for SO202606300139 to New Delhi.
140,DSP202510140140,140,17,2025-10-14,Finished Goods Warehouse - EV Motor Zone,Courier,COURIER-00140,LR25101400140,,VRL Logistics,"Altigreen, EV Motor Receiving Dock, Bengaluru, Karnataka",Bengaluru,Karnataka,2025-10-17,2025-10-18,10,Delivered,Delivered dispatch for SO202606300140 to Bengaluru.
141,DSP202510160141,141,3,2025-10-16,Finished Goods Warehouse - Premium Motor Aisle,Customer Pickup,PICKUP-00141,CPU000141,Manoj Yadav,Customer Pickup,"TVS Motor Company, EV Motor Receiving Dock, Hosur, Tamil Nadu",Hosur,Tamil Nadu,2025-10-18,2025-10-17,11,Delivered,Delivered dispatch for SO202606300141 to Hosur.
142,DSP202510170142,142,12,2025-10-17,Finished Goods Warehouse - Export Hold,Road,TS 15 MV 5322,LR25101700142,Arun Prakash,Delhivery Heavy Goods,"Piaggio Vehicles, EV Motor Receiving Dock, Pune, Maharashtra",Pune,Maharashtra,2025-10-22,2025-10-22,8,Delivered,Delivered dispatch for SO202606300142 to Pune.
143,DSP202510200143,143,14,2025-10-20,Finished Goods Warehouse - Dispatch Ready Bay,Road,RJ 22 NW 6113,LR25102000143,Naveen Singh,Blue Dart Cargo,"Euler Motors, EV Motor Receiving Dock, New Delhi, Delhi",New Delhi,Delhi,2025-10-28,2025-10-29,1,Delivered,Delivered dispatch for SO202606300143 to New Delhi.
144,DSP202510100144,144,8,2025-10-10,Finished Goods Warehouse - EV Motor Zone,Road,TN 29 OX 6904,LR25101000144,Ravi Kumar,Mahindra Logistics,"Ultraviolette Automotive, EV Motor Receiving Dock, Bengaluru, Karnataka",Bengaluru,Karnataka,2025-10-13,2025-10-12,12,Delivered,Delivered dispatch for SO202606300144 to Bengaluru.
145,DSP202510110145,145,20,2025-10-11,Finished Goods Warehouse - Premium Motor Aisle,Road,KA 36 PY 7695,LR25101100145,Imran Khan,Gati KWE,"Montra Electric, EV Motor Receiving Dock, Chennai, Tamil Nadu",Chennai,Tamil Nadu,2025-10-13,2025-10-13,13,Delivered,Delivered dispatch for SO202606300145 to Chennai.
146,DSP202510160146,146,7,2025-10-16,Finished Goods Warehouse - Export Hold,Road,MH 43 QZ 8486,LR25101600146,Prakash Reddy,Rivigo Services,"River, EV Motor Receiving Dock, Bengaluru, Karnataka",Bengaluru,Karnataka,2025-10-19,2025-10-20,10,Delivered,Delivered dispatch for SO202606300146 to Bengaluru.
147,DSP202510210147,147,6,2025-10-21,Finished Goods Warehouse - Dispatch Ready Bay,Courier,COURIER-00147,LR25102100147,,Safexpress,"Greaves Electric Mobility, EV Motor Receiving Dock, Ranipet, Tamil Nadu",Ranipet,Tamil Nadu,2025-10-23,2025-10-22,11,Delivered,Delivered dispatch for SO202606300147 to Ranipet.
148,DSP202510240148,148,3,2025-10-24,Finished Goods Warehouse - EV Motor Zone,Customer Pickup,PICKUP-00148,CPU000148,Dinesh Sharma,Customer Pickup,"TVS Motor Company, EV Motor Receiving Dock, Hosur, Tamil Nadu",Hosur,Tamil Nadu,2025-10-26,2025-10-26,8,Delivered,Delivered dispatch for SO202606300148 to Hosur.
149,DSP202510260149,149,9,2025-10-26,Finished Goods Warehouse - Premium Motor Aisle,Road,DL 64 TC 1859,LR25102600149,Kannan M,Om Logistics,"Simple Energy, EV Motor Receiving Dock, Bengaluru, Karnataka",Bengaluru,Karnataka,2025-10-29,2025-10-30,1,Delivered,Delivered dispatch for SO202606300149 to Bengaluru.
150,DSP202510290150,150,3,2025-10-29,Finished Goods Warehouse - Export Hold,Road,TS 71 UD 2650,LR25102900150,Suresh Kumar,VRL Logistics,"TVS Motor Company, EV Motor Receiving Dock, Hosur, Tamil Nadu",Hosur,Tamil Nadu,2025-10-31,2025-10-30,12,Delivered,Delivered dispatch for SO202606300150 to Hosur.
151,DSP202510300151,151,8,2025-10-30,Finished Goods Warehouse - Dispatch Ready Bay,Road,RJ 78 VE 3441,LR25103000151,Manoj Yadav,TCI Freight,"Ultraviolette Automotive, EV Motor Receiving Dock, Bengaluru, Karnataka",Bengaluru,Karnataka,2025-11-02,2025-11-02,13,Delivered,Delivered dispatch for SO202606300151 to Bengaluru.
152,DSP202511020152,152,1,2025-11-02,Finished Goods Warehouse - EV Motor Zone,Road,TN 85 WF 4232,LR25110200152,Arun Prakash,Delhivery Heavy Goods,"Ather Energy, EV Motor Receiving Dock, Hosur, Tamil Nadu",Hosur,Tamil Nadu,2025-11-04,2025-11-05,10,Delivered,Delivered dispatch for SO202606300152 to Hosur.
153,DSP202511030153,153,2,2025-11-03,Finished Goods Warehouse - Premium Motor Aisle,Road,KA 92 XG 5023,LR25110300153,Naveen Singh,Blue Dart Cargo,"Ola Electric, EV Motor Receiving Dock, Krishnagiri, Tamil Nadu",Krishnagiri,Tamil Nadu,2025-11-05,2025-11-04,11,Delivered,Delivered dispatch for SO202606300153 to Krishnagiri.
154,DSP202511070154,154,13,2025-11-07,Finished Goods Warehouse - Export Hold,Courier,COURIER-00154,LR25110700154,,Mahindra Logistics,"Omega Seiki, EV Motor Receiving Dock, Delhi, Delhi",Delhi,Delhi,2025-11-15,2025-11-15,8,Delivered,Delivered dispatch for SO202606300154 to Delhi.
155,DSP202511090155,155,2,2025-11-09,Finished Goods Warehouse - Dispatch Ready Bay,Customer Pickup,PICKUP-00155,CPU000155,Imran Khan,Customer Pickup,"Ola Electric, EV Motor Receiving Dock, Krishnagiri, Tamil Nadu",Krishnagiri,Tamil Nadu,2025-11-11,2025-11-12,1,Delivered,Delivered dispatch for SO202606300155 to Krishnagiri.
156,DSP202510300156,156,16,2025-10-30,Finished Goods Warehouse - EV Motor Zone,Road,HR 15 AJ 7396,LR25103000156,Prakash Reddy,Rivigo Services,"Kinetic Green, EV Motor Receiving Dock, Pune, Maharashtra",Pune,Maharashtra,2025-11-04,2025-11-03,12,Delivered,Delivered dispatch for SO202606300156 to Pune.
157,DSP202511020157,157,1,2025-11-02,Finished Goods Warehouse - Premium Motor Aisle,Road,DL 22 BK 8187,LR25110200157,Sanjay Patil,Safexpress,"Ather Energy, EV Motor Receiving Dock, Hosur, Tamil Nadu",Hosur,Tamil Nadu,2025-11-04,2025-11-04,13,Delivered,Delivered dispatch for SO202606300157 to Hosur.
158,DSP202511030158,158,4,2025-11-03,Finished Goods Warehouse - Export Hold,Road,TS 29 CL 8978,LR25110300158,Dinesh Sharma,Agarwal Packers Logistics,"Bajaj Auto, EV Motor Receiving Dock, Pune, Maharashtra",Pune,Maharashtra,2025-11-08,2025-11-09,10,Delivered,Delivered dispatch for SO202606300158 to Pune.
159,DSP202511040159,159,8,2025-11-04,Finished Goods Warehouse - Dispatch Ready Bay,Road,RJ 36 DM 9769,LR25110400159,Kannan M,Om Logistics,"Ultraviolette Automotive, EV Motor Receiving Dock, Bengaluru, Karnataka",Bengaluru,Karnataka,2025-11-07,2025-11-06,11,Delivered,Delivered dispatch for SO202606300159 to Bengaluru.
160,DSP202511050160,160,10,2025-11-05,Finished Goods Warehouse - EV Motor Zone,Road,TN 43 EN 1560,LR25110500160,Suresh Kumar,VRL Logistics,"Ampere Electric, EV Motor Receiving Dock, Coimbatore, Tamil Nadu",Coimbatore,Tamil Nadu,2025-11-07,2025-11-07,8,Delivered,Delivered dispatch for SO202606300160 to Coimbatore.
161,DSP202511080161,161,11,2025-11-08,Finished Goods Warehouse - Premium Motor Aisle,Courier,COURIER-00161,LR25110800161,,TCI Freight,"Mahindra Last Mile Mobility, EV Motor Receiving Dock, Haridwar, Uttarakhand",Haridwar,Uttarakhand,2025-11-17,2025-11-18,1,Delivered,Delivered dispatch for SO202606300161 to Haridwar.
162,DSP202511100162,162,15,2025-11-10,Finished Goods Warehouse - Export Hold,Rail,MH 57 GP 3142,LR25111000162,Arun Prakash,Delhivery Heavy Goods,"YC Electric, EV Motor Receiving Dock, Delhi, Delhi",Delhi,Delhi,2025-11-18,2025-11-17,12,Delivered,Delivered dispatch for SO202606300162 to Delhi.
163,DSP202511120163,163,3,2025-11-12,Finished Goods Warehouse - Dispatch Ready Bay,Road,GJ 64 HQ 3933,LR25111200163,Naveen Singh,Blue Dart Cargo,"TVS Motor Company, EV Motor Receiving Dock, Hosur, Tamil Nadu",Hosur,Tamil Nadu,2025-11-14,2025-11-14,13,Delivered,Delivered dispatch for SO202606300163 to Hosur.
164,DSP202511130164,164,21,2025-11-13,Finished Goods Warehouse - EV Motor Zone,Road,HR 71 IR 4724,LR25111300164,Ravi Kumar,Mahindra Logistics,"EKA Mobility, EV Motor Receiving Dock, Pune, Maharashtra",Pune,Maharashtra,2025-11-18,2025-11-19,10,Delivered,Delivered dispatch for SO202606300164 to Pune.
165,DSP202511160165,165,3,2025-11-16,Finished Goods Warehouse - Premium Motor Aisle,Road,DL 78 JS 5515,LR25111600165,Imran Khan,Gati KWE,"TVS Motor Company, EV Motor Receiving Dock, Hosur, Tamil Nadu",Hosur,Tamil Nadu,2025-11-18,2025-11-17,11,Delivered,Delivered dispatch for SO202606300165 to Hosur.
166,DSP202511200166,166,5,2025-11-20,Finished Goods Warehouse - Export Hold,Road,TS 85 KT 6306,LR25112000166,Prakash Reddy,Rivigo Services,"Hero MotoCorp, EV Motor Receiving Dock, Neemrana, Rajasthan",Neemrana,Rajasthan,2025-11-28,2025-11-28,8,Delivered,Delivered dispatch for SO202606300166 to Neemrana.
167,DSP202511250167,167,20,2025-11-25,Finished Goods Warehouse - Dispatch Ready Bay,Courier,COURIER-00167,LR25112500167,,Safexpress,"Montra Electric, EV Motor Receiving Dock, Chennai, Tamil Nadu",Chennai,Tamil Nadu,2025-11-27,2025-11-28,1,Delivered,Delivered dispatch for SO202606300167 to Chennai.
168,DSP202511150168,168,9,2025-11-15,Finished Goods Warehouse - EV Motor Zone,Customer Pickup,PICKUP-00168,CPU000168,Dinesh Sharma,Customer Pickup,"Simple Energy, EV Motor Receiving Dock, Bengaluru, Karnataka",Bengaluru,Karnataka,2025-11-18,2025-11-17,12,Delivered,Delivered dispatch for SO202606300168 to Bengaluru.
169,DSP202511170169,169,7,2025-11-17,Finished Goods Warehouse - Premium Motor Aisle,Road,KA 08 NW 8679,LR25111700169,Kannan M,Om Logistics,"River, EV Motor Receiving Dock, Bengaluru, Karnataka",Bengaluru,Karnataka,2025-11-20,2025-11-20,13,Delivered,Delivered dispatch for SO202606300169 to Bengaluru.
170,DSP202511190170,170,1,2025-11-19,Finished Goods Warehouse - Export Hold,Road,MH 15 OX 9470,LR25111900170,Suresh Kumar,VRL Logistics,"Ather Energy, EV Motor Receiving Dock, Hosur, Tamil Nadu",Hosur,Tamil Nadu,2025-11-21,2025-11-22,10,Delivered,Delivered dispatch for SO202606300170 to Hosur.
171,DSP202511200171,171,13,2025-11-20,Finished Goods Warehouse - Dispatch Ready Bay,Road,GJ 22 PY 1261,LR25112000171,Manoj Yadav,TCI Freight,"Omega Seiki, EV Motor Receiving Dock, Delhi, Delhi",Delhi,Delhi,2025-11-28,2025-11-27,11,Delivered,Delivered dispatch for SO202606300171 to Delhi.
172,DSP202511220172,172,7,2025-11-22,Finished Goods Warehouse - EV Motor Zone,Road,HR 29 QZ 2052,LR25112200172,Arun Prakash,Delhivery Heavy Goods,"River, EV Motor Receiving Dock, Bengaluru, Karnataka",Bengaluru,Karnataka,2025-11-25,2025-11-25,8,Delivered,Delivered dispatch for SO202606300172 to Bengaluru.
173,DSP202511260173,173,5,2025-11-26,Finished Goods Warehouse - Premium Motor Aisle,Road,DL 36 RA 2843,LR25112600173,Naveen Singh,Blue Dart Cargo,"Hero MotoCorp, EV Motor Receiving Dock, Neemrana, Rajasthan",Neemrana,Rajasthan,2025-12-04,2025-12-05,1,Delivered,Delivered dispatch for SO202606300173 to Neemrana.
174,DSP202511270174,174,17,2025-11-27,Finished Goods Warehouse - Export Hold,Courier,COURIER-00174,LR25112700174,,Mahindra Logistics,"Altigreen, EV Motor Receiving Dock, Bengaluru, Karnataka",Bengaluru,Karnataka,2025-11-30,2025-11-29,12,Delivered,Delivered dispatch for SO202606300174 to Bengaluru.
175,DSP202511290175,175,5,2025-11-29,Finished Goods Warehouse - Dispatch Ready Bay,Customer Pickup,PICKUP-00175,CPU000175,Imran Khan,Customer Pickup,"Hero MotoCorp, EV Motor Receiving Dock, Neemrana, Rajasthan",Neemrana,Rajasthan,2025-12-07,2025-12-07,13,Delivered,Delivered dispatch for SO202606300175 to Neemrana.
176,DSP202512010176,176,5,2025-12-01,Finished Goods Warehouse - EV Motor Zone,Road,TN 57 UD 5216,LR25120100176,Prakash Reddy,Rivigo Services,"Hero MotoCorp, EV Motor Receiving Dock, Neemrana, Rajasthan",Neemrana,Rajasthan,2025-12-09,,10,In Transit,In Transit dispatch for SO202606300176 to Neemrana.
177,DSP202512040177,177,5,2025-12-04,Finished Goods Warehouse - Premium Motor Aisle,Road,KA 64 VE 6007,LR25120400177,Sanjay Patil,Safexpress,"Hero MotoCorp, EV Motor Receiving Dock, Neemrana, Rajasthan",Neemrana,Rajasthan,2025-12-12,,11,In Transit,In Transit dispatch for SO202606300177 to Neemrana.
178,DSP202512060178,178,17,2025-12-06,Finished Goods Warehouse - Export Hold,Road,MH 71 WF 6798,LR25120600178,Dinesh Sharma,Agarwal Packers Logistics,"Altigreen, EV Motor Receiving Dock, Bengaluru, Karnataka",Bengaluru,Karnataka,2025-12-09,,8,In Transit,In Transit dispatch for SO202606300178 to Bengaluru.
179,DSP202512100179,179,2,2025-12-10,Finished Goods Warehouse - Dispatch Ready Bay,Road,GJ 78 XG 7589,LR25121000179,Kannan M,Om Logistics,"Ola Electric, EV Motor Receiving Dock, Krishnagiri, Tamil Nadu",Krishnagiri,Tamil Nadu,2025-12-12,,1,In Transit,In Transit dispatch for SO202606300179 to Krishnagiri.
180,DSP202511300180,180,2,2025-11-30,Finished Goods Warehouse - EV Motor Zone,Road,HR 85 YH 8380,LR25113000180,Suresh Kumar,VRL Logistics,"Ola Electric, EV Motor Receiving Dock, Krishnagiri, Tamil Nadu",Krishnagiri,Tamil Nadu,2025-12-02,,12,In Transit,In Transit dispatch for SO202606300180 to Krishnagiri.
181,DSP202512010181,181,8,2025-12-01,Finished Goods Warehouse - Premium Motor Aisle,Courier,COURIER-00181,LR25120100181,,TCI Freight,"Ultraviolette Automotive, EV Motor Receiving Dock, Bengaluru, Karnataka",Bengaluru,Karnataka,2025-12-04,,13,In Transit,In Transit dispatch for SO202606300181 to Bengaluru.
182,DSP202512030182,182,9,2025-12-03,Finished Goods Warehouse - Export Hold,Customer Pickup,PICKUP-00182,CPU000182,Arun Prakash,Customer Pickup,"Simple Energy, EV Motor Receiving Dock, Bengaluru, Karnataka",Bengaluru,Karnataka,2025-12-06,,10,In Transit,In Transit dispatch for SO202606300182 to Bengaluru.
183,DSP202512050183,183,14,2025-12-05,Finished Goods Warehouse - Dispatch Ready Bay,Road,RJ 08 BK 1753,LR25120500183,Naveen Singh,Blue Dart Cargo,"Euler Motors, EV Motor Receiving Dock, New Delhi, Delhi",New Delhi,Delhi,2025-12-13,,11,In Transit,In Transit dispatch for SO202606300183 to New Delhi.
184,DSP202512070184,184,10,2025-12-07,Finished Goods Warehouse - EV Motor Zone,Road,TN 15 CL 2544,LR25120700184,Ravi Kumar,Mahindra Logistics,"Ampere Electric, EV Motor Receiving Dock, Coimbatore, Tamil Nadu",Coimbatore,Tamil Nadu,2025-12-09,,8,In Transit,In Transit dispatch for SO202606300184 to Coimbatore.
185,DSP202512100185,185,7,2025-12-10,Finished Goods Warehouse - Premium Motor Aisle,Road,KA 22 DM 3335,LR25121000185,Imran Khan,Gati KWE,"River, EV Motor Receiving Dock, Bengaluru, Karnataka",Bengaluru,Karnataka,2025-12-13,,1,In Transit,In Transit dispatch for SO202606300185 to Bengaluru.
186,DSP202512140186,188,17,2025-12-14,Finished Goods Warehouse - Export Hold,Road,MH 29 EN 4126,LR25121400186,Prakash Reddy,Rivigo Services,"Altigreen, EV Motor Receiving Dock, Bengaluru, Karnataka",Bengaluru,Karnataka,2025-12-17,,12,In Transit,In Transit dispatch for SO202606300188 to Bengaluru.
187,DSP202512170187,189,20,2025-12-17,Finished Goods Warehouse - Dispatch Ready Bay,Road,GJ 36 FO 4917,LR25121700187,Sanjay Patil,Safexpress,"Montra Electric, EV Motor Receiving Dock, Chennai, Tamil Nadu",Chennai,Tamil Nadu,2025-12-19,,13,In Transit,In Transit dispatch for SO202606300189 to Chennai.
188,DSP202512220188,194,20,2025-12-22,Finished Goods Warehouse - EV Motor Zone,Courier,COURIER-00188,LR25122200188,,Agarwal Packers Logistics,"Montra Electric, EV Motor Receiving Dock, Chennai, Tamil Nadu",Chennai,Tamil Nadu,2025-12-24,,10,In Transit,In Transit dispatch for SO202606300194 to Chennai.
189,DSP202512260189,196,11,2025-12-26,Finished Goods Warehouse - Premium Motor Aisle,Rail,DL 50 HQ 6499,LR25122600189,Kannan M,Om Logistics,"Mahindra Last Mile Mobility, EV Motor Receiving Dock, Haridwar, Uttarakhand",Haridwar,Uttarakhand,2026-01-04,,11,In Transit,In Transit dispatch for SO202606300196 to Haridwar.
190,DSP202512270190,197,12,2025-12-27,Finished Goods Warehouse - Export Hold,Road,TS 57 IR 7290,LR25122700190,Suresh Kumar,VRL Logistics,"Piaggio Vehicles, EV Motor Receiving Dock, Pune, Maharashtra",Pune,Maharashtra,2026-01-01,,8,In Transit,In Transit dispatch for SO202606300197 to Pune.
191,DSP202512290191,198,11,2025-12-29,Finished Goods Warehouse - Dispatch Ready Bay,Road,RJ 64 JS 8081,LR25122900191,Manoj Yadav,TCI Freight,"Mahindra Last Mile Mobility, EV Motor Receiving Dock, Haridwar, Uttarakhand",Haridwar,Uttarakhand,2026-01-07,,1,In Transit,In Transit dispatch for SO202606300198 to Haridwar.
192,DSP202512200192,202,11,2025-12-20,Finished Goods Warehouse - EV Motor Zone,Road,TN 71 KT 8872,LR25122000192,Arun Prakash,Delhivery Heavy Goods,"Mahindra Last Mile Mobility, EV Motor Receiving Dock, Haridwar, Uttarakhand",Haridwar,Uttarakhand,2025-12-29,,12,In Transit,In Transit dispatch for SO202606300202 to Haridwar.
193,DSP202512210193,203,20,2025-12-21,Finished Goods Warehouse - Premium Motor Aisle,Road,KA 78 LU 9663,LR25122100193,Naveen Singh,Blue Dart Cargo,"Montra Electric, EV Motor Receiving Dock, Chennai, Tamil Nadu",Chennai,Tamil Nadu,2025-12-23,,13,In Transit,In Transit dispatch for SO202606300203 to Chennai.
194,DSP202512230194,205,15,2025-12-23,Finished Goods Warehouse - Export Hold,Courier,COURIER-00194,LR25122300194,,Mahindra Logistics,"YC Electric, EV Motor Receiving Dock, Delhi, Delhi",Delhi,Delhi,2025-12-31,,10,In Transit,In Transit dispatch for SO202606300205 to Delhi.
195,DSP202512310195,208,17,2025-12-31,Finished Goods Warehouse - Dispatch Ready Bay,Customer Pickup,PICKUP-00195,CPU000195,Imran Khan,Customer Pickup,"Altigreen, EV Motor Receiving Dock, Bengaluru, Karnataka",Bengaluru,Karnataka,2026-01-03,,11,In Transit,In Transit dispatch for SO202606300208 to Bengaluru.
196,DSP202601010196,209,22,2026-01-01,Finished Goods Warehouse - EV Motor Zone,Road,HR 01 OX 3036,LR26010100196,Prakash Reddy,Rivigo Services,"Switch Mobility, EV Motor Receiving Dock, Chennai, Tamil Nadu",Chennai,Tamil Nadu,2026-01-03,,8,In Transit,In Transit dispatch for SO202606300209 to Chennai.
197,DSP202601030197,210,11,2026-01-03,Finished Goods Warehouse - Premium Motor Aisle,Road,DL 08 PY 3827,LR26010300197,Sanjay Patil,Safexpress,"Mahindra Last Mile Mobility, EV Motor Receiving Dock, Haridwar, Uttarakhand",Haridwar,Uttarakhand,2026-01-12,,1,In Transit,In Transit dispatch for SO202606300210 to Haridwar.
198,DSP202601040198,211,15,2026-01-04,Finished Goods Warehouse - Export Hold,Road,TS 15 QZ 4618,LR26010400198,Dinesh Sharma,Agarwal Packers Logistics,"YC Electric, EV Motor Receiving Dock, Delhi, Delhi",Delhi,Delhi,2026-01-12,,12,In Transit,In Transit dispatch for SO202606300211 to Delhi.
199,DSP202601070199,213,19,2026-01-07,Finished Goods Warehouse - Dispatch Ready Bay,Road,RJ 22 RA 5409,LR26010700199,Kannan M,Om Logistics,"Tata Motors, EV Motor Receiving Dock, Pune, Maharashtra",Pune,Maharashtra,2026-01-12,,13,In Transit,In Transit dispatch for SO202606300213 to Pune.
200,DSP202601110200,216,17,2026-01-11,Finished Goods Warehouse - EV Motor Zone,Road,TN 29 SB 6200,LR26011100200,Suresh Kumar,VRL Logistics,"Altigreen, EV Motor Receiving Dock, Bengaluru, Karnataka",Bengaluru,Karnataka,2026-01-14,,10,In Transit,In Transit dispatch for SO202606300216 to Bengaluru.
201,DSP202601140201,217,20,2026-01-14,Finished Goods Warehouse - Premium Motor Aisle,Courier,COURIER-00201,LR26011400201,,TCI Freight,"Montra Electric, EV Motor Receiving Dock, Chennai, Tamil Nadu",Chennai,Tamil Nadu,2026-01-16,,11,In Transit,In Transit dispatch for SO202606300217 to Chennai.
202,DSP202601160202,218,16,2026-01-16,Finished Goods Warehouse - Export Hold,Customer Pickup,PICKUP-00202,CPU000202,Arun Prakash,Customer Pickup,"Kinetic Green, EV Motor Receiving Dock, Pune, Maharashtra",Pune,Maharashtra,2026-01-21,,8,In Transit,In Transit dispatch for SO202606300218 to Pune.
203,DSP202601190203,220,15,2026-01-19,Finished Goods Warehouse - Dispatch Ready Bay,Road,GJ 50 VE 8573,LR26011900203,Naveen Singh,Blue Dart Cargo,"YC Electric, EV Motor Receiving Dock, Delhi, Delhi",Delhi,Delhi,2026-01-27,,1,In Transit,In Transit dispatch for SO202606300220 to Delhi.
204,DSP202601080204,221,17,2026-01-08,Finished Goods Warehouse - EV Motor Zone,Road,HR 57 WF 9364,LR26010800204,Ravi Kumar,Mahindra Logistics,"Altigreen, EV Motor Receiving Dock, Bengaluru, Karnataka",Bengaluru,Karnataka,2026-01-11,,12,In Transit,In Transit dispatch for SO202606300221 to Bengaluru.
205,DSP202601090205,222,21,2026-01-09,Finished Goods Warehouse - Premium Motor Aisle,Road,DL 64 XG 1155,LR26010900205,Imran Khan,Gati KWE,"EKA Mobility, EV Motor Receiving Dock, Pune, Maharashtra",Pune,Maharashtra,2026-01-14,,13,In Transit,In Transit dispatch for SO202606300222 to Pune.
206,DSP202601170206,225,21,2026-01-17,Finished Goods Warehouse - Export Hold,Road,TS 71 YH 1946,LR26011700206,Prakash Reddy,Rivigo Services,"EKA Mobility, EV Motor Receiving Dock, Pune, Maharashtra",Pune,Maharashtra,2026-01-22,,10,In Transit,In Transit dispatch for SO202606300225 to Pune.
207,DSP202601240207,229,18,2026-01-24,Finished Goods Warehouse - Dispatch Ready Bay,Road,RJ 78 ZI 2737,LR26012400207,Sanjay Patil,Safexpress,"Ashok Leyland, EV Motor Receiving Dock, Chennai, Tamil Nadu",Chennai,Tamil Nadu,2026-01-26,,11,In Transit,In Transit dispatch for SO202606300229 to Chennai.
208,DSP202601260208,231,15,2026-01-26,Finished Goods Warehouse - EV Motor Zone,Courier,COURIER-00208,LR26012600208,,Agarwal Packers Logistics,"YC Electric, EV Motor Receiving Dock, Delhi, Delhi",Delhi,Delhi,2026-02-03,,8,In Transit,In Transit dispatch for SO202606300231 to Delhi.
209,DSP202601280209,232,13,2026-01-28,Finished Goods Warehouse - Premium Motor Aisle,Customer Pickup,PICKUP-00209,CPU000209,Kannan M,Customer Pickup,"Omega Seiki, EV Motor Receiving Dock, Delhi, Delhi",Delhi,Delhi,2026-02-05,,1,In Transit,In Transit dispatch for SO202606300232 to Delhi.
210,DSP202602020210,239,22,2026-02-02,Finished Goods Warehouse - Export Hold,Road,MH 01 CL 5110,LR26020200210,Suresh Kumar,VRL Logistics,"Switch Mobility, EV Motor Receiving Dock, Chennai, Tamil Nadu",Chennai,Tamil Nadu,2026-02-04,,12,In Transit,In Transit dispatch for SO202606300239 to Chennai.
211,DSP202602040211,240,13,2026-02-04,Finished Goods Warehouse - Dispatch Ready Bay,Road,GJ 08 DM 5901,LR26020400211,Manoj Yadav,TCI Freight,"Omega Seiki, EV Motor Receiving Dock, Delhi, Delhi",Delhi,Delhi,2026-02-12,,13,In Transit,In Transit dispatch for SO202606300240 to Delhi.
212,DSP202602060212,241,23,2026-02-06,Finished Goods Warehouse - EV Motor Zone,Road,HR 15 EN 6692,LR26020600212,Arun Prakash,Delhivery Heavy Goods,"Larsen & Toubro, EV Motor Receiving Dock, Chennai, Tamil Nadu",Chennai,Tamil Nadu,2026-02-08,,10,In Transit,In Transit dispatch for SO202606300241 to Chennai.
213,DSP202602080213,242,25,2026-02-08,Finished Goods Warehouse - Premium Motor Aisle,Road,DL 22 FO 7483,LR26020800213,Naveen Singh,Blue Dart Cargo,"Siemens India, EV Motor Receiving Dock, Chennai, Tamil Nadu",Chennai,Tamil Nadu,2026-02-10,,11,In Transit,In Transit dispatch for SO202606300242 to Chennai.
214,DSP202602100214,246,17,2026-02-10,Finished Goods Warehouse - Export Hold,Road,TS 29 GP 8274,LR26021000214,Ravi Kumar,Mahindra Logistics,"Altigreen, EV Motor Receiving Dock, Bengaluru, Karnataka",Bengaluru,Karnataka,2026-02-13,,8,In Transit,In Transit dispatch for SO202606300246 to Bengaluru.
215,DSP202602150215,250,13,2026-02-15,Finished Goods Warehouse - Dispatch Ready Bay,Courier,COURIER-00215,LR26021500215,,Gati KWE,"Omega Seiki, EV Motor Receiving Dock, Delhi, Delhi",Delhi,Delhi,2026-02-23,,1,In Transit,In Transit dispatch for SO202606300250 to Delhi.
216,DSP202602050216,252,14,2026-02-05,Finished Goods Warehouse - EV Motor Zone,Rail,TN 43 IR 9856,LR26020500216,Prakash Reddy,Rivigo Services,"Euler Motors, EV Motor Receiving Dock, New Delhi, Delhi",New Delhi,Delhi,2026-02-13,,12,In Transit,In Transit dispatch for SO202606300252 to New Delhi.
217,DSP202602090217,255,20,2026-02-09,Finished Goods Warehouse - Premium Motor Aisle,Road,KA 50 JS 1647,LR26020900217,Sanjay Patil,Safexpress,"Montra Electric, EV Motor Receiving Dock, Chennai, Tamil Nadu",Chennai,Tamil Nadu,2026-02-11,,13,In Transit,In Transit dispatch for SO202606300255 to Chennai.
218,DSP202602120218,257,12,2026-02-12,Finished Goods Warehouse - Export Hold,Road,MH 57 KT 2438,LR26021200218,Dinesh Sharma,Agarwal Packers Logistics,"Piaggio Vehicles, EV Motor Receiving Dock, Pune, Maharashtra",Pune,Maharashtra,2026-02-17,,10,In Transit,In Transit dispatch for SO202606300257 to Pune.
219,DSP202602150219,260,12,2026-02-15,Finished Goods Warehouse - Dispatch Ready Bay,Road,GJ 64 LU 3229,LR26021500219,Kannan M,Om Logistics,"Piaggio Vehicles, EV Motor Receiving Dock, Pune, Maharashtra",Pune,Maharashtra,2026-02-20,,11,In Transit,In Transit dispatch for SO202606300260 to Pune.
220,DSP202602170220,261,12,2026-02-17,Finished Goods Warehouse - EV Motor Zone,Road,HR 71 MV 4020,LR26021700220,Suresh Kumar,VRL Logistics,"Piaggio Vehicles, EV Motor Receiving Dock, Pune, Maharashtra",Pune,Maharashtra,2026-02-22,,8,In Transit,In Transit dispatch for SO202606300261 to Pune.
221,DSP202602260221,268,16,2026-02-26,Finished Goods Warehouse - Premium Motor Aisle,Courier,COURIER-00221,LR26022600221,,TCI Freight,"Kinetic Green, EV Motor Receiving Dock, Pune, Maharashtra",Pune,Maharashtra,2026-03-03,,1,In Transit,In Transit dispatch for SO202606300268 to Pune.
222,DSP202602270222,269,24,2026-02-27,Finished Goods Warehouse - Export Hold,Customer Pickup,PICKUP-00222,CPU000222,Arun Prakash,Customer Pickup,"ABB India, EV Motor Receiving Dock, Bengaluru, Karnataka",Bengaluru,Karnataka,2026-03-02,,12,In Transit,In Transit dispatch for SO202606300269 to Bengaluru.
223,DSP202603060223,273,16,2026-03-06,Finished Goods Warehouse - Dispatch Ready Bay,Road,RJ 92 PY 6393,LR26030600223,Naveen Singh,Blue Dart Cargo,"Kinetic Green, EV Motor Receiving Dock, Pune, Maharashtra",Pune,Maharashtra,2026-03-11,,13,In Transit,In Transit dispatch for SO202606300273 to Pune.
224,DSP202603090224,275,14,2026-03-09,Finished Goods Warehouse - EV Motor Zone,Road,TN 01 QZ 7184,LR26030900224,Ravi Kumar,Mahindra Logistics,"Euler Motors, EV Motor Receiving Dock, New Delhi, Delhi",New Delhi,Delhi,2026-03-17,,10,In Transit,In Transit dispatch for SO202606300275 to New Delhi.
225,DSP202603150225,278,16,2026-03-15,Finished Goods Warehouse - Premium Motor Aisle,Road,KA 08 RA 7975,LR26031500225,Imran Khan,Gati KWE,"Kinetic Green, EV Motor Receiving Dock, Pune, Maharashtra",Pune,Maharashtra,2026-03-20,,11,In Transit,In Transit dispatch for SO202606300278 to Pune.
226,DSP202603210226,282,16,2026-03-21,Finished Goods Warehouse - Export Hold,Road,MH 15 SB 8766,LR26032100226,Prakash Reddy,Rivigo Services,"Kinetic Green, EV Motor Receiving Dock, Pune, Maharashtra",Pune,Maharashtra,2026-03-26,2026-03-27,8,Partially Delivered,Partially Delivered dispatch for SO202606300282 to Pune.
227,DSP202603240227,285,17,2026-03-24,Finished Goods Warehouse - Dispatch Ready Bay,Road,GJ 22 TC 9557,LR26032400227,Sanjay Patil,Safexpress,"Altigreen, EV Motor Receiving Dock, Bengaluru, Karnataka",Bengaluru,Karnataka,2026-03-27,2026-03-28,1,Partially Delivered,Partially Delivered dispatch for SO202606300285 to Bengaluru.
228,DSP202603160228,287,24,2026-03-16,Finished Goods Warehouse - EV Motor Zone,Courier,COURIER-00228,LR26031600228,,Agarwal Packers Logistics,"ABB India, EV Motor Receiving Dock, Bengaluru, Karnataka",Bengaluru,Karnataka,2026-03-19,2026-03-20,12,Partially Delivered,Partially Delivered dispatch for SO202606300287 to Bengaluru.
229,DSP202603170229,288,25,2026-03-17,Finished Goods Warehouse - Premium Motor Aisle,Customer Pickup,PICKUP-00229,CPU000229,Kannan M,Customer Pickup,"Siemens India, EV Motor Receiving Dock, Chennai, Tamil Nadu",Chennai,Tamil Nadu,2026-03-19,2026-03-20,13,Partially Delivered,Partially Delivered dispatch for SO202606300288 to Chennai.
230,DSP202603210230,291,16,2026-03-21,Finished Goods Warehouse - Export Hold,Road,TS 43 WF 2930,LR26032100230,Suresh Kumar,VRL Logistics,"Kinetic Green, EV Motor Receiving Dock, Pune, Maharashtra",Pune,Maharashtra,2026-03-26,2026-03-27,10,Partially Delivered,Partially Delivered dispatch for SO202606300291 to Pune.
231,DSP202603240231,292,16,2026-03-24,Finished Goods Warehouse - Dispatch Ready Bay,Road,RJ 50 XG 3721,LR26032400231,Manoj Yadav,TCI Freight,"Kinetic Green, EV Motor Receiving Dock, Pune, Maharashtra",Pune,Maharashtra,2026-03-29,2026-03-30,11,Partially Delivered,Partially Delivered dispatch for SO202606300292 to Pune.
232,DSP202603300232,297,21,2026-03-30,Finished Goods Warehouse - EV Motor Zone,Road,TN 57 YH 4512,LR26033000232,Arun Prakash,Delhivery Heavy Goods,"EKA Mobility, EV Motor Receiving Dock, Pune, Maharashtra",Pune,Maharashtra,2026-04-04,2026-04-05,8,Partially Delivered,Partially Delivered dispatch for SO202606300297 to Pune.
233,DSP202604060233,300,13,2026-04-06,Finished Goods Warehouse - Premium Motor Aisle,Road,KA 64 ZI 5303,LR26040600233,Naveen Singh,Blue Dart Cargo,"Omega Seiki, EV Motor Receiving Dock, Delhi, Delhi",Delhi,Delhi,2026-04-14,2026-04-15,1,Partially Delivered,Partially Delivered dispatch for SO202606300300 to Delhi.
234,DSP202504090234,1,11,2025-04-09,Finished Goods Warehouse - Export Hold,Road,MH 71 AJ 6094,LR25040900234,Ravi Kumar,Mahindra Logistics,"Mahindra Last Mile Mobility, EV Motor Receiving Dock, Haridwar, Uttarakhand",Haridwar,Uttarakhand,2025-04-18,2025-04-19,12,Partially Delivered,Partially Delivered dispatch for SO202606300001 to Haridwar.
235,DSP202505180235,3,19,2025-05-18,Finished Goods Warehouse - Dispatch Ready Bay,Courier,COURIER-00235,LR25051800235,,Gati KWE,"Tata Motors, EV Motor Receiving Dock, Pune, Maharashtra",Pune,Maharashtra,2025-05-23,2025-05-24,13,Partially Delivered,Partially Delivered dispatch for SO202606300003 to Pune.
236,DSP202504250236,7,16,2025-04-25,Finished Goods Warehouse - EV Motor Zone,Customer Pickup,PICKUP-00236,CPU000236,Prakash Reddy,Customer Pickup,"Kinetic Green, EV Motor Receiving Dock, Pune, Maharashtra",Pune,Maharashtra,2025-04-30,2025-05-01,10,Partially Delivered,Partially Delivered dispatch for SO202606300007 to Pune.
237,DSP202505200237,9,20,2025-05-20,Finished Goods Warehouse - Premium Motor Aisle,Road,DL 92 DM 8467,LR25052000237,Sanjay Patil,Safexpress,"Montra Electric, EV Motor Receiving Dock, Chennai, Tamil Nadu",Chennai,Tamil Nadu,2025-05-22,2025-05-23,11,Partially Delivered,Partially Delivered dispatch for SO202606300009 to Chennai.
238,DSP202505210238,13,21,2025-05-21,Finished Goods Warehouse - Export Hold,Road,TS 01 EN 9258,LR25052100238,Dinesh Sharma,Agarwal Packers Logistics,"EKA Mobility, EV Motor Receiving Dock, Pune, Maharashtra",Pune,Maharashtra,2025-05-26,2025-05-27,8,Partially Delivered,Partially Delivered dispatch for SO202606300013 to Pune.
239,DSP202505200239,17,14,2025-05-20,Finished Goods Warehouse - Dispatch Ready Bay,Road,RJ 08 FO 1049,LR25052000239,Kannan M,Om Logistics,"Euler Motors, EV Motor Receiving Dock, New Delhi, Delhi",New Delhi,Delhi,2025-05-28,2025-05-29,1,Partially Delivered,Partially Delivered dispatch for SO202606300017 to New Delhi.
240,DSP202505110240,22,11,2025-05-11,Finished Goods Warehouse - EV Motor Zone,Road,TN 15 GP 1840,LR25051100240,Suresh Kumar,VRL Logistics,"Mahindra Last Mile Mobility, EV Motor Receiving Dock, Haridwar, Uttarakhand",Haridwar,Uttarakhand,2025-05-20,2025-05-21,12,Partially Delivered,Partially Delivered dispatch for SO202606300022 to Haridwar.
241,DSP202505230241,26,16,2025-05-23,Finished Goods Warehouse - Premium Motor Aisle,Road,KA 22 HQ 2631,LR25052300241,Manoj Yadav,TCI Freight,"Kinetic Green, EV Motor Receiving Dock, Pune, Maharashtra",Pune,Maharashtra,2025-05-28,2025-05-29,13,Partially Delivered,Partially Delivered dispatch for SO202606300026 to Pune.
242,DSP202506090242,35,20,2025-06-09,Finished Goods Warehouse - Export Hold,Courier,COURIER-00242,LR25060900242,,Delhivery Heavy Goods,"Montra Electric, EV Motor Receiving Dock, Chennai, Tamil Nadu",Chennai,Tamil Nadu,2025-06-11,2025-06-12,10,Partially Delivered,Partially Delivered dispatch for SO202606300035 to Chennai.
243,DSP202507020243,44,21,2025-07-02,Finished Goods Warehouse - Dispatch Ready Bay,Rail,GJ 36 JS 4213,LR25070200243,Naveen Singh,Blue Dart Cargo,"EKA Mobility, EV Motor Receiving Dock, Pune, Maharashtra",Pune,Maharashtra,2025-07-07,,11,Cancelled,Cancelled dispatch for SO202606300044 to Pune.
244,DSP202507300244,60,20,2025-07-30,Finished Goods Warehouse - EV Motor Zone,Road,HR 43 KT 5004,LR25073000244,Ravi Kumar,Mahindra Logistics,"Montra Electric, EV Motor Receiving Dock, Chennai, Tamil Nadu",Chennai,Tamil Nadu,2025-08-01,,8,Cancelled,Cancelled dispatch for SO202606300060 to Chennai.
245,DSP202508080245,71,19,2025-08-08,Finished Goods Warehouse - Premium Motor Aisle,Road,DL 50 LU 5795,LR25080800245,Imran Khan,Gati KWE,"Tata Motors, EV Motor Receiving Dock, Pune, Maharashtra",Pune,Maharashtra,2025-08-13,,1,Cancelled,Cancelled dispatch for SO202606300071 to Pune.
246,DSP202508100246,74,21,2025-08-10,Finished Goods Warehouse - Export Hold,Road,TS 57 MV 6586,LR25081000246,Prakash Reddy,Rivigo Services,"EKA Mobility, EV Motor Receiving Dock, Pune, Maharashtra",Pune,Maharashtra,2025-08-15,,12,Cancelled,Cancelled dispatch for SO202606300074 to Pune.
247,DSP202508110247,75,22,2025-08-11,Finished Goods Warehouse - Dispatch Ready Bay,Road,RJ 64 NW 7377,LR25081100247,Sanjay Patil,Safexpress,"Switch Mobility, EV Motor Receiving Dock, Chennai, Tamil Nadu",Chennai,Tamil Nadu,2025-08-13,,13,Cancelled,Cancelled dispatch for SO202606300075 to Chennai.
248,DSP202509010248,93,22,2025-09-01,Finished Goods Warehouse - EV Motor Zone,Courier,COURIER-00248,LR25090100248,,Agarwal Packers Logistics,"Switch Mobility, EV Motor Receiving Dock, Chennai, Tamil Nadu",Chennai,Tamil Nadu,2025-09-03,2025-09-05,10,Returned,Returned dispatch for SO202606300093 to Chennai.
249,DSP202509120249,100,18,2025-09-12,Finished Goods Warehouse - Premium Motor Aisle,Customer Pickup,PICKUP-00249,CPU000249,Kannan M,Customer Pickup,"Ashok Leyland, EV Motor Receiving Dock, Chennai, Tamil Nadu",Chennai,Tamil Nadu,2025-09-14,2025-09-16,11,Returned,Returned dispatch for SO202606300100 to Chennai.
250,DSP202509260250,112,20,2025-09-26,Finished Goods Warehouse - Export Hold,Road,MH 85 QZ 9750,LR25092600250,Suresh Kumar,VRL Logistics,"Montra Electric, EV Motor Receiving Dock, Chennai, Tamil Nadu",Chennai,Tamil Nadu,2025-09-28,2025-09-30,8,Returned,Returned dispatch for SO202606300112 to Chennai.
