mo_id,mo_number,mo_date,requested_by,requested_by_department,from_department_id,to_department_id,approved_by,approved_date,issued_by,issued_date,status,remarks
1,MO202606010001,2026-06-01,4,2,2,3,8,2026-06-01,5,2026-06-01,Received,Type: Stores to Production | Priority: Medium | From: Raw Material Warehouse - Copper Rack A | To: Stator Winding Line 1 | Reason: Issue copper winding wire for stator production batch MO batch 001. | Note: Material received and acknowledged at destination.
2,MO202606020001,2026-06-02,5,1,2,5,1,2026-06-02,3,2026-06-02,Issued,Type: Stores to Maintenance | Priority: High | From: Maintenance Spares Cage | To: Assembly Maintenance Bay | Reason: Transfer bearing puller kit for test bench repair MO batch 002. | Note: Material issued from source area; receipt confirmation pending.
3,MO202606030001,2026-06-03,7,3,3,5,10,2026-06-03,7,2026-06-03,Partially Received,Type: Production to Quality | Priority: Urgent | From: Stator Winding Line 1 | To: Assembly Quality Gate | Reason: Move sample stators for insulation resistance testing MO batch 003. | Note: Partial receipt recorded; balance pending verification.
4,MO202606040001,2026-06-04,10,5,5,6,8,2026-06-04,,,Approved,Type: Production to Finished Goods | Priority: Low | From: Final Assembly Line 1 | To: Finished Goods Warehouse - EV Motor Zone | Reason: Transfer completed traction motors after final torque verification MO batch 004. | Note: Approved and waiting for movement team assignment.
5,MO202606050001,2026-06-05,12,6,6,6,,,,,Pending Approval,Type: Finished Goods to Dispatch | Priority: High | From: Finished Goods Warehouse - EV Motor Zone | To: Dispatch Staging Dock 1 | Reason: Stage motors for OEM dispatch MO batch 005. | Note: Awaiting department approval before material handling.
6,MO202606060001,2026-06-06,10,5,3,4,,,,,Draft,Type: Inter-Department Transfer | Priority: Medium | From: Stator Buffer Area | To: Rotor Assembly Feed Bay | Reason: Transfer matched stator sets for rotor pairing MO batch 006. | Note: Draft prepared for supervisor review.
7,MO202606070001,2026-06-07,13,6,5,2,,,,,Cancelled,Type: Return to Stores | Priority: Medium | From: Assembly Line Surplus Bin | To: Raw Material Warehouse - Copper Rack A | Reason: Return unused copper wire after order closure MO batch 007. | Note: Cancelled due to revised production or dispatch priority.
8,MO202606080001,2026-06-08,11,5,2,3,1,2026-06-08,11,2026-06-08,Received,Type: Stores to Production | Priority: Urgent | From: Raw Material Warehouse - Lamination Bay | To: Core Stacking Line | Reason: Move stator laminations for core stacking schedule MO batch 008. | Note: Material received and acknowledged at destination.
9,MO202606090001,2026-06-09,12,6,2,5,10,2026-06-09,,,Approved,Type: Stores to Maintenance | Priority: Medium | From: Tool Crib - Calibration Shelf | To: Preventive Maintenance Bay | Reason: Move torque tools for scheduled calibration MO batch 009. | Note: Approved and waiting for movement team assignment.
10,MO202606100001,2026-06-10,1,1,3,5,8,2026-06-10,3,2026-06-10,Issued,Type: Production to Quality | Priority: High | From: Core Stacking Line | To: Incoming Quality Bay | Reason: Move core stacks for dimensional inspection MO batch 010. | Note: Material issued from source area; receipt confirmation pending.
11,MO202606110001,2026-06-11,5,1,5,6,1,2026-06-11,7,2026-06-11,Received,Type: Production to Finished Goods | Priority: Urgent | From: Final Assembly Line 2 | To: Finished Goods Warehouse - Premium Motor Aisle | Reason: Move auxiliary motors after QA label application MO batch 011. | Note: Material received and acknowledged at destination.
12,MO202606120001,2026-06-12,7,3,6,6,10,2026-06-12,11,2026-06-12,Issued,Type: Finished Goods to Dispatch | Priority: Low | From: Finished Goods Warehouse - Premium Motor Aisle | To: Dispatch Staging Dock 2 | Reason: Move premium motors for export packing MO batch 012. | Note: Material issued from source area; receipt confirmation pending.
13,MO202606130001,2026-06-13,5,1,3,4,8,2026-06-13,5,2026-06-13,Partially Received,Type: Inter-Department Transfer | Priority: High | From: Winding Line Transfer Rack | To: Rotor Balancing Cell | Reason: Move rework material for balancing support MO batch 013. | Note: Partial receipt recorded; balance pending verification.
14,MO202606140001,2026-06-14,8,4,5,2,1,2026-06-14,,,Approved,Type: Return to Stores | Priority: Medium | From: Winding Line Excess Material Trolley | To: Raw Material Warehouse - Fastener Rack | Reason: Return unused fastener kits after model changeover MO batch 014. | Note: Approved and waiting for movement team assignment.
15,MO202606150001,2026-06-15,6,3,2,3,,,,,Pending Approval,Type: Stores to Production | Priority: Medium | From: Raw Material Warehouse - Magnet Cage | To: Rotor Assembly Line 1 | Reason: Issue magnet sets for rotor build plan MO batch 015. | Note: Awaiting department approval before material handling.
16,MO202606160001,2026-06-16,7,3,2,5,,,,,Draft,Type: Stores to Maintenance | Priority: Urgent | From: Lubricants Store | To: Motor Test Maintenance Bay | Reason: Issue grease cartridges for preventive maintenance MO batch 016. | Note: Draft prepared for supervisor review.
17,MO202606170001,2026-06-17,9,4,3,5,,,,,Cancelled,Type: Production to Quality | Priority: Medium | From: Impregnation Oven Exit Area | To: Quality Inspection Bay 1 | Reason: Move varnished stators for quality release MO batch 017. | Note: Cancelled due to revised production or dispatch priority.
18,MO202606180001,2026-06-18,12,6,5,6,10,2026-06-18,3,2026-06-18,Received,Type: Production to Finished Goods | Priority: High | From: End of Line Test Area | To: Finished Goods Warehouse - Export Hold | Reason: Transfer export motors after packing checklist completion MO batch 018. | Note: Material received and acknowledged at destination.
19,MO202606190001,2026-06-19,1,1,6,6,8,2026-06-19,,,Approved,Type: Finished Goods to Dispatch | Priority: Urgent | From: Finished Goods Warehouse - Export Hold | To: Dispatch Staging Dock 3 | Reason: Transfer export hold motors for container stuffing MO batch 019. | Note: Approved and waiting for movement team assignment.
20,MO202606200001,2026-06-20,12,6,3,4,1,2026-06-20,11,2026-06-20,Issued,Type: Inter-Department Transfer | Priority: Low | From: Core Stacking Output Rack | To: Assembly Supermarket | Reason: Move line support tooling between production areas MO batch 020. | Note: Material issued from source area; receipt confirmation pending.
21,MO202606210001,2026-06-21,3,2,5,2,10,2026-06-21,5,2026-06-21,Received,Type: Return to Stores | Priority: High | From: Core Stacking Excess Rack | To: Raw Material Warehouse - Lamination Bay | Reason: Return excess stator laminations after yield adjustment MO batch 021. | Note: Material received and acknowledged at destination.
22,MO202606220001,2026-06-22,13,6,2,3,8,2026-06-22,3,2026-06-22,Issued,Type: Stores to Production | Priority: Medium | From: Electrical Store - Sleeve Bin | To: Harness Preparation Cell | Reason: Issue insulation sleeves for winding rework batch MO batch 022. | Note: Material issued from source area; receipt confirmation pending.
23,MO202606230001,2026-06-23,1,1,2,5,1,2026-06-23,7,2026-06-23,Partially Received,Type: Stores to Maintenance | Priority: Medium | From: Safety Stock Room | To: Shutdown Maintenance Cage | Reason: Move safety relays for shutdown replacement MO batch 023. | Note: Partial receipt recorded; balance pending verification.
24,MO202606240001,2026-06-24,4,2,3,5,10,2026-06-24,,,Approved,Type: Production to Quality | Priority: Urgent | From: Rotor Assembly Line 2 | To: Quality Hold Area | Reason: Move rotor assemblies for balancing audit MO batch 024. | Note: Approved and waiting for movement team assignment.
25,MO202606250001,2026-06-25,7,3,5,6,,,,,Pending Approval,Type: Production to Finished Goods | Priority: Medium | From: Packing Line - Motor Cell | To: Finished Goods Warehouse - Dispatch Ready Bay | Reason: Move motors after end-of-line test release MO batch 025. | Note: Awaiting department approval before material handling.
26,MO202600000026,2026-06-26,4,2,2,3,8,2026-06-26,5,2026-06-26,Received,Type: Stores to Production | Priority: Medium | From: Raw Material Warehouse - Copper Rack A | To: Stator Winding Line 1 | Reason: Issue copper winding wire for stator production batch MO batch 026. | Note: Material received and acknowledged at destination.
27,MO202600000027,2026-06-27,5,1,2,5,1,2026-06-27,3,2026-06-27,Issued,Type: Stores to Maintenance | Priority: High | From: Maintenance Spares Cage | To: Assembly Maintenance Bay | Reason: Transfer bearing puller kit for test bench repair MO batch 027. | Note: Material issued from source area; receipt confirmation pending.
28,MO202600000028,2026-06-28,7,3,3,5,10,2026-06-28,7,2026-06-28,Partially Received,Type: Production to Quality | Priority: Urgent | From: Stator Winding Line 1 | To: Assembly Quality Gate | Reason: Move sample stators for insulation resistance testing MO batch 028. | Note: Partial receipt recorded; balance pending verification.
29,MO202600000029,2026-06-29,10,5,5,6,8,2026-06-29,,,Approved,Type: Production to Finished Goods | Priority: Low | From: Final Assembly Line 1 | To: Finished Goods Warehouse - EV Motor Zone | Reason: Transfer completed traction motors after final torque verification MO batch 029. | Note: Approved and waiting for movement team assignment.
30,MO202600000030,2026-06-30,12,6,6,6,,,,,Pending Approval,Type: Finished Goods to Dispatch | Priority: High | From: Finished Goods Warehouse - EV Motor Zone | To: Dispatch Staging Dock 1 | Reason: Stage motors for OEM dispatch MO batch 030. | Note: Awaiting department approval before material handling.
31,MO202600000031,2026-07-01,10,5,3,4,,,,,Draft,Type: Inter-Department Transfer | Priority: Medium | From: Stator Buffer Area | To: Rotor Assembly Feed Bay | Reason: Transfer matched stator sets for rotor pairing MO batch 031. | Note: Draft prepared for supervisor review.
32,MO202600000032,2026-07-02,13,6,5,2,,,,,Cancelled,Type: Return to Stores | Priority: Medium | From: Assembly Line Surplus Bin | To: Raw Material Warehouse - Copper Rack A | Reason: Return unused copper wire after order closure MO batch 032. | Note: Cancelled due to revised production or dispatch priority.
33,MO202600000033,2026-07-03,11,5,2,3,1,2026-07-03,11,2026-07-03,Received,Type: Stores to Production | Priority: Urgent | From: Raw Material Warehouse - Lamination Bay | To: Core Stacking Line | Reason: Move stator laminations for core stacking schedule MO batch 033. | Note: Material received and acknowledged at destination.
34,MO202600000034,2026-07-04,12,6,2,5,10,2026-07-04,,,Approved,Type: Stores to Maintenance | Priority: Medium | From: Tool Crib - Calibration Shelf | To: Preventive Maintenance Bay | Reason: Move torque tools for scheduled calibration MO batch 034. | Note: Approved and waiting for movement team assignment.
35,MO202600000035,2026-07-05,1,1,3,5,8,2026-07-05,3,2026-07-05,Issued,Type: Production to Quality | Priority: High | From: Core Stacking Line | To: Incoming Quality Bay | Reason: Move core stacks for dimensional inspection MO batch 035. | Note: Material issued from source area; receipt confirmation pending.
36,MO202600000036,2026-07-06,5,1,5,6,1,2026-07-06,7,2026-07-06,Received,Type: Production to Finished Goods | Priority: Urgent | From: Final Assembly Line 2 | To: Finished Goods Warehouse - Premium Motor Aisle | Reason: Move auxiliary motors after QA label application MO batch 036. | Note: Material received and acknowledged at destination.
37,MO202600000037,2026-07-07,7,3,6,6,10,2026-07-07,11,2026-07-07,Issued,Type: Finished Goods to Dispatch | Priority: Low | From: Finished Goods Warehouse - Premium Motor Aisle | To: Dispatch Staging Dock 2 | Reason: Move premium motors for export packing MO batch 037. | Note: Material issued from source area; receipt confirmation pending.
38,MO202600000038,2026-07-08,5,1,3,4,8,2026-07-08,5,2026-07-08,Partially Received,Type: Inter-Department Transfer | Priority: High | From: Winding Line Transfer Rack | To: Rotor Balancing Cell | Reason: Move rework material for balancing support MO batch 038. | Note: Partial receipt recorded; balance pending verification.
39,MO202600000039,2026-07-09,8,4,5,2,1,2026-07-09,,,Approved,Type: Return to Stores | Priority: Medium | From: Winding Line Excess Material Trolley | To: Raw Material Warehouse - Fastener Rack | Reason: Return unused fastener kits after model changeover MO batch 039. | Note: Approved and waiting for movement team assignment.
40,MO202600000040,2026-07-10,6,3,2,3,,,,,Pending Approval,Type: Stores to Production | Priority: Medium | From: Raw Material Warehouse - Magnet Cage | To: Rotor Assembly Line 1 | Reason: Issue magnet sets for rotor build plan MO batch 040. | Note: Awaiting department approval before material handling.
41,MO202600000041,2026-07-11,7,3,2,5,,,,,Draft,Type: Stores to Maintenance | Priority: Urgent | From: Lubricants Store | To: Motor Test Maintenance Bay | Reason: Issue grease cartridges for preventive maintenance MO batch 041. | Note: Draft prepared for supervisor review.
42,MO202600000042,2026-07-12,9,4,3,5,,,,,Cancelled,Type: Production to Quality | Priority: Medium | From: Impregnation Oven Exit Area | To: Quality Inspection Bay 1 | Reason: Move varnished stators for quality release MO batch 042. | Note: Cancelled due to revised production or dispatch priority.
43,MO202600000043,2026-07-13,12,6,5,6,10,2026-07-13,3,2026-07-13,Received,Type: Production to Finished Goods | Priority: High | From: End of Line Test Area | To: Finished Goods Warehouse - Export Hold | Reason: Transfer export motors after packing checklist completion MO batch 043. | Note: Material received and acknowledged at destination.
44,MO202600000044,2026-07-14,1,1,6,6,8,2026-07-14,,,Approved,Type: Finished Goods to Dispatch | Priority: Urgent | From: Finished Goods Warehouse - Export Hold | To: Dispatch Staging Dock 3 | Reason: Transfer export hold motors for container stuffing MO batch 044. | Note: Approved and waiting for movement team assignment.
45,MO202600000045,2026-07-15,12,6,3,4,1,2026-07-15,11,2026-07-15,Issued,Type: Inter-Department Transfer | Priority: Low | From: Core Stacking Output Rack | To: Assembly Supermarket | Reason: Move line support tooling between production areas MO batch 045. | Note: Material issued from source area; receipt confirmation pending.
46,MO202600000046,2026-07-16,3,2,5,2,10,2026-07-16,5,2026-07-16,Received,Type: Return to Stores | Priority: High | From: Core Stacking Excess Rack | To: Raw Material Warehouse - Lamination Bay | Reason: Return excess stator laminations after yield adjustment MO batch 046. | Note: Material received and acknowledged at destination.
47,MO202600000047,2026-07-17,13,6,2,3,8,2026-07-17,3,2026-07-17,Issued,Type: Stores to Production | Priority: Medium | From: Electrical Store - Sleeve Bin | To: Harness Preparation Cell | Reason: Issue insulation sleeves for winding rework batch MO batch 047. | Note: Material issued from source area; receipt confirmation pending.
48,MO202600000048,2026-07-18,1,1,2,5,1,2026-07-18,7,2026-07-18,Partially Received,Type: Stores to Maintenance | Priority: Medium | From: Safety Stock Room | To: Shutdown Maintenance Cage | Reason: Move safety relays for shutdown replacement MO batch 048. | Note: Partial receipt recorded; balance pending verification.
49,MO202600000049,2026-07-19,4,2,3,5,10,2026-07-19,,,Approved,Type: Production to Quality | Priority: Urgent | From: Rotor Assembly Line 2 | To: Quality Hold Area | Reason: Move rotor assemblies for balancing audit MO batch 049. | Note: Approved and waiting for movement team assignment.
50,MO202600000050,2026-07-20,7,3,5,6,,,,,Pending Approval,Type: Production to Finished Goods | Priority: Medium | From: Packing Line - Motor Cell | To: Finished Goods Warehouse - Dispatch Ready Bay | Reason: Move motors after end-of-line test release MO batch 050. | Note: Awaiting department approval before material handling.
51,MO202600000051,2026-07-21,9,4,6,6,,,,,Draft,Type: Finished Goods to Dispatch | Priority: High | From: Finished Goods Warehouse - Dispatch Ready Bay | To: Export Packing Bay | Reason: Stage motors for customer pickup MO batch 051. | Note: Draft prepared for supervisor review.
52,MO202600000052,2026-07-22,7,3,3,4,,,,,Cancelled,Type: Inter-Department Transfer | Priority: Urgent | From: Rework Cell - Stator Bay | To: Rework Cell - Rotor Balancing | Reason: Transfer buffer material to assembly supermarket MO batch 052. | Note: Cancelled due to revised production or dispatch priority.
53,MO202600000053,2026-07-23,10,5,5,2,8,2026-07-23,11,2026-07-23,Received,Type: Return to Stores | Priority: Low | From: Final Assembly Changeover Trolley | To: Electrical Store - Connector Bin | Reason: Return unused connector sets after harness change MO batch 053. | Note: Material received and acknowledged at destination.
54,MO202600000054,2026-07-24,8,4,2,3,1,2026-07-24,,,Approved,Type: Stores to Production | Priority: High | From: Raw Material Warehouse - Fastener Rack | To: Assembly Line Feed Bay | Reason: Transfer fastener kits for motor assembly plan MO batch 054. | Note: Approved and waiting for movement team assignment.
55,MO202600000055,2026-07-25,9,4,2,5,10,2026-07-25,3,2026-07-25,Issued,Type: Stores to Maintenance | Priority: Medium | From: Electrical Store - Breaker Bin | To: Utility Repair Bench | Reason: Issue contactors for assembly line repair MO batch 055. | Note: Material issued from source area; receipt confirmation pending.
56,MO202600000056,2026-07-26,11,5,3,5,8,2026-07-26,7,2026-07-26,Received,Type: Production to Quality | Priority: Medium | From: Final Test Area | To: NVH Audit Bench | Reason: Move motors for noise and vibration audit MO batch 056. | Note: Material received and acknowledged at destination.
57,MO202600000057,2026-07-27,1,1,5,6,1,2026-07-27,11,2026-07-27,Issued,Type: Production to Finished Goods | Priority: Urgent | From: Quality Release Area | To: Finished Goods Warehouse - Audit Hold Rack | Reason: Move quality-released motors into finished goods storage MO batch 057. | Note: Material issued from source area; receipt confirmation pending.
58,MO202600000058,2026-07-28,4,2,6,6,10,2026-07-28,5,2026-07-28,Partially Received,Type: Finished Goods to Dispatch | Priority: Medium | From: Finished Goods Warehouse - Customer Hold Rack | To: Customer Pickup Bay | Reason: Move dispatch-ready motors for vehicle loading MO batch 058. | Note: Partial receipt recorded; balance pending verification.
59,MO202600000059,2026-07-29,1,1,3,4,8,2026-07-29,,,Approved,Type: Inter-Department Transfer | Priority: High | From: Production Utility Panel Area | To: Line Support Store | Reason: Move tagged assemblies for cross-line recovery MO batch 059. | Note: Approved and waiting for movement team assignment.
60,MO202600000060,2026-07-30,5,1,5,2,,,,,Pending Approval,Type: Return to Stores | Priority: Urgent | From: Maintenance Return Counter | To: Maintenance Spares Cage | Reason: Return serviceable spares after maintenance closure MO batch 060. | Note: Awaiting department approval before material handling.
61,MO202600000061,2026-07-31,3,2,2,3,,,,,Draft,Type: Stores to Production | Priority: Low | From: Raw Material Warehouse - Copper Rack A | To: Stator Winding Line 1 | Reason: Issue copper winding wire for stator production batch MO batch 061. | Note: Draft prepared for supervisor review.
62,MO202600000062,2026-08-01,4,2,2,5,,,,,Cancelled,Type: Stores to Maintenance | Priority: High | From: Maintenance Spares Cage | To: Assembly Maintenance Bay | Reason: Transfer bearing puller kit for test bench repair MO batch 062. | Note: Cancelled due to revised production or dispatch priority.
63,MO202600000063,2026-08-02,6,3,3,5,1,2026-08-02,3,2026-08-02,Received,Type: Production to Quality | Priority: Medium | From: Stator Winding Line 1 | To: Assembly Quality Gate | Reason: Move sample stators for insulation resistance testing MO batch 063. | Note: Material received and acknowledged at destination.
64,MO202600000064,2026-08-03,9,4,5,6,10,2026-08-03,,,Approved,Type: Production to Finished Goods | Priority: Medium | From: Final Assembly Line 1 | To: Finished Goods Warehouse - EV Motor Zone | Reason: Transfer completed traction motors after final torque verification MO batch 064. | Note: Approved and waiting for movement team assignment.
65,MO202600000065,2026-08-04,11,5,6,6,8,2026-08-04,11,2026-08-04,Issued,Type: Finished Goods to Dispatch | Priority: Urgent | From: Finished Goods Warehouse - EV Motor Zone | To: Dispatch Staging Dock 1 | Reason: Stage motors for OEM dispatch MO batch 065. | Note: Material issued from source area; receipt confirmation pending.
66,MO202600000066,2026-08-05,9,4,3,4,1,2026-08-05,5,2026-08-05,Received,Type: Inter-Department Transfer | Priority: Medium | From: Stator Buffer Area | To: Rotor Assembly Feed Bay | Reason: Transfer matched stator sets for rotor pairing MO batch 066. | Note: Material received and acknowledged at destination.
67,MO202600000067,2026-08-06,12,6,5,2,10,2026-08-06,3,2026-08-06,Issued,Type: Return to Stores | Priority: High | From: Assembly Line Surplus Bin | To: Raw Material Warehouse - Copper Rack A | Reason: Return unused copper wire after order closure MO batch 067. | Note: Material issued from source area; receipt confirmation pending.
68,MO202600000068,2026-08-07,10,5,2,3,8,2026-08-07,7,2026-08-07,Partially Received,Type: Stores to Production | Priority: Urgent | From: Raw Material Warehouse - Lamination Bay | To: Core Stacking Line | Reason: Move stator laminations for core stacking schedule MO batch 068. | Note: Partial receipt recorded; balance pending verification.
69,MO202600000069,2026-08-08,11,5,2,5,1,2026-08-08,,,Approved,Type: Stores to Maintenance | Priority: Low | From: Tool Crib - Calibration Shelf | To: Preventive Maintenance Bay | Reason: Move torque tools for scheduled calibration MO batch 069. | Note: Approved and waiting for movement team assignment.
70,MO202600000070,2026-08-09,13,6,3,5,,,,,Pending Approval,Type: Production to Quality | Priority: High | From: Core Stacking Line | To: Incoming Quality Bay | Reason: Move core stacks for dimensional inspection MO batch 070. | Note: Awaiting department approval before material handling.
71,MO202600000071,2026-08-10,4,2,5,6,,,,,Draft,Type: Production to Finished Goods | Priority: Medium | From: Final Assembly Line 2 | To: Finished Goods Warehouse - Premium Motor Aisle | Reason: Move auxiliary motors after QA label application MO batch 071. | Note: Draft prepared for supervisor review.
72,MO202600000072,2026-08-11,6,3,6,6,,,,,Cancelled,Type: Finished Goods to Dispatch | Priority: Medium | From: Finished Goods Warehouse - Premium Motor Aisle | To: Dispatch Staging Dock 2 | Reason: Move premium motors for export packing MO batch 072. | Note: Cancelled due to revised production or dispatch priority.
73,MO202600000073,2026-08-12,4,2,3,4,10,2026-08-12,11,2026-08-12,Received,Type: Inter-Department Transfer | Priority: Urgent | From: Winding Line Transfer Rack | To: Rotor Balancing Cell | Reason: Move rework material for balancing support MO batch 073. | Note: Material received and acknowledged at destination.
74,MO202600000074,2026-08-13,7,3,5,2,8,2026-08-13,,,Approved,Type: Return to Stores | Priority: Medium | From: Winding Line Excess Material Trolley | To: Raw Material Warehouse - Fastener Rack | Reason: Return unused fastener kits after model changeover MO batch 074. | Note: Approved and waiting for movement team assignment.
75,MO202600000075,2026-08-14,5,1,2,3,1,2026-08-14,3,2026-08-14,Issued,Type: Stores to Production | Priority: High | From: Raw Material Warehouse - Magnet Cage | To: Rotor Assembly Line 1 | Reason: Issue magnet sets for rotor build plan MO batch 075. | Note: Material issued from source area; receipt confirmation pending.
76,MO202600000076,2026-08-15,6,3,2,5,10,2026-08-15,7,2026-08-15,Received,Type: Stores to Maintenance | Priority: Urgent | From: Lubricants Store | To: Motor Test Maintenance Bay | Reason: Issue grease cartridges for preventive maintenance MO batch 076. | Note: Material received and acknowledged at destination.
77,MO202600000077,2026-08-16,8,4,3,5,8,2026-08-16,11,2026-08-16,Issued,Type: Production to Quality | Priority: Low | From: Impregnation Oven Exit Area | To: Quality Inspection Bay 1 | Reason: Move varnished stators for quality release MO batch 077. | Note: Material issued from source area; receipt confirmation pending.
78,MO202600000078,2026-08-17,11,5,5,6,1,2026-08-17,5,2026-08-17,Partially Received,Type: Production to Finished Goods | Priority: High | From: End of Line Test Area | To: Finished Goods Warehouse - Export Hold | Reason: Transfer export motors after packing checklist completion MO batch 078. | Note: Partial receipt recorded; balance pending verification.
79,MO202600000079,2026-08-18,13,6,6,6,10,2026-08-18,,,Approved,Type: Finished Goods to Dispatch | Priority: Medium | From: Finished Goods Warehouse - Export Hold | To: Dispatch Staging Dock 3 | Reason: Transfer export hold motors for container stuffing MO batch 079. | Note: Approved and waiting for movement team assignment.
80,MO202600000080,2026-08-19,11,5,3,4,,,,,Pending Approval,Type: Inter-Department Transfer | Priority: Medium | From: Core Stacking Output Rack | To: Assembly Supermarket | Reason: Move line support tooling between production areas MO batch 080. | Note: Awaiting department approval before material handling.
81,MO202600000081,2026-08-20,1,1,5,2,,,,,Draft,Type: Return to Stores | Priority: Urgent | From: Core Stacking Excess Rack | To: Raw Material Warehouse - Lamination Bay | Reason: Return excess stator laminations after yield adjustment MO batch 081. | Note: Draft prepared for supervisor review.
82,MO202600000082,2026-08-21,12,6,2,3,,,,,Cancelled,Type: Stores to Production | Priority: Medium | From: Electrical Store - Sleeve Bin | To: Harness Preparation Cell | Reason: Issue insulation sleeves for winding rework batch MO batch 082. | Note: Cancelled due to revised production or dispatch priority.
83,MO202600000083,2026-08-22,13,6,2,5,8,2026-08-22,3,2026-08-22,Received,Type: Stores to Maintenance | Priority: High | From: Safety Stock Room | To: Shutdown Maintenance Cage | Reason: Move safety relays for shutdown replacement MO batch 083. | Note: Material received and acknowledged at destination.
84,MO202600000084,2026-08-23,3,2,3,5,1,2026-08-23,,,Approved,Type: Production to Quality | Priority: Urgent | From: Rotor Assembly Line 2 | To: Quality Hold Area | Reason: Move rotor assemblies for balancing audit MO batch 084. | Note: Approved and waiting for movement team assignment.
85,MO202600000085,2026-08-24,6,3,5,6,10,2026-08-24,11,2026-08-24,Issued,Type: Production to Finished Goods | Priority: Low | From: Packing Line - Motor Cell | To: Finished Goods Warehouse - Dispatch Ready Bay | Reason: Move motors after end-of-line test release MO batch 085. | Note: Material issued from source area; receipt confirmation pending.
86,MO202600000086,2026-08-25,8,4,6,6,8,2026-08-25,5,2026-08-25,Received,Type: Finished Goods to Dispatch | Priority: High | From: Finished Goods Warehouse - Dispatch Ready Bay | To: Export Packing Bay | Reason: Stage motors for customer pickup MO batch 086. | Note: Material received and acknowledged at destination.
87,MO202600000087,2026-08-26,6,3,3,4,1,2026-08-26,3,2026-08-26,Issued,Type: Inter-Department Transfer | Priority: Medium | From: Rework Cell - Stator Bay | To: Rework Cell - Rotor Balancing | Reason: Transfer buffer material to assembly supermarket MO batch 087. | Note: Material issued from source area; receipt confirmation pending.
88,MO202600000088,2026-08-27,9,4,5,2,10,2026-08-27,7,2026-08-27,Partially Received,Type: Return to Stores | Priority: Medium | From: Final Assembly Changeover Trolley | To: Electrical Store - Connector Bin | Reason: Return unused connector sets after harness change MO batch 088. | Note: Partial receipt recorded; balance pending verification.
89,MO202600000089,2026-08-28,7,3,2,3,8,2026-08-28,,,Approved,Type: Stores to Production | Priority: Urgent | From: Raw Material Warehouse - Fastener Rack | To: Assembly Line Feed Bay | Reason: Transfer fastener kits for motor assembly plan MO batch 089. | Note: Approved and waiting for movement team assignment.
90,MO202600000090,2026-08-29,8,4,2,5,,,,,Pending Approval,Type: Stores to Maintenance | Priority: Medium | From: Electrical Store - Breaker Bin | To: Utility Repair Bench | Reason: Issue contactors for assembly line repair MO batch 090. | Note: Awaiting department approval before material handling.
91,MO202600000091,2026-08-30,10,5,3,5,,,,,Draft,Type: Production to Quality | Priority: High | From: Final Test Area | To: NVH Audit Bench | Reason: Move motors for noise and vibration audit MO batch 091. | Note: Draft prepared for supervisor review.
92,MO202600000092,2026-08-31,13,6,5,6,,,,,Cancelled,Type: Production to Finished Goods | Priority: Urgent | From: Quality Release Area | To: Finished Goods Warehouse - Audit Hold Rack | Reason: Move quality-released motors into finished goods storage MO batch 092. | Note: Cancelled due to revised production or dispatch priority.
93,MO202600000093,2026-09-01,3,2,6,6,1,2026-09-01,11,2026-09-01,Received,Type: Finished Goods to Dispatch | Priority: Low | From: Finished Goods Warehouse - Customer Hold Rack | To: Customer Pickup Bay | Reason: Move dispatch-ready motors for vehicle loading MO batch 093. | Note: Material received and acknowledged at destination.
94,MO202600000094,2026-09-02,13,6,3,4,10,2026-09-02,,,Approved,Type: Inter-Department Transfer | Priority: High | From: Production Utility Panel Area | To: Line Support Store | Reason: Move tagged assemblies for cross-line recovery MO batch 094. | Note: Approved and waiting for movement team assignment.
95,MO202600000095,2026-09-03,4,2,5,2,8,2026-09-03,3,2026-09-03,Issued,Type: Return to Stores | Priority: Medium | From: Maintenance Return Counter | To: Maintenance Spares Cage | Reason: Return serviceable spares after maintenance closure MO batch 095. | Note: Material issued from source area; receipt confirmation pending.
96,MO202600000096,2026-09-04,1,1,2,3,1,2026-09-04,7,2026-09-04,Received,Type: Stores to Production | Priority: Medium | From: Raw Material Warehouse - Copper Rack A | To: Stator Winding Line 1 | Reason: Issue copper winding wire for stator production batch MO batch 096. | Note: Material received and acknowledged at destination.
97,MO202600000097,2026-09-05,3,2,2,5,10,2026-09-05,11,2026-09-05,Issued,Type: Stores to Maintenance | Priority: Urgent | From: Maintenance Spares Cage | To: Assembly Maintenance Bay | Reason: Transfer bearing puller kit for test bench repair MO batch 097. | Note: Material issued from source area; receipt confirmation pending.
98,MO202600000098,2026-09-06,5,1,3,5,8,2026-09-06,5,2026-09-06,Partially Received,Type: Production to Quality | Priority: Medium | From: Stator Winding Line 1 | To: Assembly Quality Gate | Reason: Move sample stators for insulation resistance testing MO batch 098. | Note: Partial receipt recorded; balance pending verification.
99,MO202600000099,2026-09-07,8,4,5,6,1,2026-09-07,,,Approved,Type: Production to Finished Goods | Priority: High | From: Final Assembly Line 1 | To: Finished Goods Warehouse - EV Motor Zone | Reason: Transfer completed traction motors after final torque verification MO batch 099. | Note: Approved and waiting for movement team assignment.
100,MO202600000100,2026-09-08,10,5,6,6,,,,,Pending Approval,Type: Finished Goods to Dispatch | Priority: Urgent | From: Finished Goods Warehouse - EV Motor Zone | To: Dispatch Staging Dock 1 | Reason: Stage motors for OEM dispatch MO batch 100. | Note: Awaiting department approval before material handling.
101,MO202600000101,2026-09-09,8,4,3,4,,,,,Draft,Type: Inter-Department Transfer | Priority: Low | From: Stator Buffer Area | To: Rotor Assembly Feed Bay | Reason: Transfer matched stator sets for rotor pairing MO batch 101. | Note: Draft prepared for supervisor review.
102,MO202600000102,2026-09-10,11,5,5,2,,,,,Cancelled,Type: Return to Stores | Priority: High | From: Assembly Line Surplus Bin | To: Raw Material Warehouse - Copper Rack A | Reason: Return unused copper wire after order closure MO batch 102. | Note: Cancelled due to revised production or dispatch priority.
103,MO202600000103,2026-09-11,9,4,2,3,10,2026-09-11,3,2026-09-11,Received,Type: Stores to Production | Priority: Medium | From: Raw Material Warehouse - Lamination Bay | To: Core Stacking Line | Reason: Move stator laminations for core stacking schedule MO batch 103. | Note: Material received and acknowledged at destination.
104,MO202600000104,2026-09-12,10,5,2,5,8,2026-09-12,,,Approved,Type: Stores to Maintenance | Priority: Medium | From: Tool Crib - Calibration Shelf | To: Preventive Maintenance Bay | Reason: Move torque tools for scheduled calibration MO batch 104. | Note: Approved and waiting for movement team assignment.
105,MO202600000105,2026-09-13,12,6,3,5,1,2026-09-13,11,2026-09-13,Issued,Type: Production to Quality | Priority: Urgent | From: Core Stacking Line | To: Incoming Quality Bay | Reason: Move core stacks for dimensional inspection MO batch 105. | Note: Material issued from source area; receipt confirmation pending.
106,MO202600000106,2026-09-14,3,2,5,6,10,2026-09-14,5,2026-09-14,Received,Type: Production to Finished Goods | Priority: Medium | From: Final Assembly Line 2 | To: Finished Goods Warehouse - Premium Motor Aisle | Reason: Move auxiliary motors after QA label application MO batch 106. | Note: Material received and acknowledged at destination.
107,MO202600000107,2026-09-15,5,1,6,6,8,2026-09-15,3,2026-09-15,Issued,Type: Finished Goods to Dispatch | Priority: High | From: Finished Goods Warehouse - Premium Motor Aisle | To: Dispatch Staging Dock 2 | Reason: Move premium motors for export packing MO batch 107. | Note: Material issued from source area; receipt confirmation pending.
108,MO202600000108,2026-09-16,3,2,3,4,1,2026-09-16,7,2026-09-16,Partially Received,Type: Inter-Department Transfer | Priority: Urgent | From: Winding Line Transfer Rack | To: Rotor Balancing Cell | Reason: Move rework material for balancing support MO batch 108. | Note: Partial receipt recorded; balance pending verification.
109,MO202600000109,2026-09-17,6,3,5,2,10,2026-09-17,,,Approved,Type: Return to Stores | Priority: Low | From: Winding Line Excess Material Trolley | To: Raw Material Warehouse - Fastener Rack | Reason: Return unused fastener kits after model changeover MO batch 109. | Note: Approved and waiting for movement team assignment.
110,MO202600000110,2026-09-18,4,2,2,3,,,,,Pending Approval,Type: Stores to Production | Priority: High | From: Raw Material Warehouse - Magnet Cage | To: Rotor Assembly Line 1 | Reason: Issue magnet sets for rotor build plan MO batch 110. | Note: Awaiting department approval before material handling.
111,MO202600000111,2026-09-19,5,1,2,5,,,,,Draft,Type: Stores to Maintenance | Priority: Medium | From: Lubricants Store | To: Motor Test Maintenance Bay | Reason: Issue grease cartridges for preventive maintenance MO batch 111. | Note: Draft prepared for supervisor review.
112,MO202600000112,2026-09-20,7,3,3,5,,,,,Cancelled,Type: Production to Quality | Priority: Medium | From: Impregnation Oven Exit Area | To: Quality Inspection Bay 1 | Reason: Move varnished stators for quality release MO batch 112. | Note: Cancelled due to revised production or dispatch priority.
113,MO202600000113,2026-09-21,10,5,5,6,8,2026-09-21,11,2026-09-21,Received,Type: Production to Finished Goods | Priority: Urgent | From: End of Line Test Area | To: Finished Goods Warehouse - Export Hold | Reason: Transfer export motors after packing checklist completion MO batch 113. | Note: Material received and acknowledged at destination.
114,MO202600000114,2026-09-22,12,6,6,6,1,2026-09-22,,,Approved,Type: Finished Goods to Dispatch | Priority: Medium | From: Finished Goods Warehouse - Export Hold | To: Dispatch Staging Dock 3 | Reason: Transfer export hold motors for container stuffing MO batch 114. | Note: Approved and waiting for movement team assignment.
115,MO202600000115,2026-09-23,10,5,3,4,10,2026-09-23,3,2026-09-23,Issued,Type: Inter-Department Transfer | Priority: High | From: Core Stacking Output Rack | To: Assembly Supermarket | Reason: Move line support tooling between production areas MO batch 115. | Note: Material issued from source area; receipt confirmation pending.
116,MO202600000116,2026-09-24,13,6,5,2,8,2026-09-24,7,2026-09-24,Received,Type: Return to Stores | Priority: Urgent | From: Core Stacking Excess Rack | To: Raw Material Warehouse - Lamination Bay | Reason: Return excess stator laminations after yield adjustment MO batch 116. | Note: Material received and acknowledged at destination.
117,MO202600000117,2026-09-25,11,5,2,3,1,2026-09-25,11,2026-09-25,Issued,Type: Stores to Production | Priority: Low | From: Electrical Store - Sleeve Bin | To: Harness Preparation Cell | Reason: Issue insulation sleeves for winding rework batch MO batch 117. | Note: Material issued from source area; receipt confirmation pending.
118,MO202600000118,2026-09-26,12,6,2,5,10,2026-09-26,5,2026-09-26,Partially Received,Type: Stores to Maintenance | Priority: High | From: Safety Stock Room | To: Shutdown Maintenance Cage | Reason: Move safety relays for shutdown replacement MO batch 118. | Note: Partial receipt recorded; balance pending verification.
119,MO202600000119,2026-09-27,1,1,3,5,8,2026-09-27,,,Approved,Type: Production to Quality | Priority: Medium | From: Rotor Assembly Line 2 | To: Quality Hold Area | Reason: Move rotor assemblies for balancing audit MO batch 119. | Note: Approved and waiting for movement team assignment.
120,MO202600000120,2026-09-28,5,1,5,6,,,,,Pending Approval,Type: Production to Finished Goods | Priority: Medium | From: Packing Line - Motor Cell | To: Finished Goods Warehouse - Dispatch Ready Bay | Reason: Move motors after end-of-line test release MO batch 120. | Note: Awaiting department approval before material handling.
121,MO202600000121,2026-09-29,7,3,6,6,,,,,Draft,Type: Finished Goods to Dispatch | Priority: Urgent | From: Finished Goods Warehouse - Dispatch Ready Bay | To: Export Packing Bay | Reason: Stage motors for customer pickup MO batch 121. | Note: Draft prepared for supervisor review.
122,MO202600000122,2026-09-30,5,1,3,4,,,,,Cancelled,Type: Inter-Department Transfer | Priority: Medium | From: Rework Cell - Stator Bay | To: Rework Cell - Rotor Balancing | Reason: Transfer buffer material to assembly supermarket MO batch 122. | Note: Cancelled due to revised production or dispatch priority.
123,MO202600000123,2026-10-01,8,4,5,2,1,2026-10-01,3,2026-10-01,Received,Type: Return to Stores | Priority: High | From: Final Assembly Changeover Trolley | To: Electrical Store - Connector Bin | Reason: Return unused connector sets after harness change MO batch 123. | Note: Material received and acknowledged at destination.
124,MO202600000124,2026-10-02,6,3,2,3,10,2026-10-02,,,Approved,Type: Stores to Production | Priority: Urgent | From: Raw Material Warehouse - Fastener Rack | To: Assembly Line Feed Bay | Reason: Transfer fastener kits for motor assembly plan MO batch 124. | Note: Approved and waiting for movement team assignment.
125,MO202600000125,2026-10-03,7,3,2,5,8,2026-10-03,11,2026-10-03,Issued,Type: Stores to Maintenance | Priority: Low | From: Electrical Store - Breaker Bin | To: Utility Repair Bench | Reason: Issue contactors for assembly line repair MO batch 125. | Note: Material issued from source area; receipt confirmation pending.
126,MO202600000126,2026-10-04,9,4,3,5,1,2026-10-04,5,2026-10-04,Received,Type: Production to Quality | Priority: High | From: Final Test Area | To: NVH Audit Bench | Reason: Move motors for noise and vibration audit MO batch 126. | Note: Material received and acknowledged at destination.
127,MO202600000127,2026-10-05,12,6,5,6,10,2026-10-05,3,2026-10-05,Issued,Type: Production to Finished Goods | Priority: Medium | From: Quality Release Area | To: Finished Goods Warehouse - Audit Hold Rack | Reason: Move quality-released motors into finished goods storage MO batch 127. | Note: Material issued from source area; receipt confirmation pending.
128,MO202600000128,2026-10-06,1,1,6,6,8,2026-10-06,7,2026-10-06,Partially Received,Type: Finished Goods to Dispatch | Priority: Medium | From: Finished Goods Warehouse - Customer Hold Rack | To: Customer Pickup Bay | Reason: Move dispatch-ready motors for vehicle loading MO batch 128. | Note: Partial receipt recorded; balance pending verification.
129,MO202600000129,2026-10-07,12,6,3,4,1,2026-10-07,,,Approved,Type: Inter-Department Transfer | Priority: Urgent | From: Production Utility Panel Area | To: Line Support Store | Reason: Move tagged assemblies for cross-line recovery MO batch 129. | Note: Approved and waiting for movement team assignment.
130,MO202600000130,2026-10-08,3,2,5,2,,,,,Pending Approval,Type: Return to Stores | Priority: Medium | From: Maintenance Return Counter | To: Maintenance Spares Cage | Reason: Return serviceable spares after maintenance closure MO batch 130. | Note: Awaiting department approval before material handling.
131,MO202600000131,2026-10-09,13,6,2,3,,,,,Draft,Type: Stores to Production | Priority: High | From: Raw Material Warehouse - Copper Rack A | To: Stator Winding Line 1 | Reason: Issue copper winding wire for stator production batch MO batch 131. | Note: Draft prepared for supervisor review.
132,MO202600000132,2026-10-10,1,1,2,5,,,,,Cancelled,Type: Stores to Maintenance | Priority: Urgent | From: Maintenance Spares Cage | To: Assembly Maintenance Bay | Reason: Transfer bearing puller kit for test bench repair MO batch 132. | Note: Cancelled due to revised production or dispatch priority.
133,MO202600000133,2026-10-11,4,2,3,5,10,2026-10-11,11,2026-10-11,Received,Type: Production to Quality | Priority: Low | From: Stator Winding Line 1 | To: Assembly Quality Gate | Reason: Move sample stators for insulation resistance testing MO batch 133. | Note: Material received and acknowledged at destination.
134,MO202600000134,2026-10-12,7,3,5,6,8,2026-10-12,,,Approved,Type: Production to Finished Goods | Priority: High | From: Final Assembly Line 1 | To: Finished Goods Warehouse - EV Motor Zone | Reason: Transfer completed traction motors after final torque verification MO batch 134. | Note: Approved and waiting for movement team assignment.
135,MO202600000135,2026-10-13,9,4,6,6,1,2026-10-13,3,2026-10-13,Issued,Type: Finished Goods to Dispatch | Priority: Medium | From: Finished Goods Warehouse - EV Motor Zone | To: Dispatch Staging Dock 1 | Reason: Stage motors for OEM dispatch MO batch 135. | Note: Material issued from source area; receipt confirmation pending.
136,MO202600000136,2026-10-14,7,3,3,4,10,2026-10-14,7,2026-10-14,Received,Type: Inter-Department Transfer | Priority: Medium | From: Stator Buffer Area | To: Rotor Assembly Feed Bay | Reason: Transfer matched stator sets for rotor pairing MO batch 136. | Note: Material received and acknowledged at destination.
137,MO202600000137,2026-10-15,10,5,5,2,8,2026-10-15,11,2026-10-15,Issued,Type: Return to Stores | Priority: Urgent | From: Assembly Line Surplus Bin | To: Raw Material Warehouse - Copper Rack A | Reason: Return unused copper wire after order closure MO batch 137. | Note: Material issued from source area; receipt confirmation pending.
138,MO202600000138,2026-10-16,8,4,2,3,1,2026-10-16,5,2026-10-16,Partially Received,Type: Stores to Production | Priority: Medium | From: Raw Material Warehouse - Lamination Bay | To: Core Stacking Line | Reason: Move stator laminations for core stacking schedule MO batch 138. | Note: Partial receipt recorded; balance pending verification.
139,MO202600000139,2026-10-17,9,4,2,5,10,2026-10-17,,,Approved,Type: Stores to Maintenance | Priority: High | From: Tool Crib - Calibration Shelf | To: Preventive Maintenance Bay | Reason: Move torque tools for scheduled calibration MO batch 139. | Note: Approved and waiting for movement team assignment.
140,MO202600000140,2026-10-18,11,5,3,5,,,,,Pending Approval,Type: Production to Quality | Priority: Urgent | From: Core Stacking Line | To: Incoming Quality Bay | Reason: Move core stacks for dimensional inspection MO batch 140. | Note: Awaiting department approval before material handling.
141,MO202600000141,2026-10-19,1,1,5,6,,,,,Draft,Type: Production to Finished Goods | Priority: Low | From: Final Assembly Line 2 | To: Finished Goods Warehouse - Premium Motor Aisle | Reason: Move auxiliary motors after QA label application MO batch 141. | Note: Draft prepared for supervisor review.
142,MO202600000142,2026-10-20,4,2,6,6,,,,,Cancelled,Type: Finished Goods to Dispatch | Priority: High | From: Finished Goods Warehouse - Premium Motor Aisle | To: Dispatch Staging Dock 2 | Reason: Move premium motors for export packing MO batch 142. | Note: Cancelled due to revised production or dispatch priority.
143,MO202600000143,2026-10-21,1,1,3,4,8,2026-10-21,3,2026-10-21,Received,Type: Inter-Department Transfer | Priority: Medium | From: Winding Line Transfer Rack | To: Rotor Balancing Cell | Reason: Move rework material for balancing support MO batch 143. | Note: Material received and acknowledged at destination.
144,MO202600000144,2026-10-22,5,1,5,2,1,2026-10-22,,,Approved,Type: Return to Stores | Priority: Medium | From: Winding Line Excess Material Trolley | To: Raw Material Warehouse - Fastener Rack | Reason: Return unused fastener kits after model changeover MO batch 144. | Note: Approved and waiting for movement team assignment.
145,MO202600000145,2026-10-23,3,2,2,3,10,2026-10-23,11,2026-10-23,Issued,Type: Stores to Production | Priority: Urgent | From: Raw Material Warehouse - Magnet Cage | To: Rotor Assembly Line 1 | Reason: Issue magnet sets for rotor build plan MO batch 145. | Note: Material issued from source area; receipt confirmation pending.
146,MO202600000146,2026-10-24,4,2,2,5,8,2026-10-24,5,2026-10-24,Received,Type: Stores to Maintenance | Priority: Medium | From: Lubricants Store | To: Motor Test Maintenance Bay | Reason: Issue grease cartridges for preventive maintenance MO batch 146. | Note: Material received and acknowledged at destination.
147,MO202600000147,2026-10-25,6,3,3,5,1,2026-10-25,3,2026-10-25,Issued,Type: Production to Quality | Priority: High | From: Impregnation Oven Exit Area | To: Quality Inspection Bay 1 | Reason: Move varnished stators for quality release MO batch 147. | Note: Material issued from source area; receipt confirmation pending.
148,MO202600000148,2026-10-26,9,4,5,6,10,2026-10-26,7,2026-10-26,Partially Received,Type: Production to Finished Goods | Priority: Urgent | From: End of Line Test Area | To: Finished Goods Warehouse - Export Hold | Reason: Transfer export motors after packing checklist completion MO batch 148. | Note: Partial receipt recorded; balance pending verification.
149,MO202600000149,2026-10-27,11,5,6,6,8,2026-10-27,,,Approved,Type: Finished Goods to Dispatch | Priority: Low | From: Finished Goods Warehouse - Export Hold | To: Dispatch Staging Dock 3 | Reason: Transfer export hold motors for container stuffing MO batch 149. | Note: Approved and waiting for movement team assignment.
150,MO202600000150,2026-10-28,9,4,3,4,,,,,Pending Approval,Type: Inter-Department Transfer | Priority: High | From: Core Stacking Output Rack | To: Assembly Supermarket | Reason: Move line support tooling between production areas MO batch 150. | Note: Awaiting department approval before material handling.
151,MO202600000151,2026-10-29,12,6,5,2,,,,,Draft,Type: Return to Stores | Priority: Medium | From: Core Stacking Excess Rack | To: Raw Material Warehouse - Lamination Bay | Reason: Return excess stator laminations after yield adjustment MO batch 151. | Note: Draft prepared for supervisor review.
152,MO202600000152,2026-10-30,10,5,2,3,,,,,Cancelled,Type: Stores to Production | Priority: Medium | From: Electrical Store - Sleeve Bin | To: Harness Preparation Cell | Reason: Issue insulation sleeves for winding rework batch MO batch 152. | Note: Cancelled due to revised production or dispatch priority.
153,MO202600000153,2026-10-31,11,5,2,5,1,2026-10-31,11,2026-10-31,Received,Type: Stores to Maintenance | Priority: Urgent | From: Safety Stock Room | To: Shutdown Maintenance Cage | Reason: Move safety relays for shutdown replacement MO batch 153. | Note: Material received and acknowledged at destination.
154,MO202600000154,2026-11-01,13,6,3,5,10,2026-11-01,,,Approved,Type: Production to Quality | Priority: Medium | From: Rotor Assembly Line 2 | To: Quality Hold Area | Reason: Move rotor assemblies for balancing audit MO batch 154. | Note: Approved and waiting for movement team assignment.
155,MO202600000155,2026-11-02,4,2,5,6,8,2026-11-02,3,2026-11-02,Issued,Type: Production to Finished Goods | Priority: High | From: Packing Line - Motor Cell | To: Finished Goods Warehouse - Dispatch Ready Bay | Reason: Move motors after end-of-line test release MO batch 155. | Note: Material issued from source area; receipt confirmation pending.
156,MO202600000156,2026-11-03,6,3,6,6,1,2026-11-03,7,2026-11-03,Received,Type: Finished Goods to Dispatch | Priority: Urgent | From: Finished Goods Warehouse - Dispatch Ready Bay | To: Export Packing Bay | Reason: Stage motors for customer pickup MO batch 156. | Note: Material received and acknowledged at destination.
157,MO202600000157,2026-11-04,4,2,3,4,10,2026-11-04,11,2026-11-04,Issued,Type: Inter-Department Transfer | Priority: Low | From: Rework Cell - Stator Bay | To: Rework Cell - Rotor Balancing | Reason: Transfer buffer material to assembly supermarket MO batch 157. | Note: Material issued from source area; receipt confirmation pending.
158,MO202600000158,2026-11-05,7,3,5,2,8,2026-11-05,5,2026-11-05,Partially Received,Type: Return to Stores | Priority: High | From: Final Assembly Changeover Trolley | To: Electrical Store - Connector Bin | Reason: Return unused connector sets after harness change MO batch 158. | Note: Partial receipt recorded; balance pending verification.
159,MO202600000159,2026-11-06,5,1,2,3,1,2026-11-06,,,Approved,Type: Stores to Production | Priority: Medium | From: Raw Material Warehouse - Fastener Rack | To: Assembly Line Feed Bay | Reason: Transfer fastener kits for motor assembly plan MO batch 159. | Note: Approved and waiting for movement team assignment.
160,MO202600000160,2026-11-07,6,3,2,5,,,,,Pending Approval,Type: Stores to Maintenance | Priority: Medium | From: Electrical Store - Breaker Bin | To: Utility Repair Bench | Reason: Issue contactors for assembly line repair MO batch 160. | Note: Awaiting department approval before material handling.
161,MO202600000161,2026-11-08,8,4,3,5,,,,,Draft,Type: Production to Quality | Priority: Urgent | From: Final Test Area | To: NVH Audit Bench | Reason: Move motors for noise and vibration audit MO batch 161. | Note: Draft prepared for supervisor review.
162,MO202600000162,2026-11-09,11,5,5,6,,,,,Cancelled,Type: Production to Finished Goods | Priority: Medium | From: Quality Release Area | To: Finished Goods Warehouse - Audit Hold Rack | Reason: Move quality-released motors into finished goods storage MO batch 162. | Note: Cancelled due to revised production or dispatch priority.
163,MO202600000163,2026-11-10,13,6,6,6,10,2026-11-10,3,2026-11-10,Received,Type: Finished Goods to Dispatch | Priority: High | From: Finished Goods Warehouse - Customer Hold Rack | To: Customer Pickup Bay | Reason: Move dispatch-ready motors for vehicle loading MO batch 163. | Note: Material received and acknowledged at destination.
164,MO202600000164,2026-11-11,11,5,3,4,8,2026-11-11,,,Approved,Type: Inter-Department Transfer | Priority: Urgent | From: Production Utility Panel Area | To: Line Support Store | Reason: Move tagged assemblies for cross-line recovery MO batch 164. | Note: Approved and waiting for movement team assignment.
165,MO202600000165,2026-11-12,1,1,5,2,1,2026-11-12,11,2026-11-12,Issued,Type: Return to Stores | Priority: Low | From: Maintenance Return Counter | To: Maintenance Spares Cage | Reason: Return serviceable spares after maintenance closure MO batch 165. | Note: Material issued from source area; receipt confirmation pending.
166,MO202600000166,2026-11-13,12,6,2,3,10,2026-11-13,5,2026-11-13,Received,Type: Stores to Production | Priority: High | From: Raw Material Warehouse - Copper Rack A | To: Stator Winding Line 1 | Reason: Issue copper winding wire for stator production batch MO batch 166. | Note: Material received and acknowledged at destination.
167,MO202600000167,2026-11-14,13,6,2,5,8,2026-11-14,3,2026-11-14,Issued,Type: Stores to Maintenance | Priority: Medium | From: Maintenance Spares Cage | To: Assembly Maintenance Bay | Reason: Transfer bearing puller kit for test bench repair MO batch 167. | Note: Material issued from source area; receipt confirmation pending.
168,MO202600000168,2026-11-15,3,2,3,5,1,2026-11-15,7,2026-11-15,Partially Received,Type: Production to Quality | Priority: Medium | From: Stator Winding Line 1 | To: Assembly Quality Gate | Reason: Move sample stators for insulation resistance testing MO batch 168. | Note: Partial receipt recorded; balance pending verification.
169,MO202600000169,2026-11-16,6,3,5,6,10,2026-11-16,,,Approved,Type: Production to Finished Goods | Priority: Urgent | From: Final Assembly Line 1 | To: Finished Goods Warehouse - EV Motor Zone | Reason: Transfer completed traction motors after final torque verification MO batch 169. | Note: Approved and waiting for movement team assignment.
170,MO202600000170,2026-11-17,8,4,6,6,,,,,Pending Approval,Type: Finished Goods to Dispatch | Priority: Medium | From: Finished Goods Warehouse - EV Motor Zone | To: Dispatch Staging Dock 1 | Reason: Stage motors for OEM dispatch MO batch 170. | Note: Awaiting department approval before material handling.
171,MO202600000171,2026-11-18,6,3,3,4,,,,,Draft,Type: Inter-Department Transfer | Priority: High | From: Stator Buffer Area | To: Rotor Assembly Feed Bay | Reason: Transfer matched stator sets for rotor pairing MO batch 171. | Note: Draft prepared for supervisor review.
172,MO202600000172,2026-11-19,9,4,5,2,,,,,Cancelled,Type: Return to Stores | Priority: Urgent | From: Assembly Line Surplus Bin | To: Raw Material Warehouse - Copper Rack A | Reason: Return unused copper wire after order closure MO batch 172. | Note: Cancelled due to revised production or dispatch priority.
173,MO202600000173,2026-11-20,7,3,2,3,8,2026-11-20,11,2026-11-20,Received,Type: Stores to Production | Priority: Low | From: Raw Material Warehouse - Lamination Bay | To: Core Stacking Line | Reason: Move stator laminations for core stacking schedule MO batch 173. | Note: Material received and acknowledged at destination.
174,MO202600000174,2026-11-21,8,4,2,5,1,2026-11-21,,,Approved,Type: Stores to Maintenance | Priority: High | From: Tool Crib - Calibration Shelf | To: Preventive Maintenance Bay | Reason: Move torque tools for scheduled calibration MO batch 174. | Note: Approved and waiting for movement team assignment.
175,MO202600000175,2026-11-22,10,5,3,5,10,2026-11-22,3,2026-11-22,Issued,Type: Production to Quality | Priority: Medium | From: Core Stacking Line | To: Incoming Quality Bay | Reason: Move core stacks for dimensional inspection MO batch 175. | Note: Material issued from source area; receipt confirmation pending.
176,MO202600000176,2026-11-23,13,6,5,6,8,2026-11-23,7,2026-11-23,Received,Type: Production to Finished Goods | Priority: Medium | From: Final Assembly Line 2 | To: Finished Goods Warehouse - Premium Motor Aisle | Reason: Move auxiliary motors after QA label application MO batch 176. | Note: Material received and acknowledged at destination.
177,MO202600000177,2026-11-24,3,2,6,6,1,2026-11-24,11,2026-11-24,Issued,Type: Finished Goods to Dispatch | Priority: Urgent | From: Finished Goods Warehouse - Premium Motor Aisle | To: Dispatch Staging Dock 2 | Reason: Move premium motors for export packing MO batch 177. | Note: Material issued from source area; receipt confirmation pending.
178,MO202600000178,2026-11-25,13,6,3,4,10,2026-11-25,5,2026-11-25,Partially Received,Type: Inter-Department Transfer | Priority: Medium | From: Winding Line Transfer Rack | To: Rotor Balancing Cell | Reason: Move rework material for balancing support MO batch 178. | Note: Partial receipt recorded; balance pending verification.
179,MO202600000179,2026-11-26,4,2,5,2,8,2026-11-26,,,Approved,Type: Return to Stores | Priority: High | From: Winding Line Excess Material Trolley | To: Raw Material Warehouse - Fastener Rack | Reason: Return unused fastener kits after model changeover MO batch 179. | Note: Approved and waiting for movement team assignment.
180,MO202600000180,2026-11-27,1,1,2,3,,,,,Pending Approval,Type: Stores to Production | Priority: Urgent | From: Raw Material Warehouse - Magnet Cage | To: Rotor Assembly Line 1 | Reason: Issue magnet sets for rotor build plan MO batch 180. | Note: Awaiting department approval before material handling.
181,MO202600000181,2026-11-28,3,2,2,5,,,,,Draft,Type: Stores to Maintenance | Priority: Low | From: Lubricants Store | To: Motor Test Maintenance Bay | Reason: Issue grease cartridges for preventive maintenance MO batch 181. | Note: Draft prepared for supervisor review.
182,MO202600000182,2026-11-29,5,1,3,5,,,,,Cancelled,Type: Production to Quality | Priority: High | From: Impregnation Oven Exit Area | To: Quality Inspection Bay 1 | Reason: Move varnished stators for quality release MO batch 182. | Note: Cancelled due to revised production or dispatch priority.
183,MO202600000183,2026-11-30,8,4,5,6,1,2026-11-30,3,2026-11-30,Received,Type: Production to Finished Goods | Priority: Medium | From: End of Line Test Area | To: Finished Goods Warehouse - Export Hold | Reason: Transfer export motors after packing checklist completion MO batch 183. | Note: Material received and acknowledged at destination.
184,MO202600000184,2026-12-01,10,5,6,6,10,2026-12-01,,,Approved,Type: Finished Goods to Dispatch | Priority: Medium | From: Finished Goods Warehouse - Export Hold | To: Dispatch Staging Dock 3 | Reason: Transfer export hold motors for container stuffing MO batch 184. | Note: Approved and waiting for movement team assignment.
185,MO202600000185,2026-12-02,8,4,3,4,8,2026-12-02,11,2026-12-02,Issued,Type: Inter-Department Transfer | Priority: Urgent | From: Core Stacking Output Rack | To: Assembly Supermarket | Reason: Move line support tooling between production areas MO batch 185. | Note: Material issued from source area; receipt confirmation pending.
186,MO202600000186,2026-12-03,11,5,5,2,1,2026-12-03,5,2026-12-03,Received,Type: Return to Stores | Priority: Medium | From: Core Stacking Excess Rack | To: Raw Material Warehouse - Lamination Bay | Reason: Return excess stator laminations after yield adjustment MO batch 186. | Note: Material received and acknowledged at destination.
187,MO202600000187,2026-12-04,9,4,2,3,10,2026-12-04,3,2026-12-04,Issued,Type: Stores to Production | Priority: High | From: Electrical Store - Sleeve Bin | To: Harness Preparation Cell | Reason: Issue insulation sleeves for winding rework batch MO batch 187. | Note: Material issued from source area; receipt confirmation pending.
188,MO202600000188,2026-12-05,10,5,2,5,8,2026-12-05,7,2026-12-05,Partially Received,Type: Stores to Maintenance | Priority: Urgent | From: Safety Stock Room | To: Shutdown Maintenance Cage | Reason: Move safety relays for shutdown replacement MO batch 188. | Note: Partial receipt recorded; balance pending verification.
189,MO202600000189,2026-12-06,12,6,3,5,1,2026-12-06,,,Approved,Type: Production to Quality | Priority: Low | From: Rotor Assembly Line 2 | To: Quality Hold Area | Reason: Move rotor assemblies for balancing audit MO batch 189. | Note: Approved and waiting for movement team assignment.
190,MO202600000190,2026-12-07,3,2,5,6,,,,,Pending Approval,Type: Production to Finished Goods | Priority: High | From: Packing Line - Motor Cell | To: Finished Goods Warehouse - Dispatch Ready Bay | Reason: Move motors after end-of-line test release MO batch 190. | Note: Awaiting department approval before material handling.
191,MO202600000191,2026-12-08,5,1,6,6,,,,,Draft,Type: Finished Goods to Dispatch | Priority: Medium | From: Finished Goods Warehouse - Dispatch Ready Bay | To: Export Packing Bay | Reason: Stage motors for customer pickup MO batch 191. | Note: Draft prepared for supervisor review.
192,MO202600000192,2026-12-09,3,2,3,4,,,,,Cancelled,Type: Inter-Department Transfer | Priority: Medium | From: Rework Cell - Stator Bay | To: Rework Cell - Rotor Balancing | Reason: Transfer buffer material to assembly supermarket MO batch 192. | Note: Cancelled due to revised production or dispatch priority.
193,MO202600000193,2026-12-10,6,3,5,2,10,2026-12-10,11,2026-12-10,Received,Type: Return to Stores | Priority: Urgent | From: Final Assembly Changeover Trolley | To: Electrical Store - Connector Bin | Reason: Return unused connector sets after harness change MO batch 193. | Note: Material received and acknowledged at destination.
194,MO202600000194,2026-12-11,4,2,2,3,8,2026-12-11,,,Approved,Type: Stores to Production | Priority: Medium | From: Raw Material Warehouse - Fastener Rack | To: Assembly Line Feed Bay | Reason: Transfer fastener kits for motor assembly plan MO batch 194. | Note: Approved and waiting for movement team assignment.
195,MO202600000195,2026-12-12,5,1,2,5,1,2026-12-12,3,2026-12-12,Issued,Type: Stores to Maintenance | Priority: High | From: Electrical Store - Breaker Bin | To: Utility Repair Bench | Reason: Issue contactors for assembly line repair MO batch 195. | Note: Material issued from source area; receipt confirmation pending.
196,MO202600000196,2026-12-13,7,3,3,5,10,2026-12-13,7,2026-12-13,Received,Type: Production to Quality | Priority: Urgent | From: Final Test Area | To: NVH Audit Bench | Reason: Move motors for noise and vibration audit MO batch 196. | Note: Material received and acknowledged at destination.
197,MO202600000197,2026-12-14,10,5,5,6,8,2026-12-14,11,2026-12-14,Issued,Type: Production to Finished Goods | Priority: Low | From: Quality Release Area | To: Finished Goods Warehouse - Audit Hold Rack | Reason: Move quality-released motors into finished goods storage MO batch 197. | Note: Material issued from source area; receipt confirmation pending.
198,MO202600000198,2026-12-15,12,6,6,6,1,2026-12-15,5,2026-12-15,Partially Received,Type: Finished Goods to Dispatch | Priority: High | From: Finished Goods Warehouse - Customer Hold Rack | To: Customer Pickup Bay | Reason: Move dispatch-ready motors for vehicle loading MO batch 198. | Note: Partial receipt recorded; balance pending verification.
199,MO202600000199,2026-12-16,10,5,3,4,10,2026-12-16,,,Approved,Type: Inter-Department Transfer | Priority: Medium | From: Production Utility Panel Area | To: Line Support Store | Reason: Move tagged assemblies for cross-line recovery MO batch 199. | Note: Approved and waiting for movement team assignment.
200,MO202600000200,2026-12-17,13,6,5,2,,,,,Pending Approval,Type: Return to Stores | Priority: Medium | From: Maintenance Return Counter | To: Maintenance Spares Cage | Reason: Return serviceable spares after maintenance closure MO batch 200. | Note: Awaiting department approval before material handling.
201,MO202600000201,2026-12-18,11,5,2,3,,,,,Draft,Type: Stores to Production | Priority: Urgent | From: Raw Material Warehouse - Copper Rack A | To: Stator Winding Line 1 | Reason: Issue copper winding wire for stator production batch MO batch 201. | Note: Draft prepared for supervisor review.
202,MO202600000202,2026-12-19,12,6,2,5,,,,,Cancelled,Type: Stores to Maintenance | Priority: Medium | From: Maintenance Spares Cage | To: Assembly Maintenance Bay | Reason: Transfer bearing puller kit for test bench repair MO batch 202. | Note: Cancelled due to revised production or dispatch priority.
203,MO202600000203,2026-12-20,1,1,3,5,8,2026-12-20,3,2026-12-20,Received,Type: Production to Quality | Priority: High | From: Stator Winding Line 1 | To: Assembly Quality Gate | Reason: Move sample stators for insulation resistance testing MO batch 203. | Note: Material received and acknowledged at destination.
204,MO202600000204,2026-12-21,5,1,5,6,1,2026-12-21,,,Approved,Type: Production to Finished Goods | Priority: Urgent | From: Final Assembly Line 1 | To: Finished Goods Warehouse - EV Motor Zone | Reason: Transfer completed traction motors after final torque verification MO batch 204. | Note: Approved and waiting for movement team assignment.
205,MO202600000205,2026-12-22,7,3,6,6,10,2026-12-22,11,2026-12-22,Issued,Type: Finished Goods to Dispatch | Priority: Low | From: Finished Goods Warehouse - EV Motor Zone | To: Dispatch Staging Dock 1 | Reason: Stage motors for OEM dispatch MO batch 205. | Note: Material issued from source area; receipt confirmation pending.
206,MO202600000206,2026-12-23,5,1,3,4,8,2026-12-23,5,2026-12-23,Received,Type: Inter-Department Transfer | Priority: High | From: Stator Buffer Area | To: Rotor Assembly Feed Bay | Reason: Transfer matched stator sets for rotor pairing MO batch 206. | Note: Material received and acknowledged at destination.
207,MO202600000207,2026-12-24,8,4,5,2,1,2026-12-24,3,2026-12-24,Issued,Type: Return to Stores | Priority: Medium | From: Assembly Line Surplus Bin | To: Raw Material Warehouse - Copper Rack A | Reason: Return unused copper wire after order closure MO batch 207. | Note: Material issued from source area; receipt confirmation pending.
208,MO202600000208,2026-12-25,6,3,2,3,10,2026-12-25,7,2026-12-25,Partially Received,Type: Stores to Production | Priority: Medium | From: Raw Material Warehouse - Lamination Bay | To: Core Stacking Line | Reason: Move stator laminations for core stacking schedule MO batch 208. | Note: Partial receipt recorded; balance pending verification.
209,MO202600000209,2026-12-26,7,3,2,5,8,2026-12-26,,,Approved,Type: Stores to Maintenance | Priority: Urgent | From: Tool Crib - Calibration Shelf | To: Preventive Maintenance Bay | Reason: Move torque tools for scheduled calibration MO batch 209. | Note: Approved and waiting for movement team assignment.
210,MO202600000210,2026-12-27,9,4,3,5,,,,,Pending Approval,Type: Production to Quality | Priority: Medium | From: Core Stacking Line | To: Incoming Quality Bay | Reason: Move core stacks for dimensional inspection MO batch 210. | Note: Awaiting department approval before material handling.
211,MO202600000211,2026-12-28,12,6,5,6,,,,,Draft,Type: Production to Finished Goods | Priority: High | From: Final Assembly Line 2 | To: Finished Goods Warehouse - Premium Motor Aisle | Reason: Move auxiliary motors after QA label application MO batch 211. | Note: Draft prepared for supervisor review.
212,MO202600000212,2026-12-29,1,1,6,6,,,,,Cancelled,Type: Finished Goods to Dispatch | Priority: Urgent | From: Finished Goods Warehouse - Premium Motor Aisle | To: Dispatch Staging Dock 2 | Reason: Move premium motors for export packing MO batch 212. | Note: Cancelled due to revised production or dispatch priority.
213,MO202600000213,2026-12-30,12,6,3,4,1,2026-12-30,11,2026-12-30,Received,Type: Inter-Department Transfer | Priority: Low | From: Winding Line Transfer Rack | To: Rotor Balancing Cell | Reason: Move rework material for balancing support MO batch 213. | Note: Material received and acknowledged at destination.
214,MO202600000214,2026-12-31,3,2,5,2,10,2026-12-31,,,Approved,Type: Return to Stores | Priority: High | From: Winding Line Excess Material Trolley | To: Raw Material Warehouse - Fastener Rack | Reason: Return unused fastener kits after model changeover MO batch 214. | Note: Approved and waiting for movement team assignment.
215,MO202600000215,2027-01-01,13,6,2,3,8,2027-01-01,3,2027-01-01,Issued,Type: Stores to Production | Priority: Medium | From: Raw Material Warehouse - Magnet Cage | To: Rotor Assembly Line 1 | Reason: Issue magnet sets for rotor build plan MO batch 215. | Note: Material issued from source area; receipt confirmation pending.
216,MO202600000216,2027-01-02,1,1,2,5,1,2027-01-02,7,2027-01-02,Received,Type: Stores to Maintenance | Priority: Medium | From: Lubricants Store | To: Motor Test Maintenance Bay | Reason: Issue grease cartridges for preventive maintenance MO batch 216. | Note: Material received and acknowledged at destination.
217,MO202600000217,2027-01-03,4,2,3,5,10,2027-01-03,11,2027-01-03,Issued,Type: Production to Quality | Priority: Urgent | From: Impregnation Oven Exit Area | To: Quality Inspection Bay 1 | Reason: Move varnished stators for quality release MO batch 217. | Note: Material issued from source area; receipt confirmation pending.
218,MO202600000218,2027-01-04,7,3,5,6,8,2027-01-04,5,2027-01-04,Partially Received,Type: Production to Finished Goods | Priority: Medium | From: End of Line Test Area | To: Finished Goods Warehouse - Export Hold | Reason: Transfer export motors after packing checklist completion MO batch 218. | Note: Partial receipt recorded; balance pending verification.
219,MO202600000219,2027-01-05,9,4,6,6,1,2027-01-05,,,Approved,Type: Finished Goods to Dispatch | Priority: High | From: Finished Goods Warehouse - Export Hold | To: Dispatch Staging Dock 3 | Reason: Transfer export hold motors for container stuffing MO batch 219. | Note: Approved and waiting for movement team assignment.
220,MO202600000220,2027-01-06,7,3,3,4,,,,,Pending Approval,Type: Inter-Department Transfer | Priority: Urgent | From: Core Stacking Output Rack | To: Assembly Supermarket | Reason: Move line support tooling between production areas MO batch 220. | Note: Awaiting department approval before material handling.
221,MO202600000221,2027-01-07,10,5,5,2,,,,,Draft,Type: Return to Stores | Priority: Low | From: Core Stacking Excess Rack | To: Raw Material Warehouse - Lamination Bay | Reason: Return excess stator laminations after yield adjustment MO batch 221. | Note: Draft prepared for supervisor review.
222,MO202600000222,2027-01-08,8,4,2,3,,,,,Cancelled,Type: Stores to Production | Priority: High | From: Electrical Store - Sleeve Bin | To: Harness Preparation Cell | Reason: Issue insulation sleeves for winding rework batch MO batch 222. | Note: Cancelled due to revised production or dispatch priority.
223,MO202600000223,2027-01-09,9,4,2,5,10,2027-01-09,3,2027-01-09,Received,Type: Stores to Maintenance | Priority: Medium | From: Safety Stock Room | To: Shutdown Maintenance Cage | Reason: Move safety relays for shutdown replacement MO batch 223. | Note: Material received and acknowledged at destination.
224,MO202600000224,2027-01-10,11,5,3,5,8,2027-01-10,,,Approved,Type: Production to Quality | Priority: Medium | From: Rotor Assembly Line 2 | To: Quality Hold Area | Reason: Move rotor assemblies for balancing audit MO batch 224. | Note: Approved and waiting for movement team assignment.
225,MO202600000225,2027-01-11,1,1,5,6,1,2027-01-11,11,2027-01-11,Issued,Type: Production to Finished Goods | Priority: Urgent | From: Packing Line - Motor Cell | To: Finished Goods Warehouse - Dispatch Ready Bay | Reason: Move motors after end-of-line test release MO batch 225. | Note: Material issued from source area; receipt confirmation pending.
226,MO202600000226,2027-01-12,4,2,6,6,10,2027-01-12,5,2027-01-12,Received,Type: Finished Goods to Dispatch | Priority: Medium | From: Finished Goods Warehouse - Dispatch Ready Bay | To: Export Packing Bay | Reason: Stage motors for customer pickup MO batch 226. | Note: Material received and acknowledged at destination.
227,MO202600000227,2027-01-13,1,1,3,4,8,2027-01-13,3,2027-01-13,Issued,Type: Inter-Department Transfer | Priority: High | From: Rework Cell - Stator Bay | To: Rework Cell - Rotor Balancing | Reason: Transfer buffer material to assembly supermarket MO batch 227. | Note: Material issued from source area; receipt confirmation pending.
228,MO202600000228,2027-01-14,5,1,5,2,1,2027-01-14,7,2027-01-14,Partially Received,Type: Return to Stores | Priority: Urgent | From: Final Assembly Changeover Trolley | To: Electrical Store - Connector Bin | Reason: Return unused connector sets after harness change MO batch 228. | Note: Partial receipt recorded; balance pending verification.
229,MO202600000229,2027-01-15,3,2,2,3,10,2027-01-15,,,Approved,Type: Stores to Production | Priority: Low | From: Raw Material Warehouse - Fastener Rack | To: Assembly Line Feed Bay | Reason: Transfer fastener kits for motor assembly plan MO batch 229. | Note: Approved and waiting for movement team assignment.
230,MO202600000230,2027-01-16,4,2,2,5,,,,,Pending Approval,Type: Stores to Maintenance | Priority: High | From: Electrical Store - Breaker Bin | To: Utility Repair Bench | Reason: Issue contactors for assembly line repair MO batch 230. | Note: Awaiting department approval before material handling.
231,MO202600000231,2027-01-17,6,3,3,5,,,,,Draft,Type: Production to Quality | Priority: Medium | From: Final Test Area | To: NVH Audit Bench | Reason: Move motors for noise and vibration audit MO batch 231. | Note: Draft prepared for supervisor review.
232,MO202600000232,2027-01-18,9,4,5,6,,,,,Cancelled,Type: Production to Finished Goods | Priority: Medium | From: Quality Release Area | To: Finished Goods Warehouse - Audit Hold Rack | Reason: Move quality-released motors into finished goods storage MO batch 232. | Note: Cancelled due to revised production or dispatch priority.
233,MO202600000233,2027-01-19,11,5,6,6,8,2027-01-19,11,2027-01-19,Received,Type: Finished Goods to Dispatch | Priority: Urgent | From: Finished Goods Warehouse - Customer Hold Rack | To: Customer Pickup Bay | Reason: Move dispatch-ready motors for vehicle loading MO batch 233. | Note: Material received and acknowledged at destination.
234,MO202600000234,2027-01-20,9,4,3,4,1,2027-01-20,,,Approved,Type: Inter-Department Transfer | Priority: Medium | From: Production Utility Panel Area | To: Line Support Store | Reason: Move tagged assemblies for cross-line recovery MO batch 234. | Note: Approved and waiting for movement team assignment.
235,MO202600000235,2027-01-21,12,6,5,2,10,2027-01-21,3,2027-01-21,Issued,Type: Return to Stores | Priority: High | From: Maintenance Return Counter | To: Maintenance Spares Cage | Reason: Return serviceable spares after maintenance closure MO batch 235. | Note: Material issued from source area; receipt confirmation pending.
236,MO202600000236,2027-01-22,10,5,2,3,8,2027-01-22,7,2027-01-22,Received,Type: Stores to Production | Priority: Urgent | From: Raw Material Warehouse - Copper Rack A | To: Stator Winding Line 1 | Reason: Issue copper winding wire for stator production batch MO batch 236. | Note: Material received and acknowledged at destination.
237,MO202600000237,2027-01-23,11,5,2,5,1,2027-01-23,11,2027-01-23,Issued,Type: Stores to Maintenance | Priority: Low | From: Maintenance Spares Cage | To: Assembly Maintenance Bay | Reason: Transfer bearing puller kit for test bench repair MO batch 237. | Note: Material issued from source area; receipt confirmation pending.
238,MO202600000238,2027-01-24,13,6,3,5,10,2027-01-24,5,2027-01-24,Partially Received,Type: Production to Quality | Priority: High | From: Stator Winding Line 1 | To: Assembly Quality Gate | Reason: Move sample stators for insulation resistance testing MO batch 238. | Note: Partial receipt recorded; balance pending verification.
239,MO202600000239,2027-01-25,4,2,5,6,8,2027-01-25,,,Approved,Type: Production to Finished Goods | Priority: Medium | From: Final Assembly Line 1 | To: Finished Goods Warehouse - EV Motor Zone | Reason: Transfer completed traction motors after final torque verification MO batch 239. | Note: Approved and waiting for movement team assignment.
240,MO202600000240,2027-01-26,6,3,6,6,,,,,Pending Approval,Type: Finished Goods to Dispatch | Priority: Medium | From: Finished Goods Warehouse - EV Motor Zone | To: Dispatch Staging Dock 1 | Reason: Stage motors for OEM dispatch MO batch 240. | Note: Awaiting department approval before material handling.
241,MO202600000241,2027-01-27,4,2,3,4,,,,,Draft,Type: Inter-Department Transfer | Priority: Urgent | From: Stator Buffer Area | To: Rotor Assembly Feed Bay | Reason: Transfer matched stator sets for rotor pairing MO batch 241. | Note: Draft prepared for supervisor review.
242,MO202600000242,2027-01-28,7,3,5,2,,,,,Cancelled,Type: Return to Stores | Priority: Medium | From: Assembly Line Surplus Bin | To: Raw Material Warehouse - Copper Rack A | Reason: Return unused copper wire after order closure MO batch 242. | Note: Cancelled due to revised production or dispatch priority.
243,MO202600000243,2027-01-29,5,1,2,3,1,2027-01-29,3,2027-01-29,Received,Type: Stores to Production | Priority: High | From: Raw Material Warehouse - Lamination Bay | To: Core Stacking Line | Reason: Move stator laminations for core stacking schedule MO batch 243. | Note: Material received and acknowledged at destination.
244,MO202600000244,2027-01-30,6,3,2,5,10,2027-01-30,,,Approved,Type: Stores to Maintenance | Priority: Urgent | From: Tool Crib - Calibration Shelf | To: Preventive Maintenance Bay | Reason: Move torque tools for scheduled calibration MO batch 244. | Note: Approved and waiting for movement team assignment.
245,MO202600000245,2027-01-31,8,4,3,5,8,2027-01-31,11,2027-01-31,Issued,Type: Production to Quality | Priority: Low | From: Core Stacking Line | To: Incoming Quality Bay | Reason: Move core stacks for dimensional inspection MO batch 245. | Note: Material issued from source area; receipt confirmation pending.
246,MO202600000246,2027-02-01,11,5,5,6,1,2027-02-01,5,2027-02-01,Received,Type: Production to Finished Goods | Priority: High | From: Final Assembly Line 2 | To: Finished Goods Warehouse - Premium Motor Aisle | Reason: Move auxiliary motors after QA label application MO batch 246. | Note: Material received and acknowledged at destination.
247,MO202600000247,2027-02-02,13,6,6,6,10,2027-02-02,3,2027-02-02,Issued,Type: Finished Goods to Dispatch | Priority: Medium | From: Finished Goods Warehouse - Premium Motor Aisle | To: Dispatch Staging Dock 2 | Reason: Move premium motors for export packing MO batch 247. | Note: Material issued from source area; receipt confirmation pending.
248,MO202600000248,2027-02-03,11,5,3,4,8,2027-02-03,7,2027-02-03,Partially Received,Type: Inter-Department Transfer | Priority: Medium | From: Winding Line Transfer Rack | To: Rotor Balancing Cell | Reason: Move rework material for balancing support MO batch 248. | Note: Partial receipt recorded; balance pending verification.
249,MO202600000249,2027-02-04,1,1,5,2,1,2027-02-04,,,Approved,Type: Return to Stores | Priority: Urgent | From: Winding Line Excess Material Trolley | To: Raw Material Warehouse - Fastener Rack | Reason: Return unused fastener kits after model changeover MO batch 249. | Note: Approved and waiting for movement team assignment.
250,MO202600000250,2027-02-05,12,6,2,3,,,,,Pending Approval,Type: Stores to Production | Priority: Medium | From: Raw Material Warehouse - Magnet Cage | To: Rotor Assembly Line 1 | Reason: Issue magnet sets for rotor build plan MO batch 250. | Note: Awaiting department approval before material handling.
251,MO202600000251,2027-02-06,13,6,2,5,,,,,Draft,Type: Stores to Maintenance | Priority: High | From: Lubricants Store | To: Motor Test Maintenance Bay | Reason: Issue grease cartridges for preventive maintenance MO batch 251. | Note: Draft prepared for supervisor review.
252,MO202600000252,2027-02-07,3,2,3,5,,,,,Cancelled,Type: Production to Quality | Priority: Urgent | From: Impregnation Oven Exit Area | To: Quality Inspection Bay 1 | Reason: Move varnished stators for quality release MO batch 252. | Note: Cancelled due to revised production or dispatch priority.
253,MO202600000253,2027-02-08,6,3,5,6,10,2027-02-08,11,2027-02-08,Received,Type: Production to Finished Goods | Priority: Low | From: End of Line Test Area | To: Finished Goods Warehouse - Export Hold | Reason: Transfer export motors after packing checklist completion MO batch 253. | Note: Material received and acknowledged at destination.
254,MO202600000254,2027-02-09,8,4,6,6,8,2027-02-09,,,Approved,Type: Finished Goods to Dispatch | Priority: High | From: Finished Goods Warehouse - Export Hold | To: Dispatch Staging Dock 3 | Reason: Transfer export hold motors for container stuffing MO batch 254. | Note: Approved and waiting for movement team assignment.
255,MO202600000255,2027-02-10,6,3,3,4,1,2027-02-10,3,2027-02-10,Issued,Type: Inter-Department Transfer | Priority: Medium | From: Core Stacking Output Rack | To: Assembly Supermarket | Reason: Move line support tooling between production areas MO batch 255. | Note: Material issued from source area; receipt confirmation pending.
256,MO202600000256,2027-02-11,9,4,5,2,10,2027-02-11,7,2027-02-11,Received,Type: Return to Stores | Priority: Medium | From: Core Stacking Excess Rack | To: Raw Material Warehouse - Lamination Bay | Reason: Return excess stator laminations after yield adjustment MO batch 256. | Note: Material received and acknowledged at destination.
257,MO202600000257,2027-02-12,7,3,2,3,8,2027-02-12,11,2027-02-12,Issued,Type: Stores to Production | Priority: Urgent | From: Electrical Store - Sleeve Bin | To: Harness Preparation Cell | Reason: Issue insulation sleeves for winding rework batch MO batch 257. | Note: Material issued from source area; receipt confirmation pending.
258,MO202600000258,2027-02-13,8,4,2,5,1,2027-02-13,5,2027-02-13,Partially Received,Type: Stores to Maintenance | Priority: Medium | From: Safety Stock Room | To: Shutdown Maintenance Cage | Reason: Move safety relays for shutdown replacement MO batch 258. | Note: Partial receipt recorded; balance pending verification.
259,MO202600000259,2027-02-14,10,5,3,5,10,2027-02-14,,,Approved,Type: Production to Quality | Priority: High | From: Rotor Assembly Line 2 | To: Quality Hold Area | Reason: Move rotor assemblies for balancing audit MO batch 259. | Note: Approved and waiting for movement team assignment.
260,MO202600000260,2027-02-15,13,6,5,6,,,,,Pending Approval,Type: Production to Finished Goods | Priority: Urgent | From: Packing Line - Motor Cell | To: Finished Goods Warehouse - Dispatch Ready Bay | Reason: Move motors after end-of-line test release MO batch 260. | Note: Awaiting department approval before material handling.
261,MO202600000261,2027-02-16,3,2,6,6,,,,,Draft,Type: Finished Goods to Dispatch | Priority: Low | From: Finished Goods Warehouse - Dispatch Ready Bay | To: Export Packing Bay | Reason: Stage motors for customer pickup MO batch 261. | Note: Draft prepared for supervisor review.
262,MO202600000262,2027-02-17,13,6,3,4,,,,,Cancelled,Type: Inter-Department Transfer | Priority: High | From: Rework Cell - Stator Bay | To: Rework Cell - Rotor Balancing | Reason: Transfer buffer material to assembly supermarket MO batch 262. | Note: Cancelled due to revised production or dispatch priority.
263,MO202600000263,2027-02-18,4,2,5,2,8,2027-02-18,3,2027-02-18,Received,Type: Return to Stores | Priority: Medium | From: Final Assembly Changeover Trolley | To: Electrical Store - Connector Bin | Reason: Return unused connector sets after harness change MO batch 263. | Note: Material received and acknowledged at destination.
264,MO202600000264,2027-02-19,1,1,2,3,1,2027-02-19,,,Approved,Type: Stores to Production | Priority: Medium | From: Raw Material Warehouse - Fastener Rack | To: Assembly Line Feed Bay | Reason: Transfer fastener kits for motor assembly plan MO batch 264. | Note: Approved and waiting for movement team assignment.
265,MO202600000265,2027-02-20,3,2,2,5,10,2027-02-20,11,2027-02-20,Issued,Type: Stores to Maintenance | Priority: Urgent | From: Electrical Store - Breaker Bin | To: Utility Repair Bench | Reason: Issue contactors for assembly line repair MO batch 265. | Note: Material issued from source area; receipt confirmation pending.
266,MO202600000266,2027-02-21,5,1,3,5,8,2027-02-21,5,2027-02-21,Received,Type: Production to Quality | Priority: Medium | From: Final Test Area | To: NVH Audit Bench | Reason: Move motors for noise and vibration audit MO batch 266. | Note: Material received and acknowledged at destination.
267,MO202600000267,2027-02-22,8,4,5,6,1,2027-02-22,3,2027-02-22,Issued,Type: Production to Finished Goods | Priority: High | From: Quality Release Area | To: Finished Goods Warehouse - Audit Hold Rack | Reason: Move quality-released motors into finished goods storage MO batch 267. | Note: Material issued from source area; receipt confirmation pending.
268,MO202600000268,2027-02-23,10,5,6,6,10,2027-02-23,7,2027-02-23,Partially Received,Type: Finished Goods to Dispatch | Priority: Urgent | From: Finished Goods Warehouse - Customer Hold Rack | To: Customer Pickup Bay | Reason: Move dispatch-ready motors for vehicle loading MO batch 268. | Note: Partial receipt recorded; balance pending verification.
269,MO202600000269,2027-02-24,8,4,3,4,8,2027-02-24,,,Approved,Type: Inter-Department Transfer | Priority: Low | From: Production Utility Panel Area | To: Line Support Store | Reason: Move tagged assemblies for cross-line recovery MO batch 269. | Note: Approved and waiting for movement team assignment.
270,MO202600000270,2027-02-25,11,5,5,2,,,,,Pending Approval,Type: Return to Stores | Priority: High | From: Maintenance Return Counter | To: Maintenance Spares Cage | Reason: Return serviceable spares after maintenance closure MO batch 270. | Note: Awaiting department approval before material handling.
271,MO202600000271,2027-02-26,9,4,2,3,,,,,Draft,Type: Stores to Production | Priority: Medium | From: Raw Material Warehouse - Copper Rack A | To: Stator Winding Line 1 | Reason: Issue copper winding wire for stator production batch MO batch 271. | Note: Draft prepared for supervisor review.
272,MO202600000272,2027-02-27,10,5,2,5,,,,,Cancelled,Type: Stores to Maintenance | Priority: Medium | From: Maintenance Spares Cage | To: Assembly Maintenance Bay | Reason: Transfer bearing puller kit for test bench repair MO batch 272. | Note: Cancelled due to revised production or dispatch priority.
273,MO202600000273,2027-02-28,12,6,3,5,1,2027-02-28,11,2027-02-28,Received,Type: Production to Quality | Priority: Urgent | From: Stator Winding Line 1 | To: Assembly Quality Gate | Reason: Move sample stators for insulation resistance testing MO batch 273. | Note: Material received and acknowledged at destination.
274,MO202600000274,2027-03-01,3,2,5,6,10,2027-03-01,,,Approved,Type: Production to Finished Goods | Priority: Medium | From: Final Assembly Line 1 | To: Finished Goods Warehouse - EV Motor Zone | Reason: Transfer completed traction motors after final torque verification MO batch 274. | Note: Approved and waiting for movement team assignment.
275,MO202600000275,2027-03-02,5,1,6,6,8,2027-03-02,3,2027-03-02,Issued,Type: Finished Goods to Dispatch | Priority: High | From: Finished Goods Warehouse - EV Motor Zone | To: Dispatch Staging Dock 1 | Reason: Stage motors for OEM dispatch MO batch 275. | Note: Material issued from source area; receipt confirmation pending.
276,MO202600000276,2027-03-03,3,2,3,4,1,2027-03-03,7,2027-03-03,Received,Type: Inter-Department Transfer | Priority: Urgent | From: Stator Buffer Area | To: Rotor Assembly Feed Bay | Reason: Transfer matched stator sets for rotor pairing MO batch 276. | Note: Material received and acknowledged at destination.
277,MO202600000277,2027-03-04,6,3,5,2,10,2027-03-04,11,2027-03-04,Issued,Type: Return to Stores | Priority: Low | From: Assembly Line Surplus Bin | To: Raw Material Warehouse - Copper Rack A | Reason: Return unused copper wire after order closure MO batch 277. | Note: Material issued from source area; receipt confirmation pending.
278,MO202600000278,2027-03-05,4,2,2,3,8,2027-03-05,5,2027-03-05,Partially Received,Type: Stores to Production | Priority: High | From: Raw Material Warehouse - Lamination Bay | To: Core Stacking Line | Reason: Move stator laminations for core stacking schedule MO batch 278. | Note: Partial receipt recorded; balance pending verification.
279,MO202600000279,2027-03-06,5,1,2,5,1,2027-03-06,,,Approved,Type: Stores to Maintenance | Priority: Medium | From: Tool Crib - Calibration Shelf | To: Preventive Maintenance Bay | Reason: Move torque tools for scheduled calibration MO batch 279. | Note: Approved and waiting for movement team assignment.
280,MO202600000280,2027-03-07,7,3,3,5,,,,,Pending Approval,Type: Production to Quality | Priority: Medium | From: Core Stacking Line | To: Incoming Quality Bay | Reason: Move core stacks for dimensional inspection MO batch 280. | Note: Awaiting department approval before material handling.
281,MO202600000281,2027-03-08,10,5,5,6,,,,,Draft,Type: Production to Finished Goods | Priority: Urgent | From: Final Assembly Line 2 | To: Finished Goods Warehouse - Premium Motor Aisle | Reason: Move auxiliary motors after QA label application MO batch 281. | Note: Draft prepared for supervisor review.
282,MO202600000282,2027-03-09,12,6,6,6,,,,,Cancelled,Type: Finished Goods to Dispatch | Priority: Medium | From: Finished Goods Warehouse - Premium Motor Aisle | To: Dispatch Staging Dock 2 | Reason: Move premium motors for export packing MO batch 282. | Note: Cancelled due to revised production or dispatch priority.
283,MO202600000283,2027-03-10,10,5,3,4,10,2027-03-10,3,2027-03-10,Received,Type: Inter-Department Transfer | Priority: High | From: Winding Line Transfer Rack | To: Rotor Balancing Cell | Reason: Move rework material for balancing support MO batch 283. | Note: Material received and acknowledged at destination.
284,MO202600000284,2027-03-11,13,6,5,2,8,2027-03-11,,,Approved,Type: Return to Stores | Priority: Urgent | From: Winding Line Excess Material Trolley | To: Raw Material Warehouse - Fastener Rack | Reason: Return unused fastener kits after model changeover MO batch 284. | Note: Approved and waiting for movement team assignment.
285,MO202600000285,2027-03-12,11,5,2,3,1,2027-03-12,11,2027-03-12,Issued,Type: Stores to Production | Priority: Low | From: Raw Material Warehouse - Magnet Cage | To: Rotor Assembly Line 1 | Reason: Issue magnet sets for rotor build plan MO batch 285. | Note: Material issued from source area; receipt confirmation pending.
286,MO202600000286,2027-03-13,12,6,2,5,10,2027-03-13,5,2027-03-13,Received,Type: Stores to Maintenance | Priority: High | From: Lubricants Store | To: Motor Test Maintenance Bay | Reason: Issue grease cartridges for preventive maintenance MO batch 286. | Note: Material received and acknowledged at destination.
287,MO202600000287,2027-03-14,1,1,3,5,8,2027-03-14,3,2027-03-14,Issued,Type: Production to Quality | Priority: Medium | From: Impregnation Oven Exit Area | To: Quality Inspection Bay 1 | Reason: Move varnished stators for quality release MO batch 287. | Note: Material issued from source area; receipt confirmation pending.
288,MO202600000288,2027-03-15,5,1,5,6,1,2027-03-15,7,2027-03-15,Partially Received,Type: Production to Finished Goods | Priority: Medium | From: End of Line Test Area | To: Finished Goods Warehouse - Export Hold | Reason: Transfer export motors after packing checklist completion MO batch 288. | Note: Partial receipt recorded; balance pending verification.
289,MO202600000289,2027-03-16,7,3,6,6,10,2027-03-16,,,Approved,Type: Finished Goods to Dispatch | Priority: Urgent | From: Finished Goods Warehouse - Export Hold | To: Dispatch Staging Dock 3 | Reason: Transfer export hold motors for container stuffing MO batch 289. | Note: Approved and waiting for movement team assignment.
290,MO202600000290,2027-03-17,5,1,3,4,,,,,Pending Approval,Type: Inter-Department Transfer | Priority: Medium | From: Core Stacking Output Rack | To: Assembly Supermarket | Reason: Move line support tooling between production areas MO batch 290. | Note: Awaiting department approval before material handling.
291,MO202600000291,2027-03-18,8,4,5,2,,,,,Draft,Type: Return to Stores | Priority: High | From: Core Stacking Excess Rack | To: Raw Material Warehouse - Lamination Bay | Reason: Return excess stator laminations after yield adjustment MO batch 291. | Note: Draft prepared for supervisor review.
292,MO202600000292,2027-03-19,6,3,2,3,,,,,Cancelled,Type: Stores to Production | Priority: Urgent | From: Electrical Store - Sleeve Bin | To: Harness Preparation Cell | Reason: Issue insulation sleeves for winding rework batch MO batch 292. | Note: Cancelled due to revised production or dispatch priority.
293,MO202600000293,2027-03-20,7,3,2,5,8,2027-03-20,11,2027-03-20,Received,Type: Stores to Maintenance | Priority: Low | From: Safety Stock Room | To: Shutdown Maintenance Cage | Reason: Move safety relays for shutdown replacement MO batch 293. | Note: Material received and acknowledged at destination.
294,MO202600000294,2027-03-21,9,4,3,5,1,2027-03-21,,,Approved,Type: Production to Quality | Priority: High | From: Rotor Assembly Line 2 | To: Quality Hold Area | Reason: Move rotor assemblies for balancing audit MO batch 294. | Note: Approved and waiting for movement team assignment.
295,MO202600000295,2027-03-22,12,6,5,6,10,2027-03-22,3,2027-03-22,Issued,Type: Production to Finished Goods | Priority: Medium | From: Packing Line - Motor Cell | To: Finished Goods Warehouse - Dispatch Ready Bay | Reason: Move motors after end-of-line test release MO batch 295. | Note: Material issued from source area; receipt confirmation pending.
296,MO202600000296,2027-03-23,1,1,6,6,8,2027-03-23,7,2027-03-23,Received,Type: Finished Goods to Dispatch | Priority: Medium | From: Finished Goods Warehouse - Dispatch Ready Bay | To: Export Packing Bay | Reason: Stage motors for customer pickup MO batch 296. | Note: Material received and acknowledged at destination.
297,MO202600000297,2027-03-24,12,6,3,4,1,2027-03-24,11,2027-03-24,Issued,Type: Inter-Department Transfer | Priority: Urgent | From: Rework Cell - Stator Bay | To: Rework Cell - Rotor Balancing | Reason: Transfer buffer material to assembly supermarket MO batch 297. | Note: Material issued from source area; receipt confirmation pending.
298,MO202600000298,2027-03-25,3,2,5,2,10,2027-03-25,5,2027-03-25,Partially Received,Type: Return to Stores | Priority: Medium | From: Final Assembly Changeover Trolley | To: Electrical Store - Connector Bin | Reason: Return unused connector sets after harness change MO batch 298. | Note: Partial receipt recorded; balance pending verification.
299,MO202600000299,2027-03-26,13,6,2,3,8,2027-03-26,,,Approved,Type: Stores to Production | Priority: High | From: Raw Material Warehouse - Fastener Rack | To: Assembly Line Feed Bay | Reason: Transfer fastener kits for motor assembly plan MO batch 299. | Note: Approved and waiting for movement team assignment.
300,MO202600000300,2027-03-27,1,1,2,5,,,,,Pending Approval,Type: Stores to Maintenance | Priority: Urgent | From: Electrical Store - Breaker Bin | To: Utility Repair Bench | Reason: Issue contactors for assembly line repair MO batch 300. | Note: Awaiting department approval before material handling.
